id,hc.ptsd.mtbi.groups.4groups,tbi.diagnosis,ptsd.diagnosis,ctq_diagnosis_total,rpq13_total,pcl_total,ctq_totalscore,ctq_diagnosis_emo_score,ctq_diagnosis_phys_score,ctq_diagnosis_sex_score,ctq_diagnosis_emoneg_score,ctq_diagnosis_physneg_score,age,gender,race,audit_10_score,phq9_score,ctq_emo_score,ctq_phys_score,ctq_sex_score,ctq_emoneg_score,ctq_physneg_score,t_af_left.fa1.mean,t_af_right.fa1.mean,t_cb_left.fa1.mean,t_cb_right.fa1.mean,t_cc1.fa1.mean,t_cc2.fa1.mean,t_cc3.fa1.mean,t_cc4.fa1.mean,t_cc5.fa1.mean,t_cc6.fa1.mean,t_cc7.fa1.mean,t_ilf_left.fa1.mean,t_ilf_right.fa1.mean,t_ioff_left.fa1.mean,t_ioff_right.fa1.mean,t_uf_left.fa1.mean,t_uf_right.fa1.mean,t_slf.iii_left.fa1.mean,t_slf.iii_right.fa1.mean,t_slf.ii_left.fa1.mean,t_slf.ii_right.fa1.mean,t_slf.i_left.fa1.mean,t_slf.i_right.fa1.mean,t_af_left.tensor1.meandiffusivity.mean,t_af_right.tensor1.meandiffusivity.mean,t_cb_left.tensor1.meandiffusivity.mean,t_cb_right.tensor1.meandiffusivity.mean,t_cc1.tensor1.meandiffusivity.mean,t_cc2.tensor1.meandiffusivity.mean,t_cc3.tensor1.meandiffusivity.mean,t_cc4.tensor1.meandiffusivity.mean,t_cc5.tensor1.meandiffusivity.mean,t_cc6.tensor1.meandiffusivity.mean,t_cc7.tensor1.meandiffusivity.mean,t_ilf_left.tensor1.meandiffusivity.mean,t_ilf_right.tensor1.meandiffusivity.mean,t_ioff_left.tensor1.meandiffusivity.mean,t_ioff_right.tensor1.meandiffusivity.mean,t_uf_left.tensor1.meandiffusivity.mean,t_uf_right.tensor1.meandiffusivity.mean,t_slf.iii_left.tensor1.meandiffusivity.mean,t_slf.iii_right.tensor1.meandiffusivity.mean,t_slf.ii_left.tensor1.meandiffusivity.mean,t_slf.ii_right.tensor1.meandiffusivity.mean,t_slf.i_left.tensor1.meandiffusivity.mean,t_slf.i_right.tensor1.meandiffusivity.mean,t_af_left.tensor1.maxeigenvalue.mean,t_af_right.tensor1.maxeigenvalue.mean,t_cb_left.tensor1.maxeigenvalue.mean,t_cb_right.tensor1.maxeigenvalue.mean,t_cc1.tensor1.maxeigenvalue.mean,t_cc2.tensor1.maxeigenvalue.mean,t_cc3.tensor1.maxeigenvalue.mean,t_cc4.tensor1.maxeigenvalue.mean,t_cc5.tensor1.maxeigenvalue.mean,t_cc6.tensor1.maxeigenvalue.mean,t_cc7.tensor1.maxeigenvalue.mean,t_ilf_left.tensor1.maxeigenvalue.mean,t_ilf_right.tensor1.maxeigenvalue.mean,t_ioff_left.tensor1.maxeigenvalue.mean,t_ioff_right.tensor1.maxeigenvalue.mean,t_uf_left.tensor1.maxeigenvalue.mean,t_uf_right.tensor1.maxeigenvalue.mean,t_slf.iii_left.tensor1.maxeigenvalue.mean,t_slf.iii_right.tensor1.maxeigenvalue.mean,t_slf.ii_left.tensor1.maxeigenvalue.mean,t_slf.ii_right.tensor1.maxeigenvalue.mean,t_slf.i_left.tensor1.maxeigenvalue.mean,t_slf.i_right.tensor1.maxeigenvalue.mean,t_af_left.tensor1.mineigenvalue.mean,t_af_right.tensor1.mineigenvalue.mean,t_cb_left.tensor1.mineigenvalue.mean,t_cb_right.tensor1.mineigenvalue.mean,t_cc1.tensor1.mineigenvalue.mean,t_cc2.tensor1.mineigenvalue.mean,t_cc3.tensor1.mineigenvalue.mean,t_cc4.tensor1.mineigenvalue.mean,t_cc5.tensor1.mineigenvalue.mean,t_cc6.tensor1.mineigenvalue.mean,t_cc7.tensor1.mineigenvalue.mean,t_ilf_left.tensor1.mineigenvalue.mean,t_ilf_right.tensor1.mineigenvalue.mean,t_ioff_left.tensor1.mineigenvalue.mean,t_ioff_right.tensor1.mineigenvalue.mean,t_uf_left.tensor1.mineigenvalue.mean,t_uf_right.tensor1.mineigenvalue.mean,t_slf.iii_left.tensor1.mineigenvalue.mean,t_slf.iii_right.tensor1.mineigenvalue.mean,t_slf.ii_left.tensor1.mineigenvalue.mean,t_slf.ii_right.tensor1.mineigenvalue.mean,t_slf.i_left.tensor1.mineigenvalue.mean,t_slf.i_right.tensor1.mineigenvalue.mean
SYN_001,Controls,0,No PTSD,2,NA,17,42,0,0,0,0,0,51,1,5,0,0,8,7,5,13,5,0.601619,0.6241949999999999,0.38607,0.400519,0.532447,0.599681,0.638767,0.6554220000000001,0.712229,0.681771,0.680104,0.496501,0.505337,0.56912,0.623132,0.435491,0.444046,0.542261,0.542559,0.5020720000000001,0.562322,0.511927,0.4997319999999999,6.68e-4,6.27e-4,7.42e-4,6.96e-4,7.99e-4,6.96e-4,6.77e-4,6.73e-4,6.57e-4,7.05e-4,7.09e-4,7.4e-4,7.0599999999999e-4,6.65e-4,6.46e-4,6.69e-4,6.95e-4,6.97e-4,6.74e-4,6.81e-4,6.51e-4,7.09e-4,7.03e-4,0.00123699999999999,0.001119,0.001123,0.00110999999999999,0.001316,0.001265,0.001279,0.001317,0.001301,0.001408,0.001414,0.001118,0.001223,0.001234,0.001289,0.00102799999999999,0.001102,0.001212,0.001153,0.00119499999999999,0.001145,0.00115399999999999,0.001143,3.62e-4,3.45e-4,5.7e-4,5.38e-4,5.11e-4,3.93e-4,3.66e-4,3.52e-4,3.29e-4,3.48e-4,3.6e-4,4.81e-4,4.45e-4,4.3799999999999e-4,3.56e-4,5.02e-4,5.11e-4,4.19e-4,4.17e-4,4.2199999999999e-4,3.97e-4,5.04e-4,4.6699999999999e-4
SYN_002,Controls,0,No PTSD,0,NA,25,29,0,0,0,0,0,28,2,5,8,2,5,5,5,6,9,0.645713,0.591298,0.400246,0.386791,0.537241,0.602049,0.622081,0.616777,0.640129,0.655425,0.659421,0.49891899999999995,0.520396,0.666033,0.639641,0.485001,0.5193369999999999,0.570121,0.545903,0.587009,0.591095,0.511638,0.513882,7.19e-4,6.95e-4,7.68e-4,7.24e-4,7.7699999999999e-4,6.97e-4,6.74e-4,6.97e-4,7.0199999999999e-4,6.97e-4,7.35e-4,7e-4,6.78e-4,6.72e-4,6.36e-4,7.04e-4,6.88e-4,6.27e-4,6.9e-4,7.26e-4,6.55e-4,7.79e-4,7.76e-4,0.001265,0.001186,0.00115399999999999,0.001117,0.001398,0.001272,0.001299,0.001374,0.001292,0.001449,0.001421,0.00116199999999999,0.001205,0.00135,0.00122,0.001073,0.001223,0.001196,0.001151,0.001234,0.001224,0.001216,0.001263,3.36e-4,3.91e-4,5.6e-4,6.07e-4,4.86e-4,4.1799999999999e-4,3.66e-4,3.94e-4,3.3e-4,3.71e-4,3.88e-4,4.79e-4,4.62e-4,3.35e-4,3.7799999999999e-4,4.6699999999999e-4,4.52e-4,4.07e-4,4.19e-4,4.16e-4,3.75e-4,5.11e-4,4.98e-4
SYN_003,mTBI-only,1,No PTSD,2,9,18,41,0,0,0,0,0,51,1,5,1,7,7,5,7,5,5,0.4962069999999999,0.472509,0.3648050000000001,0.325131,0.362084,0.5352600000000001,0.643085,0.598432,0.581338,0.596904,0.586906,0.421486,0.491798,0.55031,0.553074,0.4145430000000001,0.440613,0.444976,0.400946,0.490701,0.4822149999999999,0.407675,0.394281,6.76e-4,6.57e-4,7.13e-4,7.01e-4,7.96e-4,7.15e-4,6.62e-4,6.36e-4,6.28e-4,6.3e-4,6.25e-4,7.76e-4,6.3099999999999e-4,6.51e-4,6.47e-4,7.16e-4,6.66e-4,6.9e-4,7.23e-4,6.51e-4,6.66e-4,7.2e-4,7.73e-4,0.001042,0.001103,0.001047,9.39e-4,0.001137,0.001213,0.001191,0.001143,0.001102,0.001174,0.001117,0.001135,0.001044,0.00112799999999999,0.001112,0.001045,0.001076,0.001076,0.001107,0.001078,0.001064,0.001073,9.96e-4,4.36e-4,4.71e-4,5.66e-4,5.46e-4,5.91e-4,4.57e-4,3.41e-4,3.89e-4,4e-4,4.2699999999999e-4,3.47e-4,5.45e-4,4.5599999999999e-4,3.93e-4,3.9e-4,5.03e-4,4.83e-4,4.9699999999999e-4,4.98e-4,4.28e-4,4.7999999999999e-4,5.37e-4,5.13e-4
SYN_004,mTBI-only,1,No PTSD,0,1,19,25,0,0,0,0,0,23,1,5,6,2,5,5,5,5,5,0.666934,0.6182,0.493785,0.46961099999999995,0.544266,0.6093689999999999,0.6236970000000001,0.6689039999999999,0.653327,0.6833899999999999,0.707426,0.5634140000000001,0.552613,0.631414,0.5969180000000001,0.499074,0.43371,0.5839439999999999,0.602218,0.5891529999999999,0.562507,0.4625,0.46388,6.72e-4,6.45e-4,7.03e-4,7.44e-4,7.84e-4,7.34e-4,6.82e-4,6.25e-4,6.9299999999999e-4,6.82e-4,7.05e-4,7.12e-4,7.28e-4,6.62e-4,6.67e-4,6.54e-4,7.09e-4,6.63e-4,6.55e-4,6.51e-4,6.15e-4,7.9e-4,7.89e-4,0.001307,0.001254,0.001191,0.001126,0.001399,0.00131,0.001323,0.00135999999999999,0.001344,0.001385,0.00147,0.001221,0.001219,0.00123699999999999,0.001221,0.001057,0.001104,0.001192,0.00125,0.001206,0.001174,0.001263,0.001171,3.08e-4,3.65e-4,4.9e-4,4.6399999999999e-4,4.8499999999999e-4,4.11e-4,3.88e-4,3.44e-4,3.59e-4,3.5e-4,3.24e-4,4.39e-4,4.41e-4,3.5499999999999e-4,4.0199999999999e-4,4.41e-4,5.17e-4,4.2e-4,3.76e-4,4.07e-4,4.42e-4,5.6e-4,5.21e-4
SYN_005,mTBI-only,1,No PTSD,0,0,17,25,0,0,0,0,0,22,2,5,3,0,5,5,5,5,5,0.6406,0.619855,0.389293,0.365144,0.564443,0.630421,0.641035,0.644332,0.631904,0.664501,0.6870430000000001,0.522841,0.552122,0.642842,0.620632,0.426301,0.388887,0.598206,0.6122920000000001,0.579825,0.588159,0.5192829999999999,0.478641,6.53e-4,6.45e-4,7.36e-4,7.55e-4,7.22e-4,7.2e-4,6.99e-4,7.15e-4,6.9299999999999e-4,7.29e-4,7.44e-4,7.11e-4,6.7e-4,6.29e-4,6.66e-4,7.09e-4,6.97e-4,6.85e-4,6.37e-4,7.0599999999999e-4,6.57e-4,7.69e-4,7.45e-4,0.001224,0.001231,0.001126,0.001085,0.00130399999999999,0.001291,0.001331,0.001357,0.001296,0.00145299999999999,0.00139,0.001223,0.001208,0.001263,0.001225,0.001089,0.001059,0.001261,0.001236,0.001185,0.001254,0.001285,0.001215,3.49e-4,3.6899999999999e-4,5.84e-4,5.52e-4,4.57e-4,3.7999999999999e-4,3.66e-4,3.5099999999999e-4,3.87e-4,3.61e-4,3.52e-4,4.5999999999999e-4,4.1e-4,3.59e-4,3.75e-4,5.46e-4,5.32e-4,3.88e-4,3.57e-4,4.25e-4,4.1799999999999e-4,4.88e-4,5.09e-4
SYN_006,Controls,0,No PTSD,0,NA,17,26,0,0,0,0,0,52,2,4,2,1,5,5,5,6,5,0.652084,0.586388,0.339624,0.402963,0.528276,0.599723,0.637109,0.625654,0.631181,0.675751,0.679569,0.521708,0.491673,0.6466649999999999,0.675662,0.4806109999999999,0.41131899999999993,0.579021,0.5464600000000001,0.591441,0.513638,0.466224,0.478196,6.88e-4,6.71e-4,8.0299999999999e-4,7.18e-4,8.2899999999999e-4,7.34e-4,6.84e-4,6.88e-4,7.07e-4,7.28e-4,7.0999999999999e-4,6.83e-4,7.36e-4,6.45e-4,6.76e-4,7.01e-4,7.09e-4,6.4899999999999e-4,6.83e-4,7.04e-4,6.82e-4,7.73e-4,7.39e-4,0.001309,0.001214,0.001085,0.001109,0.001347,0.001318,0.001361,0.001258,0.001344,0.00141,0.00141,0.001219,0.001209,0.001287,0.00130399999999999,0.00121099999999999,0.001108,0.0012,0.001192,0.001197,0.001249,0.001256,0.001233,3.34e-4,3.73e-4,6.38e-4,5.38e-4,4.99e-4,4.0899999999999e-4,3.75e-4,3.7799999999999e-4,3.67e-4,3.6e-4,3.43e-4,4.62e-4,4.9e-4,3.56e-4,3.06e-4,4.79e-4,5.82e-4,4.08e-4,4.37e-4,4.11e-4,4.63e-4,5.53e-4,5.02e-4
SYN_007,Comorbid mTBI+PTSD,1,PTSD,2,15,31,49,1,0,0,1,0,50,1,5,0,6,14,7,5,17,9,0.457196,0.477558,0.379816,0.378408,0.387968,0.592625,0.629163,0.606108,0.575344,0.616826,0.613654,0.468908,0.520396,0.531626,0.588938,0.449788,0.451924,0.494721,0.433796,0.487459,0.460427,0.417371,0.397965,6.83e-4,6.74e-4,7.36e-4,7.18e-4,6.59e-4,6.2e-4,6.64e-4,5.78e-4,6.19e-4,6e-4,5.78e-4,6.65e-4,6.67e-4,6.92e-4,6.55e-4,6.3899999999999e-4,7.15e-4,7.12e-4,6.78e-4,6.75e-4,6.96e-4,7.33e-4,6.5e-4,0.001062,0.001027,0.001024,9.88e-4,0.001062,0.001171,0.001275,0.001091,0.001141,0.001142,0.001083,0.001172,0.001174,0.0012,0.001112,0.001041,0.001059,0.001008,0.001056,0.001105,0.00113,0.00102799999999999,0.001084,4.69e-4,4.74e-4,5.2e-4,5.56e-4,5.0599999999999e-4,3.74e-4,3.5299999999999e-4,3.87e-4,4e-4,3.83e-4,3.67e-4,4.53e-4,4.29e-4,4.69e-4,3.72e-4,4.6699999999999e-4,4.75e-4,5e-4,4.7e-4,4.3e-4,4.89e-4,5e-4,5.35e-4
SYN_008,Comorbid mTBI+PTSD,1,PTSD,2,2,51,95,1,1,1,1,1,58,2,4,0,12,25,22,15,22,16,0.645093,0.628923,0.34526399999999996,0.37955,0.581272,0.623913,0.661683,0.673037,0.67361,0.686651,0.707959,0.60525,0.567068,0.671157,0.703608,0.5358539999999999,0.517249,0.605052,0.610189,0.566236,0.5805819999999999,0.5729069999999999,0.496428,6.2e-4,6.19e-4,7.5099999999999e-4,7.21e-4,6.69e-4,6.9e-4,6.18e-4,6.38e-4,6.66e-4,5.98e-4,6.95e-4,6e-4,6.15e-4,6.83e-4,6.74e-4,6.38e-4,6.18e-4,6.4e-4,6.2e-4,6e-4,6.27e-4,5.63e-4,7.25e-4,0.001232,0.001112,0.001063,9.67e-4,0.00108,0.001264,0.00124,0.00129799999999999,0.001285,0.00133699999999999,0.00139,0.001235,0.001155,0.001274,0.001338,0.001158,0.001062,0.00122599999999999,0.001116,0.001138,0.001209,0.001072,0.00116,3.36e-4,3.36e-4,5.88e-4,5.95e-4,4.32e-4,3.68e-4,3.35e-4,3.12e-4,3.38e-4,3.1099999999999e-4,2.98e-4,4.01e-4,3.83e-4,3.15e-4,3.02e-4,4.07e-4,4.55e-4,3.63e-4,3.76e-4,4.04e-4,3.73e-4,4.01e-4,5.05e-4
SYN_009,Controls,0,No PTSD,2,NA,17,37,0,0,0,0,0,20,2,5,3,0,6,5,5,5,5,0.6531170000000001,0.621526,0.4212979999999999,0.382575,0.578266,0.6252770000000001,0.650135,0.627698,0.614054,0.696344,0.7012470000000001,0.60525,0.572549,0.671157,0.629851,0.505682,0.456603,0.569576,0.6122920000000001,0.619093,0.590727,0.54061,0.551666,6.64e-4,6.44e-4,7.5e-4,7.34e-4,7.24e-4,6.95e-4,6.76e-4,6.79e-4,6.79e-4,6.92e-4,6.68e-4,6.56e-4,6.44e-4,6.3099999999999e-4,6.92e-4,6.63e-4,7.36e-4,6.85e-4,6.58e-4,6.3499999999999e-4,5.99e-4,7.34e-4,6.97e-4,0.001267,0.00119499999999999,0.001116,0.001081,0.00138,0.001327,0.001382,0.001295,0.00134,0.001428,0.001312,0.001272,0.001163,0.00126199999999999,0.001284,0.001145,0.001107,0.001269,0.001255,0.001256,0.001246,0.001174,0.001233,3.3999999999999e-4,3.5e-4,5.44e-4,5.65e-4,4.6699999999999e-4,3.92e-4,3.68e-4,3.74e-4,3.83e-4,3.1099999999999e-4,3.27e-4,4.01e-4,4.08e-4,3.37e-4,3.65e-4,4.46e-4,5e-4,3.9e-4,3.67e-4,3.59e-4,3.54e-4,4.6699999999999e-4,4e-4
SYN_010,Controls,0,No PTSD,0,NA,23,30,0,0,0,0,0,65,2,4,0,1,6,5,5,6,9,0.611318,0.617771,0.394597,0.410551,0.43094799999999994,0.5590430000000001,0.6048140000000001,0.625695,0.63781,0.668304,0.679841,0.477919,0.436855,0.618218,0.589052,0.449788,0.484501,0.527219,0.529328,0.518239,0.6133460000000001,0.49891,0.523781,6.33e-4,6.3e-4,7.58e-4,7.25e-4,7.94e-4,7.32e-4,6.77e-4,6.86e-4,7.07e-4,6.9e-4,7.3e-4,6.92e-4,6.47e-4,6.8899999999999e-4,6.68e-4,7.0599999999999e-4,7.08e-4,6.28e-4,6.8899999999999e-4,7.66e-4,7.07e-4,7.29e-4,7.01e-4,0.001253,0.001207,0.001058,0.001058,0.00126,0.001366,0.001197,0.001188,0.001308,0.001407,0.001357,0.001134,0.001149,0.001259,0.001152,0.001063,0.001099,0.001107,0.00113,0.001164,0.001212,0.001181,0.00125,3.65e-4,3.6899999999999e-4,5.79e-4,4.7699999999999e-4,5.76e-4,4.57e-4,3.91e-4,3.8199999999999e-4,3.68e-4,3.41e-4,3.7999999999999e-4,5.15e-4,5.13e-4,3.63e-4,3.98e-4,5.26e-4,4.46e-4,4.01e-4,4.28e-4,4.12e-4,3.94e-4,4.83e-4,4.57e-4
SYN_011,Controls,0,No PTSD,0,NA,17,33,0,0,0,0,0,43,2,5,0,0,6,5,5,8,6,0.697882,0.708372,0.584477,0.52789,0.695628,0.753494,0.72593,0.78993,0.778305,0.794437,0.845973,0.591327,0.574909,0.727986,0.7277710000000001,0.616725,0.575753,0.669787,0.719805,0.6395390000000001,0.601288,0.570779,0.605318,6.12e-4,5.78e-4,5.03e-4,5.2e-4,7.69e-4,5.91e-4,6.11e-4,5.43e-4,5.87e-4,6.5e-4,7.4699999999999e-4,6.56e-4,6.3899999999999e-4,6.45e-4,6.59e-4,5.8099999999999e-4,6.38e-4,6.29e-4,6.34e-4,5.98e-4,6.09e-4,6.9299999999999e-4,6.42e-4,0.00126199999999999,0.001188,0.001023,9.86e-4,0.001665,0.001511,0.00127799999999999,0.001215,0.00144,0.001537,0.001775,0.001133,0.001208,0.001327,0.001394,0.001092,0.001067,0.00123699999999999,0.001246,0.00117,0.001138,0.001151,0.001221,2.75e-4,2.53e-4,2.94e-4,3.47e-4,2.8199999999999e-4,2.56e-4,2.6e-4,2e-4,1.98e-4,2.12e-4,1.67e-4,3.39e-4,2.8e-4,2.79e-4,2.68e-4,3.39e-4,3.5499999999999e-4,3.03e-4,2.78e-4,2.91e-4,3.6e-4,4.25e-4,2.8e-4
SYN_012,Controls,0,No PTSD,0,NA,18,27,0,0,0,0,0,26,2,5,3,1,5,6,5,5,6,0.6216020000000001,0.597417,0.337989,0.369423,0.543647,0.602325,0.638451,0.632794,0.648463,0.6617460000000001,0.647771,0.487017,0.500948,0.608143,0.61429,0.428254,0.440613,0.58216,0.554098,0.5792619999999999,0.5525140000000001,0.471006,0.452082,6.86e-4,6.76e-4,8.31e-4,7.55e-4,7.67e-4,7.18e-4,6.82e-4,7.01e-4,7.12e-4,7.14e-4,7.5099999999999e-4,7.0599999999999e-4,6.82e-4,6.95e-4,6.46e-4,7.3799999999999e-4,6.67e-4,6.59e-4,6.98e-4,6.86e-4,7.3799999999999e-4,8.02e-4,7.37e-4,0.001196,0.001218,0.00108,0.001091,0.001354,0.00129299999999999,0.001282,0.00122899999999999,0.001238,0.001396,0.001397,0.001205,0.001213,0.001264,0.001216,0.00108,0.001142,0.001243,0.001199,0.001168,0.001114,0.001135,0.00121,3.68e-4,3.79e-4,6.18e-4,5.95e-4,4.71e-4,4.1799999999999e-4,3.75e-4,3.6899999999999e-4,3.71e-4,3.5299999999999e-4,3.88e-4,4.7e-4,4.23e-4,4.13e-4,3.56e-4,5.18e-4,4.9699999999999e-4,3.98e-4,4.37e-4,4e-4,4.48e-4,5.5e-4,5.1399999999999e-4
SYN_013,Comorbid mTBI+PTSD,1,PTSD,0,50,75,28,0,0,0,0,0,29,1,5,0,20,6,5,5,5,6,0.611308,0.579084,0.44667299999999993,0.392435,0.497595,0.605893,0.633614,0.63169,0.608122,0.6705260000000001,0.682582,0.519007,0.509009,0.62043,0.631053,0.435205,0.448405,0.598332,0.526734,0.58531,0.542801,0.530505,0.431821,6.59e-4,6.83e-4,7.57e-4,7.75e-4,8.81e-4,7.23e-4,6.76e-4,6.38e-4,7.2e-4,7.09e-4,7.04e-4,7.52e-4,7.2e-4,6.65e-4,6.67e-4,7.0999999999999e-4,6.98e-4,6.5199999999999e-4,6.46e-4,7.05e-4,7.05e-4,7.44e-4,7.96e-4,0.00129,0.00126199999999999,0.001156,0.001126,0.001357,0.001348,0.001254,0.001354,0.001366,0.001415,0.001466,0.00119,0.00124,0.0013,0.001221,0.00109,0.0011,0.001247,0.00117699999999999,0.001212,0.001215,0.001265,0.001184,3.93e-4,4.1799999999999e-4,5.52e-4,5.74e-4,5.2699999999999e-4,4.0599999999999e-4,3.73e-4,3.71e-4,4.12e-4,3.57e-4,3.57e-4,4.75e-4,4.94e-4,3.85e-4,3.43e-4,5.0999999999999e-4,5.08e-4,3.7999999999999e-4,4.5599999999999e-4,4.04e-4,4.44e-4,4.44e-4,5.88e-4
SYN_014,Controls,0,No PTSD,0,NA,17,25,0,0,0,0,0,18,1,2,0,2,5,5,5,5,5,0.720579,0.684316,0.5249739999999999,0.557665,0.752019,0.764875,0.721068,0.771113,0.82687,0.8210770000000001,0.8750479999999999,0.662154,0.6865439999999999,0.72168,0.730011,0.635549,0.6171800000000001,0.771069,0.705038,0.7101649999999999,0.637143,0.56942,0.6033569999999999,6.24e-4,6.11e-4,5.71e-4,5.46e-4,7.0199999999999e-4,6.84e-4,5.93e-4,5.47e-4,5.7e-4,6.6e-4,7.9e-4,5.76e-4,5.86e-4,6.55e-4,6.69e-4,5.6399999999999e-4,6.2599999999999e-4,6.1299999999999e-4,6.42e-4,6.2e-4,6.23e-4,6.36e-4,6.1e-4,0.0013,0.001202,0.001068,9.23e-4,0.001689,0.001539,0.00132899999999999,0.001236,0.001379,0.001518,0.001998,0.00128,0.001242,0.001506,0.00151,0.001047,0.001152,0.001266,0.001352,0.00141,0.0012,0.001182,0.001129,2.43e-4,2.98e-4,3.25e-4,3.16e-4,2.51e-4,2.1e-4,2.8199999999999e-4,2.07e-4,1.88e-4,1.92e-4,1.38e-4,3.05e-4,3.04e-4,2.79e-4,2.5699999999999e-4,2.69e-4,3.41e-4,2.49e-4,2.5e-4,2.93e-4,3.41e-4,4.25e-4,3.6e-4
SYN_015,PTSD-only,0,PTSD,2,NA,32,66,1,1,1,0,1,53,1,5,0,5,19,16,9,12,12,0.636636,0.601619,0.416059,0.369361,0.521273,0.578442,0.610043,0.624831,0.613147,0.671177,0.6828890000000001,0.535313,0.506054,0.637574,0.595737,0.400792,0.451253,0.527219,0.575142,0.5793229999999999,0.540886,0.47166099999999994,0.446697,6.56e-4,6.66e-4,7.45e-4,7.44e-4,7.5599999999999e-4,7.26e-4,6.92e-4,6.53e-4,7.26e-4,7.21e-4,7.35e-4,7.23e-4,7.04e-4,6.66e-4,6.74e-4,7.15e-4,7.07e-4,6.65e-4,6.54e-4,6.72e-4,6.84e-4,7.5099999999999e-4,7.44e-4,0.001305,0.001194,0.001178,0.001077,0.001351,0.001246,0.001222,0.001292,0.001348,0.001374,0.001428,0.001258,0.001186,0.001271,0.001221,0.001033,0.001055,0.001161,0.001199,0.001215,0.001183,0.001188,0.001222,3.58e-4,3.91e-4,5.41e-4,5.15e-4,5.35e-4,4.3099999999999e-4,3.86e-4,3.74e-4,4.19e-4,3.28e-4,3.63e-4,4.7e-4,5.15e-4,3.6e-4,4.0199999999999e-4,5.43e-4,5.13e-4,4.65e-4,4.05e-4,4.15e-4,4.4e-4,4.89e-4,5.35e-4
SYN_016,mTBI-only,1,No PTSD,0,9,23,29,0,0,0,0,0,56,2,2,4,2,6,5,5,8,5,0.630142,0.610426,0.473803,0.440608,0.505965,0.6084069999999999,0.637625,0.641129,0.654567,0.711448,0.692368,0.5517479999999999,0.556318,0.638975,0.677712,0.441859,0.473376,0.594395,0.5816720000000001,0.6019680000000001,0.5801609999999999,0.545402,0.499015,6.48e-4,6.55e-4,6.99e-4,6.99e-4,7.74e-4,7.17e-4,6.66e-4,6.73e-4,6.81e-4,6.7e-4,6.94e-4,6.74e-4,7.12e-4,6.62e-4,6.36e-4,7.01e-4,6.87e-4,6.3e-4,6.8899999999999e-4,7.04e-4,6.6e-4,6.92e-4,7.03e-4,0.00120299999999999,0.001232,0.00109499999999999,0.001034,0.001316,0.001331,0.001258,0.001334,0.00134499999999999,0.001392,0.001428,0.001106,0.00122,0.001273,0.00130399999999999,0.00109,0.001076,0.001217,0.001163,0.001208,0.001186,0.001288,0.001131,3.54e-4,3.85e-4,4.9e-4,4.99e-4,5.11e-4,4.08e-4,3.7799999999999e-4,3.58e-4,3.45e-4,3.12e-4,3.58e-4,4.23e-4,4.39e-4,3.47e-4,3.04e-4,5.11e-4,4.78e-4,3.72e-4,3.7999999999999e-4,3.9e-4,4.14e-4,4.57e-4,5.11e-4
SYN_017,Controls,0,No PTSD,0,0,17,26,0,0,0,0,0,47,2,4,1,0,5,6,5,5,5,0.59522,0.547871,0.330702,0.385345,0.499838,0.541691,0.534121,0.624325,0.5911649999999999,0.649176,0.648478,0.492807,0.499471,0.6202439999999999,0.650094,0.401649,0.468842,0.575504,0.546505,0.5903729999999999,0.57992,0.480259,0.422905,6.77e-4,6.65e-4,8.02e-4,7.5999999999999e-4,8.1e-4,9.74e-4,7.85e-4,6.75e-4,7.2e-4,7.07e-4,7.5099999999999e-4,7.35e-4,7.14e-4,5.95e-4,5.98e-4,7.2e-4,6.95e-4,6.53e-4,6.96e-4,6.9299999999999e-4,6.47e-4,7.5099999999999e-4,7.91e-4,0.001185,0.001174,0.00116199999999999,0.001118,0.001299,0.001366,0.001294,0.001254,0.001307,0.001471,0.001415,0.00126,0.00113,0.001281,0.001251,0.001097,0.0011,0.001219,0.00117,0.001236,0.001161,0.001301,0.001222,4.03e-4,4.23e-4,6.07e-4,5.41e-4,5.21e-4,4.57e-4,5.09e-4,3.83e-4,4.0599999999999e-4,3.5299999999999e-4,3.79e-4,4.95e-4,4.63e-4,3.7e-4,3.05e-4,5.36e-4,4.8499999999999e-4,4.1e-4,4.2199999999999e-4,4.11e-4,3.85e-4,5.22e-4,5.4e-4
SYN_018,Controls,0,No PTSD,2,0,22,53,1,0,0,1,0,45,1,5,3,1,13,9,5,21,9,0.619276,0.60211,0.43452,0.418795,0.485467,0.582909,0.650522,0.6553939999999999,0.6359,0.687723,0.7086720000000001,0.545571,0.553733,0.683398,0.675143,0.548164,0.505188,0.625058,0.555445,0.566721,0.572692,0.492161,0.490986,6.56e-4,6.71e-4,7.36e-4,7.0199999999999e-4,7.8e-4,6.83e-4,6.78e-4,6.5199999999999e-4,6.84e-4,6.72e-4,6.88e-4,6.65e-4,7.25e-4,6.51e-4,6.4899999999999e-4,7.05e-4,7.18e-4,6.4899999999999e-4,6.57e-4,6.58e-4,6.7e-4,7.5999999999999e-4,7.57e-4,0.001263,0.001215,9.84e-4,0.001057,0.001316,0.00119499999999999,0.001271,0.001294,0.0013,0.001365,0.001451,0.00124,0.001152,0.001328,0.001275,0.00110999999999999,0.001098,0.001178,0.001111,0.001123,0.001174,0.001093,0.001187,3.5e-4,3.73e-4,5.75e-4,5.28e-4,5.32e-4,4.41e-4,3.28e-4,3.81e-4,3.68e-4,3.39e-4,3.08e-4,4.23e-4,4.39e-4,3.14e-4,3.04e-4,4.05e-4,4.5099999999999e-4,3.23e-4,3.76e-4,4.1799999999999e-4,3.74e-4,4.79e-4,4.95e-4
SYN_019,mTBI-only,1,No PTSD,2,20,37,107,1,1,1,1,1,45,1,5,6,1,22,25,19,20,20,0.6920430000000001,0.7058760000000001,0.615354,0.514943,0.7166100000000001,0.772442,0.718086,0.809227,0.754976,0.797856,0.85812600000000006,0.675711,0.692338,0.778196,0.771393,0.608367,0.615555,0.744516,0.6974779999999999,0.65487,0.6715909999999999,0.574178,0.548639,6.4e-4,5.96e-4,5.44e-4,5.3e-4,6.52e-4,6.74e-4,5.96e-4,5.3e-4,5.88e-4,6.32e-4,7.35e-4,6.3499999999999e-4,5.92e-4,6.87e-4,6.03e-4,5.71e-4,6.1e-4,7.14e-4,6.72e-4,6.08e-4,5.93e-4,6.51e-4,6.06e-4,0.001436,0.001178,9.4299999999999e-4,9.23e-4,0.00175,0.001548,0.001198,0.001184,0.001275,0.001524,0.001998,0.001336,0.001242,0.00131899999999999,0.001371,9.85e-4,0.001073,0.0015,0.001482,0.00122,0.00121099999999999,0.001129,0.001147,2.68e-4,2.67e-4,3.07e-4,3.45e-4,2.75e-4,2.26e-4,2.6e-4,1.96e-4,2.2799999999999e-4,2.02e-4,1.53e-4,3.32e-4,2.5699999999999e-4,2.42e-4,2.31e-4,3.22e-4,3.54e-4,2.43e-4,2.33e-4,3.23e-4,2.97e-4,4.03e-4,4.21e-4
SYN_020,Controls,0,No PTSD,0,NA,25,36,0,0,0,0,0,55,2,5,0,2,6,5,5,10,6,0.621694,0.593001,0.459954,0.401759,0.505965,0.578442,0.630015,0.6331319999999999,0.6270979999999999,0.6705260000000001,0.682582,0.48118,0.496462,0.6462399999999999,0.6745359999999999,0.43039799999999995,0.432331,0.548027,0.555445,0.5793229999999999,0.579812,0.489324,0.476601,6.61e-4,6.71e-4,7.25e-4,7.68e-4,7.71e-4,7e-4,6.56e-4,6.68e-4,7.15e-4,6.97e-4,7.12e-4,6.78e-4,7.3e-4,6.76e-4,6.37e-4,7.09e-4,7.05e-4,6.62e-4,6.96e-4,6.74e-4,6.59e-4,7.74e-4,7.42e-4,0.001255,0.001236,0.001106,0.001142,0.001256,0.00122,0.001263,0.001294,0.00132,0.001369,0.001352,0.001174,0.001107,0.001328,0.00129799999999999,0.001111,0.001124,0.001188,0.001216,0.001215,0.001227,0.001223,0.001197,3.73e-4,4.07e-4,5e-4,5.49e-4,5.07e-4,4.34e-4,3.73e-4,3.71e-4,4.2699999999999e-4,3.29e-4,3.5299999999999e-4,4.8499999999999e-4,4.7599999999999e-4,3.56e-4,3.21e-4,5.46e-4,5.26e-4,3.95e-4,4.04e-4,3.93e-4,4.12e-4,4.9e-4,5.46e-4
SYN_021,mTBI-only,1,No PTSD,0,0,17,25,0,0,0,0,0,22,1,5,8,1,5,5,5,5,5,0.6288050000000001,0.646305,0.431184,0.42603799999999997,0.566529,0.643225,0.6637350000000001,0.6801689999999999,0.6545810000000001,0.697637,0.700471,0.570588,0.57806,0.680357,0.6869149999999999,0.520722,0.499,0.61106,0.532886,0.610933,0.60046,0.509941,0.535385,6.36e-4,6.46e-4,7.28e-4,6.88e-4,7.03e-4,6.84e-4,6.59e-4,6.74e-4,6.1299999999999e-4,7e-4,6.74e-4,6.6e-4,6.67e-4,6.36e-4,6.3899999999999e-4,6.99e-4,6.56e-4,6.8899999999999e-4,6.59e-4,6.3499999999999e-4,6.34e-4,7.76e-4,7.42e-4,0.001231,0.001197,0.001121,0.001148,0.001357,0.001266,0.001341,0.001309,0.001302,0.001429,0.001432,0.001259,0.001153,0.00132899999999999,0.001189,0.001073,0.00107,0.001157,0.001111,0.00132,0.001287,0.001231,0.001216,3.54e-4,3.47e-4,5.23e-4,4.93e-4,4.44e-4,3.68e-4,3.2e-4,3.3e-4,3.61e-4,3.15e-4,3.17e-4,4.17e-4,4.08e-4,3.12e-4,3.02e-4,4.52e-4,4.59e-4,3.86e-4,3.96e-4,3.46e-4,3.8199999999999e-4,4.96e-4,4.81e-4
SYN_022,Controls,0,No PTSD,2,NA,19,51,0,0,1,0,0,18,2,2,3,5,12,5,9,12,7,0.638671,0.593001,0.378782,0.404926,0.580086,0.611739,0.6381060000000001,0.650654,0.6593600000000001,0.653246,0.681872,0.504384,0.522016,0.615622,0.581142,0.475236,0.503046,0.568642,0.567083,0.576692,0.595345,0.498455,0.460812,6.64e-4,6.7e-4,7.45e-4,7.17e-4,7.52e-4,7.07e-4,6.72e-4,6.38e-4,6.57e-4,6.73e-4,7.0999999999999e-4,7.11e-4,6.74e-4,6.4e-4,6.53e-4,6.8899999999999e-4,6.53e-4,6.82e-4,6.78e-4,7.07e-4,6.51e-4,7.54e-4,7.05e-4,0.001214,0.001176,0.00116199999999999,0.0011,0.001377,0.001215,0.001361,0.001277,0.001286,0.001399,0.001428,0.001063,0.00122,0.001283,0.001224,0.001106,0.001119,0.001245,0.00121099999999999,0.001287,0.001241,0.001151,0.001118,3.56e-4,3.94e-4,5.6e-4,5.33e-4,4.57e-4,4.01e-4,3.71e-4,3.44e-4,3.49e-4,3.75e-4,3.36e-4,4.72e-4,4.84e-4,3.63e-4,3.83e-4,5e-4,4.62e-4,4.05e-4,4.0199999999999e-4,4.0899999999999e-4,4.03e-4,4.96e-4,5.1399999999999e-4
SYN_023,mTBI-only,1,No PTSD,0,13,29,31,0,0,0,0,0,40,2,6,3,7,6,8,5,6,5,0.47915,0.448638,0.368448,0.318154,0.362408,0.5887399999999999,0.575796,0.611688,0.568587,0.5807100000000001,0.574509,0.470822,0.527523,0.559634,0.541391,0.464907,0.446432,0.389551,0.377198,0.362271,0.496042,0.407675,0.394281,6.45e-4,6.7999999999999e-4,6.87e-4,7.59e-4,7.44e-4,7.09e-4,7.07e-4,6.3499999999999e-4,6.17e-4,6.41e-4,6.58e-4,7.26e-4,6.38e-4,6.6e-4,6.45e-4,6.3899999999999e-4,6.36e-4,7.13e-4,7.01e-4,6.73e-4,6.78e-4,7.27e-4,7.73e-4,0.001057,0.001117,9.88e-4,0.001078,0.001117,0.001198,0.001254,0.001115,0.001117,0.001251,0.001088,0.001116,0.00106899999999999,0.00112799999999999,0.001155,0.001077,0.001084,0.001106,0.001102,0.001047,0.00113,0.001083,0.001067,4.7999999999999e-4,4.89e-4,5.2e-4,5.65e-4,5.91e-4,4e-4,4.7e-4,3.64e-4,4.61e-4,4.08e-4,4.19e-4,4.8499999999999e-4,4.17e-4,3.93e-4,4.19e-4,4.9e-4,4.83e-4,5.85e-4,5.71e-4,6e-4,4.57e-4,5.41e-4,5.25e-4
SYN_024,mTBI-only,1,No PTSD,2,17,20,61,1,1,1,0,1,43,2,5,0,8,14,11,15,11,10,0.488479,0.530741,0.390898,0.39663,0.405417,0.591009,0.629908,0.613577,0.577372,0.661371,0.624981,0.49304,0.532928,0.590454,0.552956,0.422312,0.4614140000000001,0.47233500000000006,0.429705,0.48288100000000006,0.4822149999999999,0.425504,0.417716,6.83e-4,6.4899999999999e-4,6.7999999999999e-4,7.15e-4,8.0399999999999e-4,6.43e-4,6.94e-4,5.75e-4,6.2599999999999e-4,6.14e-4,6.05e-4,6.78e-4,6.4e-4,5.91e-4,6.16e-4,7.11e-4,6.75e-4,6.9e-4,6.78e-4,6.51e-4,6.62e-4,6.7e-4,6.84e-4,0.001191,0.00109,9.85e-4,9.67e-4,9.87e-4,0.001131,0.001241,0.001091,0.00107,0.001276,0.001083,0.001094,0.00107,0.001193,0.001155,0.00104299999999999,0.001034,0.001026,0.001038,0.001101,0.00113,0.001222,0.001078,4.36e-4,4.37e-4,5.07e-4,4.91e-4,5.82e-4,3.7e-4,3.5499999999999e-4,3.48e-4,3.83e-4,3.68e-4,3.57e-4,4.7999999999999e-4,4.12e-4,3.63e-4,3.9e-4,5.0599999999999e-4,4.99e-4,4.5599999999999e-4,4.92e-4,4.68e-4,4.5999999999999e-4,4.95e-4,5.23e-4
SYN_025,mTBI-only,1,No PTSD,0,0,18,25,0,0,0,0,0,19,1,5,8,0,5,5,5,5,5,0.6373489999999999,0.607957,0.442026,0.427258,0.50946,0.6302260000000001,0.661836,0.660219,0.646079,0.685357,0.714128,0.5371630000000001,0.507718,0.6488,0.641424,0.4958550000000001,0.39189,0.619954,0.5874590000000001,0.582724,0.592485,0.552531,0.548955,6.3099999999999e-4,6.54e-4,7.07e-4,7.16e-4,7.57e-4,6.78e-4,6.5e-4,6.19e-4,6.74e-4,6.6e-4,6.83e-4,6.69e-4,6.8899999999999e-4,6.24e-4,6.1e-4,6.62e-4,7.05e-4,6.74e-4,6.79e-4,6.9299999999999e-4,6.77e-4,7.34e-4,6.07e-4,0.001254,0.001157,0.001009,0.00110999999999999,0.001256,0.00133,0.001275,0.001363,0.001344,0.00140899999999999,0.001456,0.001172,0.001182,0.001338,0.001225,0.001073,0.001169,0.00122899999999999,0.001257,0.001206,0.001192,0.001274,0.001174,3.54e-4,3.8199999999999e-4,5.2699999999999e-4,5.57e-4,4.89e-4,3.65e-4,3.18e-4,3.06e-4,3.81e-4,3.31e-4,3.16e-4,4.23e-4,4.6399999999999e-4,3.59e-4,3.44e-4,4.66e-4,5.33e-4,3.71e-4,3.92e-4,4.04e-4,3.73e-4,4.39e-4,3.95e-4
SYN_026,PTSD-only,0,PTSD,2,NA,69,104,1,1,1,1,1,30,1,5,1,16,20,21,21,18,18,0.612906,0.594417,0.340014,0.324515,0.55612,0.582909,0.617226,0.638674,0.610055,0.664339,0.6285350000000001,0.501854,0.482051,0.63752,0.585721,0.491883,0.47393,0.544311,0.6115689999999999,0.579291,0.595345,0.498455,0.523781,6.72e-4,6.71e-4,7.79e-4,7.39e-4,7.14e-4,7.26e-4,6.7999999999999e-4,6.68e-4,7.3e-4,7.0999999999999e-4,7.5099999999999e-4,7.27e-4,6.81e-4,6.45e-4,6.64e-4,6.72e-4,6.5e-4,5.89e-4,6.78e-4,6.72e-4,6.72e-4,7.46e-4,6.5e-4,0.001202,0.00126199999999999,0.001109,0.001047,0.001371,0.001138,0.001249,0.00129799999999999,0.00129,0.00141199999999999,0.0014,0.001188,0.001196,0.001235,0.001192,0.001159,0.001151,0.001105,0.001197,0.00119,0.001111,0.001187,0.001233,3.77e-4,4.01e-4,6.07e-4,6.17e-4,4.6399999999999e-4,4.13e-4,3.86e-4,3.24e-4,4.04e-4,3.47e-4,3.95e-4,4.69e-4,4.5e-4,3.44e-4,4.0199999999999e-4,4.23e-4,4.6399999999999e-4,4.15e-4,3.9e-4,4.04e-4,3.73e-4,4.8499999999999e-4,4.3799999999999e-4
SYN_027,Controls,0,No PTSD,0,0,17,25,0,0,0,0,0,21,1,5,12,1,5,5,5,5,5,0.718518,0.693563,0.515404,0.464751,0.671503,0.750093,0.719923,0.76823,0.789231,0.788809,0.839239,0.591327,0.603038,0.708529,0.731644,0.6385,0.635668,0.669787,0.664682,0.7101649999999999,0.65153,0.613955,0.593631,6.18e-4,6.6e-4,5.43e-4,5.76e-4,6.62e-4,6.33e-4,6.18e-4,5.54e-4,5.87e-4,6.6e-4,7.36e-4,6.3899999999999e-4,6.44e-4,6.23e-4,6.59e-4,5.99e-4,5.38e-4,6.61e-4,6.3899999999999e-4,5.72e-4,5.7699999999999e-4,7.01e-4,6.34e-4,0.0013,0.001282,9.22e-4,8.5399999999999e-4,0.001716,0.001558,0.001341,0.00119499999999999,0.00162399999999999,0.001563,0.001898,0.001258,0.001185,0.001397,0.001415,0.001086,0.001134,0.00126,0.001276,0.001282,0.0012,0.001182,0.00119499999999999,2.78e-4,2.67e-4,3.71e-4,3.59e-4,3.35e-4,2.44e-4,2.92e-4,2.07e-4,1.81e-4,2.16e-4,1.61e-4,3.38e-4,3.2599999999999e-4,2.97e-4,2.62e-4,2.89e-4,2.85e-4,3.27e-4,3e-4,2.75e-4,3.34e-4,3.49e-4,4.0199999999999e-4
SYN_028,Controls,0,No PTSD,0,NA,28,27,0,0,0,0,0,25,1,NA,0,3,5,6,5,6,6,0.6727380000000001,0.649048,0.390304,0.426479,0.547578,0.628405,0.640517,0.65042,0.6672899999999999,0.707275,0.6915720000000001,0.520332,0.486247,0.674496,0.628926,0.536744,0.493716,0.55001,0.5939369999999999,0.596649,0.6620010000000001,0.519562,0.499733,6.7e-4,6.32e-4,7.53e-4,7.2e-4,7.41e-4,6.99e-4,6.6e-4,6.38e-4,6.81e-4,6.9e-4,6.87e-4,7.4e-4,6.67e-4,6.63e-4,6.64e-4,6.91e-4,6.87e-4,6.69e-4,6.57e-4,6.44e-4,6.56e-4,7.16e-4,6.84e-4,0.001239,0.001191,0.001107,0.00112,0.00129,0.00134499999999999,0.001301,0.001255,0.001397,0.00135,0.00146,0.001213,0.001191,0.001351,0.001243,0.001151,0.00110999999999999,0.001231,0.001232,0.001294,0.001209,0.001264,0.00121099999999999,3.15e-4,3.27e-4,5.73e-4,4.98e-4,4.9e-4,3.71e-4,3.59e-4,3.47e-4,3.43e-4,3.03e-4,3.41e-4,4.71e-4,4.7599999999999e-4,3.27e-4,3.57e-4,4.33e-4,4.5099999999999e-4,4.15e-4,4.0199999999999e-4,3.94e-4,3.47e-4,4.9e-4,4.73e-4
SYN_029,mTBI-only,1,No PTSD,0,1,19,28,0,0,0,0,0,28,1,5,3,1,6,5,5,6,5,0.607046,0.578696,0.4205529999999999,0.368795,0.526057,0.602891,0.621149,0.632067,0.623508,0.6705260000000001,0.6875359999999999,0.5099239999999999,0.515295,0.6495380000000001,0.654937,0.47063,0.426651,0.5749609999999999,0.5824560000000001,0.584076,0.5134310000000001,0.5136,0.480459,7.0999999999999e-4,6.92e-4,7.53e-4,7.55e-4,8.32e-4,7.52e-4,6.75e-4,6.38e-4,7.27e-4,6.92e-4,7.12e-4,7.0599999999999e-4,7.09e-4,6.7e-4,6.42e-4,6.97e-4,7.23e-4,6.88e-4,6.69e-4,6.78e-4,6.85e-4,7.44e-4,7.42e-4,0.001279,0.001277,0.00115,0.001018,0.001402,0.001364,0.001212,0.001291,0.001397,0.001374,0.00147599999999999,0.001171,0.001214,0.001356,0.001238,0.001164,0.00110999999999999,0.001254,0.00117,0.001241,0.00126199999999999,0.001178,0.001163,3.7999999999999e-4,4.3e-4,5.53e-4,5.84e-4,4.96e-4,4.1799999999999e-4,3.65e-4,3.87e-4,3.97e-4,3.46e-4,3.54e-4,4.78e-4,4.53e-4,3.5099999999999e-4,3.32e-4,5.0599999999999e-4,5.22e-4,4.1799999999999e-4,3.87e-4,3.91e-4,4.61e-4,5.32e-4,5.09e-4
SYN_030,mTBI-only,1,No PTSD,0,18,28,26,0,0,0,0,0,32,1,5,4,6,6,5,5,5,5,0.605072,0.563027,0.409808,0.401243,0.497187,0.637177,0.65188,0.6639390000000001,0.641093,0.693304,0.711842,0.532109,0.516722,0.6402899999999999,0.62772,0.484674,0.400352,0.61193,0.585192,0.6142,0.590959,0.536296,0.431821,6.67e-4,6.67e-4,7.72e-4,7.13e-4,7.44e-4,6.83e-4,6.79e-4,6.75e-4,7.22e-4,6.78e-4,6.82e-4,6.88e-4,6.86e-4,6.81e-4,6.3099999999999e-4,6.96e-4,7.3e-4,6.61e-4,6.29e-4,6.2199999999999e-4,6.96e-4,7.91e-4,7.96e-4,0.00129,0.001149,0.001185,0.001097,0.001289,0.001275,0.001343,0.001257,0.001308,0.001418,0.001466,0.001178,0.001133,0.00130399999999999,0.001204,0.001117,0.001103,0.001249,0.001209,0.001241,0.00122599999999999,0.001171,0.001214,3.91e-4,4.0899999999999e-4,5.4e-4,5.69e-4,4.92e-4,3.8199999999999e-4,3.52e-4,3.31e-4,3.65e-4,3.23e-4,3.3e-4,4.44e-4,4.39e-4,3.68e-4,3.47e-4,4.68e-4,5.33e-4,3.68e-4,3.87e-4,3.95e-4,4.0199999999999e-4,4.62e-4,6.06e-4
SYN_031,Controls,0,No PTSD,2,NA,37,43,0,0,0,0,1,44,1,5,1,0,5,7,5,12,13,0.65083,0.597417,0.424737,0.456678,0.521273,0.605219,0.642011,0.6572560000000001,0.6319640000000001,0.6675949999999999,0.681633,0.545616,0.540904,0.626648,0.677712,0.445746,0.475994,0.587194,0.575538,0.578106,0.5963229999999999,0.482837,0.45764,6.43e-4,6.3e-4,7.52e-4,6.99e-4,8.06e-4,6.4e-4,6.65e-4,6.53e-4,7.04e-4,6.94e-4,6.8899999999999e-4,6.97e-4,7.01e-4,6.76e-4,6.36e-4,7.16e-4,6.92e-4,6.77e-4,6.41e-4,6.51e-4,6.4899999999999e-4,7.5999999999999e-4,7.57e-4,0.001313,0.001227,0.001106,0.001156,0.001287,0.00122899999999999,0.001283,0.001236,0.001376,0.001437,0.001444,0.001202,0.001261,0.001314,0.001251,0.001075,0.001112,0.001205,0.001209,0.001192,0.001201,0.001171,0.00121099999999999,3.33e-4,3.81e-4,5.32e-4,4.6399999999999e-4,5.24e-4,3.9e-4,3.66e-4,3.65e-4,3.96e-4,3.5099999999999e-4,3.61e-4,4.13e-4,4.52e-4,3.96e-4,3.22e-4,5.1399999999999e-4,4.7699999999999e-4,3.7799999999999e-4,3.99e-4,4.1799999999999e-4,3.97e-4,5.17e-4,5.3e-4
SYN_032,Controls,0,No PTSD,0,NA,17,35,0,0,0,0,0,54,1,5,1,2,9,5,5,9,5,0.605294,0.63135,0.34526399999999996,0.368222,0.5073850000000001,0.609318,0.6505350000000001,0.646687,0.626437,0.6721600000000001,0.6870430000000001,0.556601,0.5198689999999999,0.650115,0.620784,0.439422,0.384238,0.587535,0.554098,0.5792619999999999,0.553967,0.504877,0.540553,6.55e-4,6.46e-4,7.59e-4,7.44e-4,7.49e-4,6.92e-4,6.73e-4,6.95e-4,7.27e-4,7.04e-4,7.13e-4,6.92e-4,6.75e-4,6.58e-4,6.53e-4,6.77e-4,7.12e-4,6.77e-4,6.4e-4,7.05e-4,6.59e-4,6.98e-4,6.96e-4,0.001253,0.001207,0.001082,0.001064,0.001282,0.001283,0.00126,0.001253,0.001316,0.001389,0.001428,0.0012,0.001243,0.001328,0.001263,0.00105,0.00107,0.001206,0.001192,0.00126999999999999,0.00126199999999999,0.001204,0.001233,3.65e-4,3.54e-4,5.97e-4,5.6e-4,5.24e-4,3.99e-4,3.54e-4,3.65e-4,3.89e-4,3.6e-4,3.43e-4,4.54e-4,4.72e-4,3.57e-4,3.64e-4,4.75e-4,5.35e-4,3.66e-4,4.2699999999999e-4,4.0899999999999e-4,4.2e-4,5.18e-4,4.41e-4
SYN_033,Controls,0,No PTSD,0,NA,17,26,0,0,0,0,0,38,2,5,1,0,5,6,5,5,5,0.613471,0.644821,0.425012,0.437643,0.540622,0.635472,0.6565380000000001,0.6553939999999999,0.648172,0.695484,0.689738,0.556143,0.526184,0.583025,0.623132,0.430156,0.462161,0.619954,0.556647,0.5845279999999999,0.586084,0.495569,0.472383,6.36e-4,6.45e-4,7.07e-4,7.3799999999999e-4,7.5999999999999e-4,6.95e-4,6.76e-4,6.75e-4,6.73e-4,6.71e-4,6.72e-4,6.61e-4,7e-4,6.36e-4,6.3499999999999e-4,7.07e-4,7.09e-4,6.54e-4,6.58e-4,6.4e-4,6.62e-4,7.7e-4,7.24e-4,0.0012,0.001174,0.00115,0.00110999999999999,0.001284,0.001283,0.001269,0.001325,0.001312,0.001418,0.00146,0.00116199999999999,0.00117,0.001188,0.001192,0.001074,0.00110999999999999,0.001249,0.001123,0.001269,0.001201,0.001201,0.001265,3.48e-4,3.35e-4,5.11e-4,5.08e-4,4.66e-4,3.54e-4,3.45e-4,3.54e-4,3.64e-4,3.43e-4,3.43e-4,4.3099999999999e-4,4.58e-4,3.98e-4,3.7e-4,5.0999999999999e-4,5e-4,3.74e-4,3.92e-4,3.88e-4,3.99e-4,4.95e-4,5.3e-4
SYN_034,mTBI-only,1,No PTSD,0,30,33,35,0,0,0,0,0,50,1,1,0,8,7,5,5,13,5,0.614509,0.569041,0.431461,0.397748,0.5573819999999999,0.585974,0.612582,0.609347,0.6121810000000001,0.6577649999999999,0.6763680000000001,0.5321819999999999,0.506473,0.6301399999999999,0.608993,0.50635,0.434454,0.548628,0.556062,0.542859,0.554519,0.459328,0.470267,6.33e-4,6.61e-4,7.8e-4,7.4699999999999e-4,7.37e-4,7.14e-4,6.99e-4,6.82e-4,6.92e-4,6.91e-4,7.0599999999999e-4,7.11e-4,6.77e-4,6.66e-4,6.66e-4,6.59e-4,7.07e-4,7.21e-4,7.01e-4,6.62e-4,7.26e-4,8.05e-4,7.27e-4,0.001287,0.001197,0.001209,0.001124,0.001331,0.001253,0.001199,0.001266,0.001307,0.001397,0.001413,0.001218,0.001205,0.001245,0.001199,0.00109499999999999,0.001075,0.001201,0.001174,0.001194,0.001165,0.001227,0.001205,3.7799999999999e-4,3.77e-4,5.45e-4,5.33e-4,4.5099999999999e-4,4.34e-4,3.9e-4,4.1e-4,3.98e-4,3.73e-4,3.56e-4,4.5999999999999e-4,4.82e-4,3.67e-4,3.89e-4,4.62e-4,5.36e-4,4.37e-4,4.0199999999999e-4,4.53e-4,4.2e-4,5.41e-4,5.3e-4
SYN_035,mTBI-only,1,No PTSD,2,8,30,47,0,0,0,0,1,51,2,5,3,11,6,5,5,14,10,0.489416,0.535238,0.337769,0.396302,0.405417,0.591245,0.610907,0.595286,0.6195229999999999,0.5974659999999999,0.597305,0.457622,0.5528770000000001,0.614997,0.588938,0.367846,0.41777700000000006,0.408807,0.459653,0.438638,0.474663,0.4326100000000001,0.4106,6.8899999999999e-4,6.45e-4,6.73e-4,6.5199999999999e-4,7.14e-4,6.81e-4,6.64e-4,6.07e-4,6.87e-4,6.62e-4,5.78e-4,6.57e-4,6.3099999999999e-4,6.12e-4,6.3899999999999e-4,7.4699999999999e-4,6.84e-4,7.21e-4,6.81e-4,6.73e-4,6.29e-4,6.7e-4,6.74e-4,0.001076,0.001109,0.001031,0.001016,9.89e-4,0.001446,0.001234,0.001132,0.001072,0.001159,0.001181,0.001058,0.00107,0.001178,0.001158,9.67e-4,0.001057,0.001106,0.001038,0.001127,0.00116199999999999,0.001022,9.74e-4,4.17e-4,4.12e-4,6.66e-4,5.2e-4,5.38e-4,4.07e-4,3.5299999999999e-4,3.79e-4,3.87e-4,4.62e-4,3.71e-4,5.1399999999999e-4,3.98e-4,3.38e-4,3.6e-4,5.86e-4,5.53e-4,4.98e-4,4.61e-4,4.82e-4,4.7999999999999e-4,4.68e-4,5.08e-4
SYN_036,Controls,0,No PTSD,0,NA,20,29,0,0,0,0,0,24,1,5,8,0,5,5,5,6,9,0.6598689999999999,0.623438,0.493785,0.439507,0.490528,0.634862,0.65188,0.667219,0.661249,0.6918989999999999,0.7169909999999999,0.556031,0.568979,0.654828,0.685668,0.561299,0.523361,0.610645,0.6122920000000001,0.590708,0.562507,0.5192829999999999,0.496864,6.55e-4,6.5e-4,7.11e-4,6.75e-4,7.42e-4,6.95e-4,6.43e-4,6.54e-4,6.9299999999999e-4,6.82e-4,7.0199999999999e-4,6.7999999999999e-4,6.48e-4,6.59e-4,6.38e-4,7.05e-4,7.05e-4,6.58e-4,6.79e-4,6.42e-4,6.3499999999999e-4,7.75e-4,7.52e-4,0.001275,0.001254,0.001191,0.001088,0.00141199999999999,0.001313,0.001287,0.00128,0.001363,0.001393,0.00142699999999999,0.001173,0.001231,0.001255,0.0013,0.001167,0.001101,0.001189,0.00121,0.00121,0.001164,0.001235,0.00121099999999999,3.36e-4,3.46e-4,4.87e-4,5.07e-4,5.39e-4,3.88e-4,3.3999999999999e-4,3.06e-4,3.54e-4,3.2e-4,3.19e-4,4e-4,4.08e-4,3.09e-4,3.03e-4,4.5e-4,4.48e-4,3.64e-4,3.6899999999999e-4,3.99e-4,4.42e-4,4.98e-4,5.34e-4
SYN_037,mTBI-only,1,No PTSD,0,0,21,34,0,0,0,0,0,18,2,5,0,2,10,5,5,6,5,0.650942,0.593001,0.420095,0.384812,0.564443,0.627868,0.643108,0.6375850000000001,0.648463,0.6918989999999999,0.721615,0.566684,0.542836,0.685895,0.6695760000000001,0.4977899999999999,0.46195299999999995,0.534566,0.5795640000000001,0.534197,0.56245,0.452292,0.460747,6.69e-4,6.6e-4,7.34e-4,7.34e-4,7.58e-4,7.0199999999999e-4,6.57e-4,6.7999999999999e-4,7e-4,7.07e-4,7.0599999999999e-4,6.98e-4,7.07e-4,6.82e-4,6.48e-4,6.63e-4,7.09e-4,7.05e-4,6.57e-4,6.85e-4,6.87e-4,8.05e-4,7.98e-4,0.00123699999999999,0.00119499999999999,0.00108699999999999,0.001098,0.00134,0.001331,0.00129299999999999,0.00129299999999999,0.001344,0.001448,0.00142699999999999,0.001228,0.001208,0.001323,0.00129799999999999,0.001092,0.001108,0.001134,0.001227,0.001208,0.00117699999999999,0.001133,0.001253,3.42e-4,3.81e-4,5.44e-4,5.88e-4,4.57e-4,3.7999999999999e-4,3.39e-4,3.87e-4,3.67e-4,3.15e-4,3.24e-4,4.48e-4,4.4e-4,3.27e-4,3.46e-4,4.36e-4,4.79e-4,4.71e-4,3.88e-4,4.28e-4,4.08e-4,5.53e-4,5.43e-4
SYN_038,Controls,0,No PTSD,0,0,17,26,0,0,0,0,0,22,2,5,3,0,5,5,5,6,5,0.611119,0.545295,0.375082,0.389216,0.510987,0.581263,0.618788,0.6206229999999999,0.576912,0.67076,0.679841,0.485291,0.496462,0.608143,0.6215689999999999,0.475236,0.41131899999999993,0.555726,0.52483,0.548445,0.5134310000000001,0.483563,0.42335,6.8899999999999e-4,6.73e-4,7.94e-4,7.69e-4,7.72e-4,7.34e-4,6.92e-4,6.9299999999999e-4,7.15e-4,7.23e-4,7.18e-4,7.21e-4,7.09e-4,7.17e-4,6.64e-4,6.85e-4,6.91e-4,7.16e-4,6.97e-4,7.2e-4,6.91e-4,7.5099999999999e-4,7.6399999999999e-4,0.001291,0.001197,0.001105,0.00113599999999999,0.00134,0.001302,0.001285,0.001342,0.001406,0.001356,0.001352,0.001171,0.00114,0.001207,0.001224,0.001153,0.001052,0.001198,0.001196,0.001202,0.001121,0.001185,0.001161,3.7999999999999e-4,4.16e-4,5.75e-4,5.97e-4,4.9e-4,4.32e-4,3.81e-4,3.91e-4,4.39e-4,3.48e-4,3.39e-4,4.72e-4,4.91e-4,3.9e-4,3.58e-4,4.88e-4,5.57e-4,4.25e-4,4.33e-4,4.13e-4,4.59e-4,5.59e-4,5.72e-4
SYN_039,Controls,0,No PTSD,0,NA,17,32,0,0,0,0,0,26,1,5,4,0,7,5,5,11,6,0.637069,0.621526,0.469946,0.483986,0.566634,0.620859,0.643382,0.6375850000000001,0.638548,0.685357,0.673859,0.549771,0.55157,0.693206,0.659295,0.500729,0.5228520000000001,0.587535,0.575538,0.62541,0.5782930000000001,0.539325,0.496864,6.4899999999999e-4,6.55e-4,7.11e-4,6.99e-4,7.8e-4,7.22e-4,6.88e-4,6.65e-4,6.96e-4,6.4899999999999e-4,6.99e-4,7.12e-4,7.49e-4,6.74e-4,6.32e-4,6.88e-4,6.47e-4,6.4899999999999e-4,6.61e-4,6.3499999999999e-4,6.61e-4,7.55e-4,7.11e-4,0.001202,0.001256,0.001159,0.001126,0.001301,0.001281,0.001254,0.001208,0.001361,0.001423,0.001375,0.001209,0.001166,0.00132899999999999,0.001267,0.001156,0.001055,0.001228,0.001253,0.001246,0.001212,0.001335,0.001179,3.42e-4,3.6899999999999e-4,4.79e-4,4.88e-4,4.54e-4,4.12e-4,3.48e-4,3.67e-4,3.83e-4,3.31e-4,3.54e-4,4.46e-4,4.62e-4,2.94e-4,3.35e-4,4.62e-4,4.44e-4,3.92e-4,4.0199999999999e-4,3.65e-4,4.0199999999999e-4,4.72e-4,4.99e-4
SYN_040,mTBI-only,1,No PTSD,0,20,21,33,0,0,0,0,0,34,1,5,5,7,6,8,5,6,5,0.526375,0.509163,0.425138,0.412355,0.495338,0.6041949999999999,0.622587,0.635877,0.642124,0.619793,0.669504,0.510779,0.527479,0.6289899999999999,0.599811,0.532721,0.448322,0.522393,0.515174,0.522034,0.5067699999999999,0.497843,0.490986,6.88e-4,6.3899999999999e-4,6.67e-4,7.18e-4,7.75e-4,6.82e-4,6.6e-4,6.21e-4,6.45e-4,6.65e-4,5.78e-4,6.86e-4,6.83e-4,6.43e-4,6.06e-4,6.41e-4,7.32e-4,7.01e-4,6.68e-4,7.12e-4,6.29e-4,7.48e-4,7.13e-4,0.001063,0.001127,0.001142,9.38e-4,0.00102799999999999,0.001328,0.001276,0.001172,0.001074,0.001151,0.00115,0.001158,0.001107,0.001146,0.001192,9.65e-4,0.001073,0.001192,0.001151,0.001047,0.001094,0.001022,0.001072,4.45e-4,4.3099999999999e-4,5.53e-4,5.3e-4,4.87e-4,3.44e-4,3.68e-4,3.67e-4,3.58e-4,3.5499999999999e-4,3.36e-4,4.79e-4,4.62e-4,3.67e-4,3.99e-4,4.03e-4,5.13e-4,4.01e-4,4.42e-4,4.53e-4,4.5e-4,4.7699999999999e-4,5.38e-4
SYN_041,Controls,0,No PTSD,0,NA,20,28,0,0,0,0,0,31,1,5,0,1,5,8,5,5,5,0.65083,0.597417,0.390531,0.377934,0.534674,0.6136659999999999,0.6319899999999999,0.625121,0.650936,0.6698649999999999,0.64957,0.522134,0.532514,0.642955,0.670496,0.549172,0.476128,0.605941,0.5689310000000001,0.576692,0.615735,0.48851400000000006,0.460812,6.51e-4,6.59e-4,7.31e-4,7.5599999999999e-4,7.62e-4,6.97e-4,6.96e-4,6.68e-4,6.84e-4,6.51e-4,7.28e-4,6.78e-4,7.03e-4,6.7999999999999e-4,6.41e-4,6.69e-4,6.92e-4,6.44e-4,6.9299999999999e-4,6.46e-4,6.8899999999999e-4,6.91e-4,7.45e-4,0.001239,0.001214,0.001127,0.001104,0.001281,0.001281,0.001276,0.001318,0.001334,0.00141199999999999,0.00139,0.001265,0.001201,0.001135,0.001251,0.001151,0.001077,0.001193,0.00115,0.001138,0.001227,0.001223,0.00120299999999999,3.43e-4,3.73e-4,5.71e-4,5.72e-4,4.94e-4,4.13e-4,3.7799999999999e-4,3.7799999999999e-4,3.97e-4,3.5499999999999e-4,3.76e-4,4.73e-4,4.34e-4,3.56e-4,3.1e-4,4.43e-4,4.81e-4,3.73e-4,4.17e-4,4.3e-4,3.75e-4,4.94e-4,5.45e-4
SYN_042,Comorbid mTBI+PTSD,1,PTSD,0,50,68,27,0,0,0,0,0,43,1,5,2,16,5,5,5,7,6,0.624567,0.588004,0.440005,0.421509,0.540622,0.6084069999999999,0.653306,0.657523,0.652295,0.688758,0.6823130000000001,0.534503,0.532135,0.634392,0.631053,0.483042,0.513861,0.5937399999999999,0.5824560000000001,0.610549,0.590959,0.486227,0.472383,6.46e-4,6.5e-4,7.23e-4,7.08e-4,7.43e-4,7.11e-4,6.5199999999999e-4,6.54e-4,6.34e-4,6.82e-4,7.03e-4,6.88e-4,6.61e-4,6.19e-4,6.33e-4,6.68e-4,6.77e-4,6.55e-4,6.69e-4,6.43e-4,6.44e-4,7.01e-4,7.01e-4,0.00120299999999999,0.001175,0.001129,0.001113,0.001348,0.001271,0.001276,0.001312,0.001353,0.001392,0.001505,0.001206,0.001099,0.001232,0.001191,0.001158,0.001199,0.0013,0.001145,0.001201,0.001169,0.00115399999999999,0.001156,3.35e-4,3.8199999999999e-4,5.08e-4,5.11e-4,4.5999999999999e-4,3.83e-4,3.29e-4,3.3e-4,3.43e-4,3.31e-4,3.38e-4,4.3799999999999e-4,4.44e-4,3.68e-4,3.44e-4,4.74e-4,4.15e-4,3.7799999999999e-4,3.7799999999999e-4,3.93e-4,4e-4,5.04e-4,5.29e-4
SYN_043,Controls,0,No PTSD,0,NA,19,32,0,0,0,0,0,51,1,4,2,0,7,6,5,10,6,0.6598689999999999,0.626054,0.436084,0.38469,0.56217,0.6041890000000001,0.630645,0.642893,0.633155,0.6800689999999999,0.705152,0.544832,0.526266,0.638918,0.6129939999999999,0.526412,0.476128,0.623695,0.558287,0.598687,0.618749,0.5027229999999999,0.490387,6.46e-4,6.5e-4,7.32e-4,7.33e-4,7.33e-4,6.96e-4,6.71e-4,6.64e-4,7.25e-4,6.78e-4,6.8899999999999e-4,6.85e-4,6.69e-4,6.61e-4,6.33e-4,6.41e-4,7.0999999999999e-4,6.5e-4,6.58e-4,6.84e-4,6.09e-4,7.16e-4,7.4699999999999e-4,0.001242,0.001217,0.001147,0.00110999999999999,0.001216,0.001246,0.001264,0.00124399999999999,0.00130399999999999,0.001382,0.001401,0.001153,0.001235,0.00124399999999999,0.001188,9.57e-4,0.00105,0.00122599999999999,0.001174,0.001271,0.001251,0.001224,0.00125,3.3e-4,3.54e-4,5.32e-4,5.6399999999999e-4,4.49e-4,3.7e-4,3.7799999999999e-4,3.61e-4,3.6899999999999e-4,3.36e-4,3.16e-4,4.46e-4,4.41e-4,3.5499999999999e-4,3.79e-4,4.25e-4,4.93e-4,3.43e-4,4.0199999999999e-4,3.89e-4,3.58e-4,4.96e-4,5.13e-4
SYN_044,Comorbid mTBI+PTSD,1,PTSD,0,33,64,28,0,0,0,0,0,47,1,5,31,9,7,7,5,5,5,0.607425,0.597771,0.424016,0.42138100000000006,0.550069,0.585546,0.6169939999999999,0.62792,0.629872,0.677643,0.697701,0.516597,0.50168,0.630633,0.622996,0.485001,0.48017,0.571387,0.552142,0.584905,0.583097,0.44896099999999994,0.481066,6.57e-4,6.87e-4,7.57e-4,7.11e-4,7.6399999999999e-4,7.09e-4,6.92e-4,6.74e-4,7.15e-4,7.05e-4,6.8899999999999e-4,7.5099999999999e-4,7.4e-4,6.67e-4,6.4899999999999e-4,6.72e-4,6.87e-4,6.33e-4,6.46e-4,6.78e-4,6.4899999999999e-4,8.05e-4,7.4699999999999e-4,0.001254,0.001181,0.001142,0.001102,0.001325,0.001271,0.00131899999999999,0.001389,0.001397,0.001416,0.00149,0.001178,0.001147,0.00122599999999999,0.00122,0.001148,0.001111,0.001198,0.001216,0.001239,0.001164,0.001236,0.001233,3.7799999999999e-4,3.89e-4,5.73e-4,5.3e-4,4.5099999999999e-4,4.15e-4,3.9e-4,3.72e-4,3.67e-4,3.54e-4,3.3e-4,4.5599999999999e-4,4.4699999999999e-4,3.76e-4,3.5299999999999e-4,4.78e-4,4.71e-4,4.2e-4,4.23e-4,4.12e-4,4.0899999999999e-4,5.59e-4,5.15e-4
SYN_045,Controls,0,No PTSD,0,0,17,27,0,0,0,0,0,56,1,4,2,0,5,5,5,6,5,0.614658,0.589209,0.383933,0.365207,0.515858,0.609318,0.6319899999999999,0.608323,0.654612,0.6548930000000001,0.652906,0.492379,0.480359,0.62408,0.627762,0.47322,0.46295,0.535188,0.531572,0.559312,0.5644279999999999,0.504877,0.47411,6.85e-4,6.46e-4,7.4699999999999e-4,7.32e-4,7.95e-4,7.28e-4,6.88e-4,6.98e-4,6.59e-4,7.01e-4,7.2e-4,7.21e-4,6.96e-4,6.7999999999999e-4,6.51e-4,6.87e-4,6.58e-4,7.04e-4,6.27e-4,6.98e-4,6.28e-4,7.32e-4,6.98e-4,0.001105,0.00116199999999999,0.001067,0.001114,0.001369,0.001277,0.001258,0.00125199999999999,0.001318,0.00134,0.001375,0.00113599999999999,0.00121099999999999,0.001281,0.001214,0.001145,0.001108,0.001137,0.00113,0.001282,0.001179,0.001218,0.001131,3.72e-4,3.99e-4,5.61e-4,5.7699999999999e-4,4.84e-4,4.01e-4,3.68e-4,3.94e-4,3.49e-4,3.75e-4,3.74e-4,4.91e-4,4.57e-4,3.5099999999999e-4,3.71e-4,5.1399999999999e-4,4.94e-4,4.3e-4,4.39e-4,4.0599999999999e-4,3.9e-4,5.0999999999999e-4,5.19e-4
SYN_046,Controls,0,No PTSD,0,NA,18,25,0,0,0,0,0,23,2,5,5,1,5,5,5,5,5,0.6388119999999999,0.582494,0.446814,0.428325,0.591867,0.636323,0.6565380000000001,0.656602,0.6436350000000001,0.689103,0.6915720000000001,0.554003,0.5516260000000001,0.680357,0.663247,0.49809,0.450354,0.598206,0.625725,0.623594,0.595564,0.548461,0.524996,6.67e-4,6.55e-4,7.68e-4,7.09e-4,7.32e-4,6.74e-4,6.7e-4,6.86e-4,6.87e-4,6.97e-4,7.26e-4,6.69e-4,6.69e-4,6.19e-4,6.56e-4,6.88e-4,7.31e-4,6.67e-4,6.57e-4,6.9e-4,6.99e-4,7.34e-4,6.85e-4,0.001258,0.001206,0.001009,0.001071,0.001288,0.001305,0.001355,0.001269,0.001335,0.00135999999999999,0.001401,0.001234,0.001215,0.001281,0.001355,0.001116,0.001098,0.001286,0.001215,0.00129799999999999,0.001209,0.001164,0.00124,3.35e-4,3.7799999999999e-4,5.04e-4,5.36e-4,4.26e-4,3.8199999999999e-4,3.61e-4,3.45e-4,3.73e-4,3.29e-4,3.2599999999999e-4,4.23e-4,4.11e-4,2.98e-4,3.31e-4,4.62e-4,5.24e-4,3.8199999999999e-4,3.48e-4,3.65e-4,3.83e-4,4.43e-4,4.7699999999999e-4
SYN_047,mTBI-only,1,No PTSD,0,20,37,31,0,0,0,0,0,31,1,5,7,8,7,5,5,8,5,0.606032,0.597771,0.342623,0.450047,0.568674,0.602668,0.646772,0.645996,0.658401,0.661267,0.696852,0.560258,0.558912,0.615622,0.589399,0.517629,0.464552,0.570121,0.532886,0.585109,0.527316,0.511927,0.5325300000000001,6.45e-4,6.68e-4,7.89e-4,6.99e-4,7.33e-4,6.72e-4,6.58e-4,6.7999999999999e-4,6.66e-4,6.73e-4,7.18e-4,7.42e-4,7.0999999999999e-4,6.55e-4,6.86e-4,6.86e-4,7.24e-4,5.89e-4,6.5199999999999e-4,6.86e-4,6.58e-4,7.46e-4,7.05e-4,0.001288,0.00126999999999999,9.44e-4,0.001088,0.001399,0.001297,0.001346,0.00128,0.001332,0.001349,0.001474,0.00121099999999999,0.001189,0.00128,0.00123,0.001073,0.00109,0.001158,0.001064,0.001247,0.001176,0.001241,0.001166,3.7799999999999e-4,3.75e-4,6.15e-4,5.12e-4,4.46e-4,3.84e-4,3.62e-4,3.56e-4,3.61e-4,3.84e-4,3.19e-4,4.39e-4,4.11e-4,3.68e-4,3.64e-4,4.62e-4,4.99e-4,3.81e-4,3.96e-4,3.86e-4,4.33e-4,4.68e-4,4.41e-4
SYN_048,mTBI-only,1,No PTSD,0,2,20,25,0,0,0,0,0,33,2,4,5,0,5,5,5,5,5,0.578708,0.574024,0.392309,0.410551,0.507971,0.6056199999999999,0.6292840000000001,0.642893,0.6249319999999999,0.63948,0.622153,0.521548,0.529455,0.5830310000000001,0.6166520000000001,0.45067299999999993,0.46308,0.5615720000000001,0.497978,0.555988,0.495181,0.47937700000000005,0.444767,6.28e-4,6.65e-4,7.52e-4,6.82e-4,8.2899999999999e-4,7.11e-4,6.86e-4,6.6e-4,6.88e-4,7.26e-4,7.25e-4,6.3e-4,6.79e-4,6.74e-4,6.61e-4,6.15e-4,6.98e-4,6.67e-4,6.68e-4,7.04e-4,7.26e-4,7.4699999999999e-4,7.55e-4,0.001217,0.001164,0.00115,0.001133,0.001234,0.00108699999999999,0.00129,0.00133,0.001342,0.00144,0.001394,0.001212,0.00123,0.001222,0.00123,0.001149,0.001073,0.001227,0.00115,0.001185,0.001234,0.001179,0.001215,4.14e-4,4.12e-4,5.66e-4,5.44e-4,5.15e-4,3.5499999999999e-4,3.64e-4,3.23e-4,3.52e-4,3.41e-4,4.55e-4,4.95e-4,4.28e-4,4.03e-4,3.5299999999999e-4,4.84e-4,4.93e-4,4.0899999999999e-4,4.32e-4,4.29e-4,4.81e-4,5.17e-4,5.23e-4
SYN_049,Controls,0,No PTSD,0,NA,17,25,0,0,0,0,0,18,2,5,0,2,5,5,5,5,5,0.677353,0.6255189999999999,0.390304,0.416667,0.566227,0.643225,0.675261,0.684427,0.675298,0.696344,0.695288,0.566587,0.552401,0.724531,0.6822560000000001,0.5358539999999999,0.473729,0.61193,0.610189,0.608875,0.580052,0.548995,0.554767,6.29e-4,6.56e-4,7.36e-4,7.23e-4,7.43e-4,6.9299999999999e-4,6.5e-4,6.87e-4,6.61e-4,6.7999999999999e-4,6.86e-4,6.77e-4,6.58e-4,6.54e-4,6.07e-4,7.0599999999999e-4,6.58e-4,6.28e-4,6.27e-4,6.53e-4,6.58e-4,6.91e-4,6.97e-4,0.001307,0.001107,0.00107899999999999,0.001118,0.001355,0.00133,0.001326,0.001336,0.001359,0.001456,0.0014,0.001199,0.001208,0.00126199999999999,0.001204,0.001202,0.00105,0.00117699999999999,0.001257,0.001235,0.001176,0.001271,0.001241,3.25e-4,3.63e-4,5.7699999999999e-4,5.22e-4,4.3799999999999e-4,3.71e-4,3.1299999999999e-4,3.3e-4,3.24e-4,3.2e-4,3.16e-4,4.07e-4,4.11e-4,2.72e-4,3.15e-4,4.1799999999999e-4,4.73e-4,3.52e-4,3.65e-4,3.84e-4,4.14e-4,4.72e-4,4.14e-4
SYN_050,PTSD-only,0,PTSD,2,NA,32,56,0,0,1,0,1,53,2,5,2,2,10,6,17,12,10,0.621694,0.601619,0.406672,0.456142,0.5573819999999999,0.6055050000000001,0.646944,0.657205,0.652295,0.674099,0.708498,0.49304,0.533393,0.646192,0.673715,0.400792,0.44019,0.6112,0.5609,0.581755,0.5963229999999999,0.522293,0.473884,6.45e-4,6.59e-4,7.52e-4,7.0999999999999e-4,7.37e-4,6.6e-4,6.43e-4,6.5e-4,6.64e-4,6.76e-4,6.66e-4,6.84e-4,6.78e-4,6.72e-4,6.41e-4,7.12e-4,6.79e-4,6.71e-4,6.85e-4,6.43e-4,6.51e-4,7.08e-4,6.5e-4,0.001247,0.001168,0.001082,0.001109,0.001273,0.001221,0.001292,0.00122899999999999,0.001294,0.001389,0.001395,0.001198,0.001168,0.001267,0.001263,0.001089,0.001103,0.001239,0.001147,0.001197,0.001187,0.001223,0.001105,3.7e-4,3.79e-4,5.72e-4,5.0599999999999e-4,4.69e-4,3.97e-4,3.52e-4,3.63e-4,3.43e-4,3.36e-4,3.19e-4,4.5599999999999e-4,4.52e-4,3.56e-4,3.02e-4,5.42e-4,5.11e-4,3.6899999999999e-4,3.83e-4,4.25e-4,3.88e-4,5.05e-4,5.19e-4
SYN_051,mTBI-only,1,No PTSD,0,1,26,26,0,0,0,0,0,28,1,5,3,0,5,5,5,6,5,0.648674,0.625842,0.448208,0.437643,0.51355,0.634532,0.671014,0.660219,0.64084,0.696786,0.695288,0.532109,0.535235,0.656662,0.6480020000000001,0.529054,0.400352,0.642371,0.5795640000000001,0.609856,0.6231399999999999,0.532321,0.487141,6.51e-4,6.45e-4,7.26e-4,6.83e-4,7.43e-4,6.81e-4,6.53e-4,6.83e-4,7.07e-4,7.16e-4,6.74e-4,7.15e-4,6.85e-4,6.36e-4,6.72e-4,6.72e-4,6.97e-4,6.54e-4,6.7e-4,6.43e-4,6.5e-4,7.69e-4,7.57e-4,0.001231,0.00121099999999999,0.001126,0.001051,0.00126,0.001327,0.001264,0.001257,0.0013,0.001381,0.001347,0.001141,0.001137,0.00132899999999999,0.001246,0.001115,0.001112,0.001261,0.001186,0.00126,0.00119499999999999,0.001218,0.001248,3.39e-4,3.45e-4,5.0599999999999e-4,5.32e-4,4.89e-4,3.65e-4,3.43e-4,3.31e-4,3.85e-4,3.31e-4,3.17e-4,4.7599999999999e-4,4.4e-4,3.47e-4,3.38e-4,4.25e-4,5.0099999999999e-4,3.27e-4,3.9e-4,3.85e-4,3.63e-4,4.53e-4,5.04e-4
SYN_052,Controls,0,No PTSD,2,NA,46,64,0,1,1,0,1,24,1,5,1,8,11,14,15,10,13,0.677049,0.6877909999999999,0.624063,0.58341,0.752363,0.764875,0.72593,0.791191,0.790678,0.7902399999999999,0.845023,0.618182,0.66503,0.732838,0.736707,0.613719,0.623368,0.701393,0.642877,0.66888,0.647193,0.585146,0.5792109999999999,6.17e-4,6.03e-4,5e-4,5.94e-4,7.46e-4,6.74e-4,6.14e-4,5.31e-4,5.82e-4,5.98e-4,7.48e-4,6.46e-4,5.96e-4,6.68e-4,6.33e-4,5.71e-4,5.95e-4,7.21e-4,6.67e-4,6.41e-4,6.33e-4,6.9299999999999e-4,6.63e-4,0.001436,0.001209,9.71e-4,9.27e-4,0.00165,0.001496,0.001282,0.001173,0.001379,0.001531,0.001775,0.001313,0.001297,0.001327,0.001279,0.001076,0.00112,0.001394,0.001393,0.00121,0.001253,0.001174,0.001142,2.89e-4,2.73e-4,2.94e-4,3.43e-4,2.51e-4,2.29e-4,2.64e-4,1.9e-4,1.88e-4,2.39e-4,1.79e-4,3.24e-4,3.12e-4,2.69e-4,2.58e-4,3.22e-4,3.33e-4,3.09e-4,3.29e-4,3.03e-4,3.29e-4,4e-4,3.7799999999999e-4
SYN_053,mTBI-only,1,No PTSD,0,35,37,40,0,0,0,0,0,40,1,4,0,5,8,6,5,14,5,0.487283,0.4978010000000001,0.348152,0.316254,0.362408,0.602668,0.628921,0.61077,0.618325,0.602548,0.586906,0.532112,0.515841,0.559634,0.5589609999999999,0.445816,0.403663,0.494721,0.502433,0.490701,0.474746,0.497843,0.426721,6.66e-4,6.4899999999999e-4,7.26e-4,6.9e-4,6.74e-4,6.24e-4,6.9299999999999e-4,6.15e-4,6.82e-4,6.28e-4,6.01e-4,6.8899999999999e-4,6.53e-4,6.46e-4,6.47e-4,6.46e-4,7.04e-4,6.72e-4,6.65e-4,6.95e-4,6.72e-4,7.01e-4,6.78e-4,0.001085,0.001051,9.6099999999999e-4,9.67e-4,0.001104,0.001248,0.001253,0.001191,0.001141,0.001209,0.001181,0.00113599999999999,0.001082,0.001147,0.001152,0.001014,0.001059,0.00106899999999999,0.001093,0.001044,0.001085,0.001131,0.001097,4.45e-4,4.37e-4,5.46e-4,6.33e-4,6.09e-4,3.38e-4,3.59e-4,3.66e-4,3.68e-4,3.93e-4,3.71e-4,4.42e-4,4.17e-4,4.2699999999999e-4,4.3099999999999e-4,4.5e-4,5.4e-4,4.78e-4,4.46e-4,4.63e-4,4.88e-4,4.52e-4,5.3e-4
SYN_054,Controls,0,No PTSD,0,NA,19,26,0,0,0,0,0,27,2,5,5,3,6,5,5,5,5,0.645713,0.611571,0.442026,0.497196,0.46331000000000006,0.602696,0.6535770000000001,0.6481600000000001,0.638548,0.7083430000000001,0.671983,0.549771,0.542604,0.683164,0.640596,0.548164,0.524854,0.594639,0.582554,0.636598,0.564467,0.5147,0.480508,6.2599999999999e-4,6.57e-4,7.08e-4,6.9e-4,8.3e-4,7.13e-4,6.77e-4,6.65e-4,7.07e-4,6.71e-4,7.15e-4,6.99e-4,6.6e-4,6.38e-4,6.43e-4,7.0199999999999e-4,6.75e-4,6.32e-4,6.42e-4,6.88e-4,6.97e-4,7.48e-4,7.58e-4,0.00130399999999999,0.001246,0.001175,0.001187,0.001272,0.001351,0.001253,0.001247,0.00133,0.001388,0.00132899999999999,0.001265,0.001199,0.00133699999999999,0.001213,0.001259,0.001106,0.001261,0.001118,0.001209,0.00123,0.001247,0.001214,3.43e-4,3.8199999999999e-4,5.07e-4,4.9e-4,5.67e-4,3.84e-4,3.45e-4,3.61e-4,3.58e-4,2.97e-4,3.47e-4,4.4e-4,4.49e-4,2.98e-4,3.66e-4,4.43e-4,4.28e-4,3.79e-4,3.94e-4,3.59e-4,4.19e-4,4.93e-4,5.15e-4
SYN_055,mTBI-only,1,No PTSD,0,5,30,26,0,0,0,0,0,32,1,5,10,0,5,6,5,5,5,0.657355,0.591368,0.405562,0.377934,0.578124,0.61595,0.643108,0.657205,0.64171,0.696344,0.716,0.566684,0.5512060000000001,0.585861,0.654519,0.500892,0.530723,0.604352,0.566778,0.578404,0.606735,0.519804,0.553301,6.47e-4,6.42e-4,7.5099999999999e-4,7.35e-4,7.04e-4,6.96e-4,6.56e-4,6.47e-4,7.05e-4,6.76e-4,7.0599999999999e-4,6.69e-4,6.88e-4,6.73e-4,6.3499999999999e-4,6.83e-4,6.32e-4,6.77e-4,6.85e-4,6.44e-4,6.69e-4,7.36e-4,6.48e-4,0.001305,0.001197,0.001121,0.00113,0.001287,0.001338,0.001343,0.001309,0.001363,0.001388,0.001457,0.001277,0.001281,0.001235,0.00125199999999999,0.001151,0.001147,0.001251,0.001193,0.001277,0.001186,0.001174,0.001133,3.43e-4,3.8199999999999e-4,5.6e-4,5.63e-4,4.66e-4,4.45e-4,3.5499999999999e-4,3.7799999999999e-4,3.65e-4,3.29e-4,3.24e-4,4.5e-4,4.2e-4,4.0899999999999e-4,3.41e-4,4.37e-4,4.5599999999999e-4,3.86e-4,3.76e-4,4.3e-4,3.79e-4,4.82e-4,4e-4
SYN_056,mTBI-only,1,No PTSD,0,0,20,26,0,0,0,0,0,23,1,5,8,1,5,5,5,6,5,0.643269,0.586659,0.399417,0.383307,0.50946,0.602317,0.6358010000000001,0.644609,0.6171939999999999,0.6708529999999999,0.681633,0.522841,0.5410229999999999,0.68679,0.6425069999999999,0.5071439999999999,0.448784,0.6054229999999999,0.588537,0.579138,0.519417,0.486784,0.452082,6.67e-4,6.43e-4,7.41e-4,7.55e-4,7.68e-4,7.52e-4,6.75e-4,6.78e-4,7.04e-4,6.95e-4,7.3799999999999e-4,6.92e-4,7.13e-4,6.82e-4,6.69e-4,6.94e-4,7.21e-4,6.62e-4,7.03e-4,6.69e-4,6.94e-4,7.35e-4,7.53e-4,0.001305,0.00122599999999999,0.001116,0.001108,0.00128,0.001309,0.00132,0.00135999999999999,0.001366,0.001372,0.00147,0.001184,0.001208,0.001323,0.001291,0.001156,0.00106,0.001254,0.001261,0.001185,0.001216,0.001172,0.001161,3.58e-4,4.07e-4,5.73e-4,5.79e-4,5.21e-4,4.19e-4,3.79e-4,3.65e-4,3.91e-4,3.49e-4,3.61e-4,4.5599999999999e-4,4.28e-4,3.37e-4,3.41e-4,4.43e-4,4.83e-4,3.81e-4,4.07e-4,4.05e-4,4.29e-4,5.39e-4,5.82e-4
SYN_057,Comorbid mTBI+PTSD,1,PTSD,0,16,42,37,0,0,0,0,0,20,1,5,7,6,8,5,5,8,8,0.605072,0.5938060000000001,0.34881599999999996,0.35130500000000003,0.51766,0.596005,0.628709,0.640705,0.608122,0.670139,0.686703,0.464796,0.5092939999999999,0.588462,0.585721,0.446996,0.422638,0.565072,0.5897979999999999,0.538501,0.575284,0.475954,0.4638020000000001,6.56e-4,6.53e-4,8.31e-4,7.94e-4,7.52e-4,7.03e-4,7.08e-4,6.88e-4,7.29e-4,7.19e-4,7.18e-4,6.95e-4,7.05e-4,6.73e-4,6.87e-4,6.96e-4,7.08e-4,7.35e-4,6.64e-4,7.16e-4,6.86e-4,7.9e-4,7.39e-4,0.001287,0.001197,0.001105,0.001064,0.001379,0.001314,0.001324,0.001295,0.001273,0.001392,0.001422,0.001219,0.00118,0.001225,0.001204,0.001091,0.001111,0.001206,0.001178,0.00119,0.00127,0.001181,0.001228,3.95e-4,4.08e-4,5.88e-4,6.06e-4,4.52e-4,4.24e-4,3.84e-4,3.71e-4,4.4699999999999e-4,3.5e-4,3.56e-4,4.69e-4,4.83e-4,3.93e-4,3.72e-4,5.03e-4,5.15e-4,3.94e-4,3.7799999999999e-4,4.5599999999999e-4,4.0599999999999e-4,4.89e-4,5.11e-4
SYN_058,Comorbid mTBI+PTSD,1,PTSD,0,41,55,34,0,0,0,0,0,43,1,5,0,10,9,7,5,9,6,0.58804,0.56501,0.44667299999999993,0.364557,0.526057,0.6282449999999999,0.640915,0.65141,0.599223,0.664415,0.628085,0.513888,0.503223,0.608692,0.608993,0.464643,0.497866,0.599214,0.526734,0.5503899999999999,0.5451560000000001,0.482363,0.506717,6.25e-4,6.38e-4,7.27e-4,7.59e-4,7.68e-4,7.11e-4,6.6e-4,6.63e-4,6.99e-4,7.26e-4,7.34e-4,7.52e-4,7.08e-4,6.75e-4,6.71e-4,7.19e-4,6.92e-4,6.51e-4,6.51e-4,6.02e-4,7.11e-4,7.3799999999999e-4,6.84e-4,0.001158,0.001197,0.001155,0.001097,0.001316,0.001309,0.00125,0.00131899999999999,0.001334,0.001397,0.001389,0.001218,0.00126,0.001299,0.001174,0.00102799999999999,0.001106,0.00125,0.001193,0.00122,0.001183,0.001187,0.001146,4.03e-4,4.1799999999999e-4,4.96e-4,6.05e-4,4.98e-4,3.77e-4,3.38e-4,3.18e-4,4.4699999999999e-4,3.64e-4,3.97e-4,4.93e-4,4.54e-4,3.38e-4,3.72e-4,5.02e-4,4.3099999999999e-4,3.67e-4,4.3099999999999e-4,4.48e-4,4.4699999999999e-4,4.5e-4,4.79e-4
SYN_059,Controls,0,No PTSD,0,NA,17,28,0,0,0,0,0,48,2,5,0,0,5,5,5,7,5,0.5868359999999999,0.5537989999999999,0.402986,0.355675,0.5461189999999999,0.55853,0.582967,0.603506,0.642742,0.655013,0.66065,0.518915,0.483197,0.630107,0.595252,0.42097299999999993,0.398726,0.493082,0.527147,0.504579,0.562457,0.453518,0.467602,6.51e-4,6.7999999999999e-4,7.32e-4,7.19e-4,7.49e-4,7.18e-4,6.9299999999999e-4,7.34e-4,6.74e-4,7.16e-4,7.33e-4,7.18e-4,6.98e-4,6.55e-4,6.65e-4,6.95e-4,7.45e-4,6.7999999999999e-4,6.7e-4,6.66e-4,6.64e-4,7.76e-4,7.8e-4,0.001241,0.001174,0.001104,0.001088,0.001294,0.001281,0.00126199999999999,0.001275,0.0014,0.001393,0.001413,0.001201,0.001142,0.00124399999999999,0.001207,0.001062,0.001102,0.001137,0.001125,0.001148,0.001194,0.001227,0.001133,3.93e-4,3.91e-4,5.72e-4,6.04e-4,4.79e-4,4.71e-4,4.13e-4,3.58e-4,3.6e-4,3.72e-4,3.84e-4,4.7999999999999e-4,5.15e-4,3.73e-4,3.87e-4,5.4e-4,5.31e-4,4.74e-4,4.46e-4,4.12e-4,4.2199999999999e-4,5.85e-4,5.48e-4
SYN_060,PTSD-only,0,PTSD,0,52,73,34,0,0,0,0,0,35,1,5,16,24,9,7,5,9,7,0.612906,0.579084,0.380589,0.404915,0.503668,0.551338,0.613314,0.612695,0.606359,0.659251,0.649253,0.507408,0.483197,0.5857359999999999,0.620703,0.454767,0.449171,0.566068,0.565706,0.58778299999999994,0.576419,0.4934,0.532845,6.33e-4,6.3899999999999e-4,7.73e-4,6.94e-4,8.06e-4,7.33e-4,7.01e-4,7.0199999999999e-4,7.2e-4,6.9e-4,7.5099999999999e-4,7.21e-4,6.75e-4,6.9299999999999e-4,6.44e-4,7.23e-4,7.2e-4,6.72e-4,6.75e-4,6.27e-4,6.4899999999999e-4,7.24e-4,7.01e-4,0.001219,0.001235,0.00113,0.001119,0.00128,0.001266,0.001238,0.00135999999999999,0.001354,0.001369,0.001466,0.001241,0.001116,0.00121,0.001269,0.00114,0.001144,0.001209,0.001228,0.001247,0.001126,0.00124,0.001157,3.71e-4,4.26e-4,5.73e-4,5.6399999999999e-4,5.53e-4,4.71e-4,3.7e-4,4.1e-4,4.33e-4,3.59e-4,3.7799999999999e-4,4.98e-4,4.86e-4,4.03e-4,3.5299999999999e-4,5.24e-4,5.15e-4,3.9e-4,4.01e-4,3.9e-4,4.17e-4,5.19e-4,4.72e-4
SYN_061,PTSD-only,0,PTSD,0,0,80,34,0,0,0,0,0,36,1,5,0,10,6,8,5,11,9,0.452082,0.4978010000000001,0.383397,0.342223,0.327197,0.560978,0.602917,0.617398,0.640129,0.6239819999999999,0.608645,0.460363,0.471607,0.542507,0.5355409999999999,0.454226,0.4282,0.349031,0.426382,0.436256,0.450414,0.42525,0.417716,6.9299999999999e-4,6.54e-4,7.41e-4,7.22e-4,8.72e-4,6.25e-4,6.7999999999999e-4,6.41e-4,7.03e-4,7.66e-4,6.2199999999999e-4,6.87e-4,7.07e-4,6.78e-4,6.51e-4,6.69e-4,6.9e-4,7.07e-4,7.04e-4,6.59e-4,6.96e-4,6.82e-4,7.28e-4,0.001021,0.001117,0.001047,0.001116,0.001053,0.00104,0.001259,0.001224,0.001142,0.001178,0.001074,0.001142,0.001146,0.001259,0.00115,0.001107,0.00108699999999999,9.92e-4,0.001062,0.001093,0.001105,0.001083,0.001084,4.7599999999999e-4,4.37e-4,6.66e-4,5.6e-4,7.45e-4,4.4e-4,3.84e-4,3.76e-4,3.6e-4,3.85e-4,3.52e-4,5.1399999999999e-4,5.17e-4,3.64e-4,4.17e-4,5.02e-4,5.0599999999999e-4,5.8099999999999e-4,5.33e-4,5.12e-4,4.7999999999999e-4,5.22e-4,5.58e-4
SYN_062,Controls,0,No PTSD,0,NA,17,25,0,0,0,0,0,18,2,5,0,0,5,5,5,5,5,0.6072609999999999,0.598204,0.462813,0.419693,0.566634,0.593618,0.604125,0.610899,0.6136229999999999,0.6577649999999999,0.667416,0.546499,0.539406,0.668826,0.659295,0.492434,0.556369,0.578444,0.512682,0.5903729999999999,0.569517,0.54061,0.543693,6.81e-4,6.58e-4,7.35e-4,7.48e-4,7.4e-4,7.26e-4,6.73e-4,6.88e-4,6.83e-4,7.01e-4,7.14e-4,7.19e-4,7.24e-4,6.69e-4,6.4e-4,6.74e-4,6.85e-4,6.85e-4,6.76e-4,7.28e-4,6.5e-4,7.55e-4,7.28e-4,0.001303,0.001284,0.001116,0.001118,0.001371,0.00133,0.001308,0.001326,0.001362,0.001379,0.00146099999999999,0.001213,0.001186,0.00132899999999999,0.001287,0.001164,0.001144,0.001207,0.001205,0.001271,0.001183,0.001271,0.00120299999999999,3.87e-4,3.91e-4,4.96e-4,5.36e-4,4.7699999999999e-4,4.21e-4,4e-4,3.94e-4,4.0899999999999e-4,3.77e-4,3.48e-4,4.57e-4,4.53e-4,3.31e-4,3.38e-4,4.81e-4,4.71e-4,3.75e-4,4.2e-4,4e-4,4.03e-4,4.43e-4,4.7699999999999e-4
SYN_063,Controls,0,No PTSD,0,0,17,29,0,0,0,0,0,22,2,5,2,0,7,5,5,9,5,0.617343,0.59441,0.398126,0.412926,0.55235,0.585481,0.619251,0.655466,0.62905200000000006,0.651347,0.686587,0.529837,0.532068,0.6207229999999999,0.6490600000000001,0.483531,0.428991,0.53817,0.536512,0.564608,0.560613,0.459328,0.460697,6.53e-4,6.71e-4,7.79e-4,7.33e-4,7.8e-4,6.95e-4,6.69e-4,6.78e-4,7.07e-4,7.03e-4,7.39e-4,7.0599999999999e-4,6.74e-4,6.66e-4,6.47e-4,7.15e-4,7.11e-4,6.71e-4,6.58e-4,7.0999999999999e-4,6.66e-4,7.7e-4,8.31e-4,0.00124399999999999,0.001181,0.00115,0.001184,0.001355,0.001261,0.001335,0.001352,0.00135999999999999,0.001397,0.001432,0.001206,0.001277,0.001264,0.001238,0.001084,0.001022,0.001207,0.001201,0.001236,0.00119,0.001179,0.001125,3.7799999999999e-4,3.86e-4,5.6799999999999e-4,5.36e-4,4.45e-4,4.4e-4,3.81e-4,3.62e-4,4.03e-4,3.46e-4,3.39e-4,4.5999999999999e-4,4.62e-4,3.71e-4,3.41e-4,4.88e-4,5.36e-4,4.23e-4,4.24e-4,4.17e-4,4.26e-4,5.53e-4,5.32e-4
SYN_064,Controls,0,No PTSD,0,0,17,25,0,0,0,0,0,18,2,NA,3,0,5,5,5,5,5,0.582834,0.5537989999999999,0.394703,0.439345,0.5334,0.573395,0.613596,0.631468,0.629872,0.680088,0.6848890000000001,0.521708,0.483197,0.596542,0.628012,0.474658,0.476128,0.488047,0.580539,0.517515,0.512199,0.423079,0.457135,6.64e-4,6.7e-4,7.32e-4,7.4e-4,6.88e-4,7.03e-4,6.53e-4,6.47e-4,7.05e-4,7.0199999999999e-4,7.12e-4,7.18e-4,7.09e-4,7.01e-4,6.53e-4,6.95e-4,6.34e-4,6.79e-4,6.58e-4,7.01e-4,7.13e-4,7.54e-4,7.7e-4,0.00119,0.001197,0.001156,0.00108699999999999,0.001377,0.001335,0.001272,0.001357,0.00140899999999999,0.001317,0.001434,0.001199,0.00126,0.001314,0.001221,0.001103,0.001164,0.001176,0.001221,0.00119,0.001174,0.001151,0.00119,3.85e-4,4.55e-4,5.84e-4,5.12e-4,4.94e-4,4.34e-4,3.58e-4,3.6899999999999e-4,3.7999999999999e-4,3.48e-4,3.5299999999999e-4,4.39e-4,5.15e-4,4.01e-4,3.57e-4,4.83e-4,4.9699999999999e-4,5.23e-4,4.12e-4,4.3799999999999e-4,4.39e-4,5.85e-4,4.73e-4
SYN_065,Comorbid mTBI+PTSD,1,PTSD,2,41,64,50,0,0,0,1,1,26,1,5,1,16,10,5,5,19,11,0.7255739999999999,0.720831,0.615354,0.565112,0.7576069999999999,0.794474,0.760538,0.78993,0.79355,0.813298,0.886086,0.662154,0.66503,0.795672,0.7658739999999999,0.655123,0.679938,0.720725,0.742424,0.66888,0.677484,0.675272,0.5752229999999999,6.4e-4,5.41e-4,5.03e-4,5.4e-4,7e-4,6.74e-4,5.95e-4,5.44e-4,6.02e-4,5.98e-4,7.0599999999999e-4,6.56e-4,6.15e-4,6.68e-4,6.71e-4,5.71e-4,5.82e-4,7.14e-4,6.09e-4,5.58e-4,5.91e-4,5.65e-4,6.73e-4,0.00132,0.001356,0.001011,9.16e-4,0.001691,0.00149399999999999,0.001255,0.001269,0.001349,0.001467,0.001907,0.0012,0.001322,0.001525,0.001341,0.001159,0.001015,0.0015,0.001352,0.00111,0.001221,0.001235,0.001142,2.52e-4,2.67e-4,3.08e-4,3.09e-4,2.51e-4,1.94e-4,2.42e-4,1.8899999999999e-4,1.84e-4,1.99e-4,1.26e-4,2.16e-4,3.04e-4,2.31e-4,2.44e-4,2.59e-4,3.12e-4,2.92e-4,2.59e-4,3.17e-4,3.1e-4,3.3e-4,3.8199999999999e-4
SYN_066,Comorbid mTBI+PTSD,1,PTSD,0,39,56,35,0,0,0,0,0,38,1,4,1,16,5,8,6,14,8,0.624567,0.5831529999999999,0.353989,0.385165,0.5432100000000001,0.586843,0.6037319999999999,0.60601,0.627051,0.642884,0.649578,0.464429,0.530129,0.598208,0.585721,0.408216,0.377245,0.572383,0.5147,0.5700310000000001,0.519508,0.470253,0.506717,6.4e-4,6.45e-4,8.1199999999999e-4,7.25e-4,7.52e-4,7.15e-4,6.68e-4,7.25e-4,6.58e-4,6.87e-4,7.13e-4,6.92e-4,6.66e-4,6.55e-4,7.33e-4,7.22e-4,7.3e-4,7.0199999999999e-4,7.09e-4,6.55e-4,7.17e-4,6.75e-4,7.0199999999999e-4,0.001245,0.001235,0.001085,0.00108,0.001369,0.00119499999999999,0.00126199999999999,0.001305,0.001318,0.001411,0.001361,0.001134,0.001153,0.001221,0.001205,0.001097,0.001075,0.001239,0.001183,0.001219,0.00115,0.001132,0.001231,3.64e-4,3.87e-4,6.15e-4,6.18e-4,4.7e-4,4.3099999999999e-4,3.87e-4,4.01e-4,3.89e-4,3.6899999999999e-4,3.73e-4,4.79e-4,4.58e-4,3.91e-4,3.96e-4,5.73e-4,6.1e-4,4.04e-4,4.46e-4,4.13e-4,4.36e-4,4.79e-4,5.13e-4
SYN_067,mTBI-only,1,No PTSD,0,25,28,33,0,0,0,0,0,28,1,5,10,9,6,5,5,9,6,0.622644,0.625898,0.450654,0.421509,0.540622,0.611687,0.651853,0.668309,0.644536,0.661267,0.672729,0.537004,0.532135,0.612481,0.623132,0.47743,0.5193369999999999,0.55989,0.5897979999999999,0.5862609999999999,0.580052,0.497117,0.49248500000000006,6.23e-4,6.23e-4,7.24e-4,6.99e-4,7.17e-4,7.01e-4,6.53e-4,6.86e-4,7.07e-4,7e-4,7.3799999999999e-4,7.21e-4,6.61e-4,6.63e-4,6.45e-4,7.25e-4,6.92e-4,6.69e-4,6.68e-4,6.37e-4,6.73e-4,7.69e-4,8.31e-4,0.001214,0.001246,0.001178,0.001132,0.001308,0.001281,0.001281,0.001363,0.001344,0.001369,0.001418,0.00120299999999999,0.001185,0.001279,0.001219,0.001099,0.001106,0.001204,0.001272,0.001216,0.001193,0.00115399999999999,0.001234,3.58e-4,3.5099999999999e-4,5.04e-4,5.19e-4,4.66e-4,4.2e-4,3.32e-4,3.44e-4,3.7999999999999e-4,3.57e-4,3.52e-4,4.04e-4,4.42e-4,3.7e-4,3.64e-4,4.96e-4,4.57e-4,4.42e-4,3.94e-4,3.91e-4,4.23e-4,5.32e-4,5.02e-4
SYN_068,mTBI-only,1,No PTSD,2,35,37,85,1,1,0,1,1,31,2,5,0,7,18,21,5,18,15,0.457196,0.536927,0.440359,0.402649,0.4281930000000001,0.576801,0.629908,0.635601,0.611462,0.619793,0.555053,0.535313,0.5176930000000001,0.581831,0.541391,0.48541899999999993,0.399048,0.487836,0.477354,0.498162,0.47226,0.408643,0.397965,6.72e-4,6.76e-4,7.01e-4,6.77e-4,6.68e-4,6.38e-4,6.3e-4,6.41e-4,6.36e-4,6.82e-4,6.45e-4,7.22e-4,6.68e-4,6.74e-4,6.76e-4,6.3099999999999e-4,6.8899999999999e-4,7.0599999999999e-4,6.7999999999999e-4,6.6e-4,6.46e-4,7.32e-4,7.14e-4,0.001044,0.001077,9.68e-4,0.001024,9.87e-4,0.001127,0.001242,0.001193,0.001114,0.001116,0.001135,0.001142,0.001091,0.0012,0.00113599999999999,0.001014,9.64e-4,0.001031,0.00106099999999999,0.001047,0.001051,0.001066,0.00113,4.86e-4,4.08e-4,4.34e-4,4.82e-4,4.87e-4,4.07e-4,3.5499999999999e-4,3.28e-4,3.84e-4,3.67e-4,4.3799999999999e-4,4.26e-4,4.1799999999999e-4,3.97e-4,4.26e-4,4.0899999999999e-4,5.44e-4,4.1e-4,4.66e-4,4.58e-4,4.74e-4,5.54e-4,5.51e-4
SYN_069,Controls,0,No PTSD,0,NA,32,25,0,0,0,0,0,45,1,5,13,0,5,5,5,5,5,0.643537,0.624699,0.357508,0.405213,0.544482,0.613506,0.6619,0.685736,0.671713,0.678212,0.6959029999999999,0.534342,0.561466,0.627444,0.665192,0.493632,0.500451,0.561213,0.5658350000000001,0.590511,0.555575,0.48727700000000007,0.446697,6.24e-4,6.25e-4,7.41e-4,7.17e-4,7.81e-4,6.7e-4,6.78e-4,6.51e-4,6.3099999999999e-4,7.03e-4,6.81e-4,6.86e-4,7.25e-4,6.05e-4,6.47e-4,7.01e-4,6.61e-4,6.74e-4,6.33e-4,6.81e-4,6.73e-4,6.91e-4,7.26e-4,0.0012,0.001208,0.00107899999999999,9.82e-4,0.001357,0.001297,0.001292,0.001283,0.001359,0.00141199999999999,0.001407,0.001206,0.001153,0.001249,0.001204,0.001158,0.001164,0.00112,0.001236,0.001189,0.001155,0.00115399999999999,0.001176,3.58e-4,3.46e-4,5.88e-4,5.38e-4,4.7999999999999e-4,4.12e-4,3.39e-4,3.21e-4,3.3999999999999e-4,3.47e-4,3.24e-4,4.54e-4,4.04e-4,3.59e-4,3.28e-4,4.36e-4,4.68e-4,4.12e-4,4.05e-4,3.9e-4,4.0899999999999e-4,4.6699999999999e-4,5.33e-4
SYN_070,mTBI-only,1,No PTSD,0,0,23,26,0,0,0,0,0,47,2,5,1,1,5,5,5,6,5,0.627785,0.5747869999999999,0.329334,0.34026300000000004,0.515858,0.571429,0.596688,0.596625,0.5869260000000001,0.659251,0.648478,0.495933,0.483197,0.608692,0.581142,0.387741,0.401583,0.5288619999999999,0.537018,0.553876,0.527312,0.493809,0.5191520000000001,6.79e-4,6.76e-4,7.92e-4,7.73e-4,7.68e-4,7.07e-4,6.85e-4,6.9299999999999e-4,7.43e-4,7.22e-4,7.0999999999999e-4,7.13e-4,6.47e-4,6.84e-4,6.83e-4,7.09e-4,7.4e-4,7.04e-4,6.97e-4,6.65e-4,6.94e-4,7.2e-4,6.7999999999999e-4,0.001268,0.001207,0.00110999999999999,0.001099,0.001314,0.001327,0.00124399999999999,0.00129299999999999,0.00132899999999999,0.001369,0.001431,0.001188,0.001056,0.0013,0.001249,0.001057,0.001091,0.001204,0.001179,0.001209,0.001126,0.001174,0.001187,3.49e-4,4.0599999999999e-4,6.37e-4,6.2599999999999e-4,5.07e-4,4.42e-4,4.01e-4,3.94e-4,4.2199999999999e-4,3.59e-4,3.88e-4,4.79e-4,4.74e-4,3.83e-4,4.08e-4,5.51e-4,5.57e-4,4.52e-4,4.07e-4,4.12e-4,4.46e-4,5.04e-4,5.07e-4
SYN_071,Controls,0,No PTSD,0,NA,17,35,0,0,0,0,0,24,1,4,9,2,6,6,5,10,9,0.643471,0.596731,0.392309,0.391483,0.559495,0.623913,0.642011,0.65852,0.676108,0.669445,0.6919390000000001,0.519984,0.5056470000000001,0.66232,0.617636,0.577001,0.495122,0.571469,0.5874590000000001,0.578404,0.6136729999999999,0.496163,0.487892,6.21e-4,6.54e-4,7.48e-4,7.5599999999999e-4,7.8e-4,7.11e-4,6.88e-4,6.6e-4,6.81e-4,6.9e-4,6.8899999999999e-4,7.11e-4,6.82e-4,6.59e-4,6.45e-4,7.04e-4,6.87e-4,6.83e-4,6.74e-4,6.4e-4,6.64e-4,7.18e-4,7.01e-4,0.001288,0.001188,0.001101,0.001092,0.001398,0.001277,0.001254,0.001279,0.0013,0.001397,0.001483,0.001209,0.00119499999999999,0.001288,0.001213,0.001155,0.00116199999999999,0.001189,0.001223,0.00123,0.001256,0.001241,0.001175,3.58e-4,3.94e-4,5.73e-4,5.62e-4,4.65e-4,3.74e-4,3.5299999999999e-4,3.45e-4,3.15e-4,3.46e-4,3.36e-4,4.69e-4,4.6699999999999e-4,3.47e-4,3.7799999999999e-4,4.12e-4,4.4699999999999e-4,3.75e-4,3.96e-4,4e-4,3.75e-4,5.0999999999999e-4,4.6699999999999e-4
SYN_072,Controls,0,No PTSD,0,NA,17,27,0,0,0,0,0,63,1,5,0,0,5,5,5,8,5,0.6613680000000001,0.626054,0.5525359999999999,0.49595600000000006,0.706295,0.7484729999999999,0.683331,0.741097,0.7802720000000001,0.751154,0.8411549999999999,0.6208100000000001,0.603038,0.724852,0.731644,0.5946020000000001,0.564366,0.7058949999999999,0.6122920000000001,0.631867,0.562507,0.574178,0.534436,6.18e-4,5.89e-4,6.23e-4,4.81e-4,6.32e-4,6.72e-4,5.94e-4,5.52e-4,5.41e-4,7.17e-4,8e-4,7.16e-4,6.48e-4,6.25e-4,6.16e-4,5.02e-4,6.3499999999999e-4,6.57e-4,6.3099999999999e-4,6.15e-4,6.37e-4,7.01e-4,6.76e-4,0.001201,0.00124399999999999,9.96e-4,8.7599999999999e-4,0.001495,0.001456,0.001301,0.001208,0.00162399999999999,0.001563,0.001966,0.001131,0.001193,0.001325,0.00142699999999999,0.001053,0.001024,0.001365,0.001269,0.001232,0.001138,0.001281,0.001139,3.3e-4,3.5e-4,4.23e-4,3.57e-4,2.95e-4,2.61e-4,2.97e-4,2.23e-4,1.98e-4,2.41e-4,1.88e-4,3.23e-4,3.33e-4,2.83e-4,2.8199999999999e-4,3.73e-4,3.37e-4,2.91e-4,3.81e-4,3.23e-4,4.1799999999999e-4,4.14e-4,4.2199999999999e-4
SYN_073,Comorbid mTBI+PTSD,1,PTSD,0,20,51,36,0,0,0,0,0,57,1,1,1,12,6,5,7,10,9,0.629568,0.640304,0.366656,0.385165,0.53583,0.5874159999999999,0.604371,0.609347,0.581338,0.628958,0.6351289999999999,0.457622,0.530129,0.6522359999999999,0.5928760000000001,0.431101,0.433567,0.5717939999999999,0.529328,0.599928,0.561837,0.46870600000000007,0.5064069999999999,6.69e-4,6.55e-4,7.41e-4,7.25e-4,7.39e-4,7.04e-4,6.71e-4,7.08e-4,7.5599999999999e-4,7e-4,7.0999999999999e-4,7.3799999999999e-4,6.67e-4,6.4899999999999e-4,7.13e-4,7.05e-4,7.17e-4,7.03e-4,6.3499999999999e-4,6.7999999999999e-4,6.69e-4,7.73e-4,7.22e-4,0.001246,0.001222,0.001139,0.001076,0.001331,0.001149,0.001421,0.001287,0.001481,0.00137,0.00146099999999999,0.00115,0.001247,0.001332,0.001316,0.001097,0.001108,0.001242,0.001159,0.001192,0.001257,0.001287,0.00126199999999999,3.74e-4,3.5e-4,6.23e-4,5.58e-4,4.94e-4,4.12e-4,3.87e-4,3.93e-4,4.34e-4,3.9e-4,4.55e-4,4.92e-4,4.58e-4,3.35e-4,3.96e-4,5.38e-4,5.18e-4,4.11e-4,4.66e-4,3.85e-4,4.03e-4,5.1399999999999e-4,5.38e-4
SYN_074,Comorbid mTBI+PTSD,1,PTSD,2,NA,70,37,0,0,0,0,1,32,1,5,1,10,7,7,5,5,11,0.63804399999999994,0.588363,0.337769,0.336856,0.625975,0.61595,0.625038,0.651722,0.577375,0.6518430000000001,0.678667,0.547374,0.560802,0.66787,0.640137,0.577001,0.481574,0.6219560000000001,0.5437770000000001,0.5607989999999999,0.548786,0.495201,0.480106,6.82e-4,6.59e-4,8.1799999999999e-4,7.19e-4,7.71e-4,7.23e-4,6.63e-4,6.81e-4,8.5e-4,7.19e-4,6.9e-4,7.0599999999999e-4,7.12e-4,6.74e-4,6.32e-4,6.67e-4,7.18e-4,6.25e-4,6.78e-4,6.88e-4,7.23e-4,7.45e-4,7.86e-4,0.001292,0.001207,0.001179,0.001137,0.00128,0.001313,0.001222,0.001342,0.001334,0.001416,0.001433,0.001261,0.001196,0.001332,0.001263,0.001096,0.001109,0.001267,0.001151,0.001282,0.001267,0.001273,0.001218,3.68e-4,3.85e-4,6.38e-4,6.24e-4,3.59e-4,3.94e-4,4.15e-4,3.65e-4,4.34e-4,3.76e-4,3.34e-4,4.4699999999999e-4,4.19e-4,3.23e-4,3.58e-4,4.32e-4,4.53e-4,3.7999999999999e-4,3.96e-4,4.34e-4,4.17e-4,5.07e-4,5.08e-4
SYN_075,Comorbid mTBI+PTSD,1,PTSD,2,30,52,74,1,1,0,1,1,58,1,4,7,14,16,15,7,21,13,0.607425,0.594417,0.383933,0.389216,0.514931,0.568418,0.587701,0.596625,0.599209,0.647242,0.652288,0.464796,0.441624,0.585258,0.584384,0.42853900000000006,0.355862,0.555858,0.541423,0.567187,0.535091,0.47166099999999994,0.468691,6.5e-4,6.24e-4,7.41e-4,7.39e-4,7.36e-4,6.88e-4,6.78e-4,6.83e-4,6.92e-4,6.87e-4,7.34e-4,7.21e-4,6.9299999999999e-4,6.77e-4,7.03e-4,7.21e-4,7.36e-4,6.9e-4,6.62e-4,6.7999999999999e-4,6.9e-4,7.91e-4,7.59e-4,0.001326,0.001235,0.001091,9.9399999999999e-4,0.00132,0.001266,0.001297,0.001269,0.001327,0.001364,0.001327,0.00113599999999999,0.00121099999999999,0.001238,0.001247,0.001101,0.001067,0.001107,0.001141,0.001209,0.001164,0.001191,0.001133,3.77e-4,3.95e-4,5.92e-4,5.41e-4,5.07e-4,4.61e-4,4.05e-4,3.77e-4,4.33e-4,3.68e-4,3.81e-4,4.5599999999999e-4,5.21e-4,4.11e-4,3.7e-4,5.18e-4,5.6399999999999e-4,4.4e-4,4.2199999999999e-4,4.26e-4,4.46e-4,4.79e-4,5.19e-4
SYN_076,Controls,0,No PTSD,0,NA,17,25,0,0,0,0,0,24,1,5,6,0,5,5,5,5,5,0.657253,0.664243,0.560228,0.519368,0.742889,0.794474,0.699819,0.7612949999999999,0.791215,0.7808930000000001,0.8590639999999999,0.597877,0.66503,0.751526,0.720331,0.655123,0.663154,0.744516,0.642339,0.685793,0.656145,0.6709609999999999,0.534436,6.14e-4,6.1299999999999e-4,5.52e-4,5.71e-4,6.62e-4,7.03e-4,6.15e-4,6.03e-4,5.71e-4,6.55e-4,8e-4,6.25e-4,6.15e-4,6.67e-4,6.36e-4,5.46e-4,5.9e-4,6.57e-4,6.56e-4,6.23e-4,6.23e-4,6.5199999999999e-4,7.2e-4,0.001267,0.00125199999999999,9.62e-4,9.1199999999999e-4,0.001475,0.001735,0.001312,0.001115,0.001336,0.001518,0.00186799999999999,0.001239,0.001242,0.001344,0.001416,0.001169,0.001081,0.001366,0.001282,0.001193,0.00124399999999999,0.00126199999999999,0.001296,3.43e-4,2.77e-4,3.45e-4,3.44e-4,2.5699999999999e-4,2.17e-4,2.92e-4,2.23e-4,1.96e-4,2.23e-4,1.59e-4,3.35e-4,2.87e-4,2.42e-4,2.68e-4,2.89e-4,2.75e-4,2.43e-4,3.27e-4,2.64e-4,3.1e-4,3.5e-4,4.7e-4
SYN_077,Comorbid mTBI+PTSD,1,PTSD,2,19,39,55,1,0,0,1,1,33,2,5,0,10,16,9,5,19,12,0.5350729999999999,0.52298,0.408006,0.393498,0.427076,0.585481,0.665917,0.655668,0.640428,0.633434,0.626249,0.519634,0.550021,0.602758,0.585088,0.523177,0.460754,0.453802,0.477354,0.498453,0.523772,0.479591,0.397846,6.32e-4,6.45e-4,6.73e-4,6.54e-4,6.69e-4,6.42e-4,6.1e-4,6.01e-4,5.97e-4,6.03e-4,6.45e-4,6.32e-4,6.45e-4,6.51e-4,6.1e-4,6.2599999999999e-4,6.66e-4,6.48e-4,6.34e-4,6.88e-4,6.36e-4,6.4e-4,7.35e-4,0.001063,0.001064,0.001024,9.41e-4,0.001037,0.001145,0.001256,0.001084,0.001093,0.001116,0.00107,0.001114,0.00106899999999999,0.001183,0.001159,0.001034,0.00103,0.001085,0.001038,0.001047,0.001072,0.001036,0.001058,4.08e-4,4.32e-4,4.83e-4,4.91e-4,5.13e-4,3.99e-4,3.14e-4,3.28e-4,3.58e-4,3.5499999999999e-4,3.52e-4,4.17e-4,4.1e-4,3.38e-4,3.46e-4,4.34e-4,4.98e-4,5.03e-4,4.72e-4,4.4699999999999e-4,4.28e-4,5.02e-4,5.58e-4
SYN_078,Comorbid mTBI+PTSD,1,PTSD,0,31,60,29,0,0,0,0,0,33,2,5,5,9,5,6,5,12,6,0.615563,0.566333,0.386492,0.400519,0.497187,0.5662560000000001,0.587701,0.61222,0.60032,0.65082,0.6763680000000001,0.509696,0.503246,0.6301399999999999,0.6431680000000001,0.386463,0.451253,0.57976,0.537018,0.5700310000000001,0.55989,0.4401739999999999,0.433094,6.41e-4,6.61e-4,7.4699999999999e-4,7.29e-4,7.8e-4,7.63e-4,7.25e-4,6.85e-4,7.12e-4,7.14e-4,6.94e-4,7.11e-4,7.08e-4,6.57e-4,6.37e-4,7.14e-4,7.08e-4,6.99e-4,6.85e-4,6.55e-4,6.53e-4,7.54e-4,7.98e-4,0.001326,0.001242,0.001153,0.001126,0.001289,0.00122599999999999,0.00129799999999999,0.001263,0.001374,0.001403,0.001422,0.001186,0.001259,0.001258,0.001296,0.001101,0.001073,0.001206,0.00117,0.001201,0.001164,0.00129799999999999,0.00115399999999999,3.7799999999999e-4,4.07e-4,6.05e-4,5.33e-4,5.24e-4,4.53e-4,4.13e-4,3.94e-4,4.25e-4,3.6899999999999e-4,3.47e-4,4.66e-4,5.11e-4,3.6e-4,3.41e-4,5.36e-4,4.95e-4,4.0199999999999e-4,4.1e-4,4.17e-4,4.0899999999999e-4,5.4e-4,5.6e-4
SYN_079,mTBI-only,1,No PTSD,0,0,17,44,0,0,0,0,0,23,2,5,9,2,10,9,5,13,8,0.606341,0.60211,0.38463,0.355898,0.551239,0.55821,0.596688,0.607014,0.595472,0.647242,0.6490229999999999,0.496196,0.471607,0.585258,0.61429,0.414262,0.4093,0.531442,0.5046,0.5423319999999999,0.520356,0.500714,0.502047,6.7e-4,6.81e-4,7.4699999999999e-4,7.66e-4,7.27e-4,7.4e-4,6.99e-4,7.25e-4,6.99e-4,6.99e-4,7.32e-4,7.27e-4,7.08e-4,6.66e-4,6.46e-4,7.12e-4,7.15e-4,6.7e-4,6.61e-4,6.7e-4,6.85e-4,7.8e-4,7.4699999999999e-4,0.001276,0.00117699999999999,0.001148,0.00108,0.001373,0.001253,0.001326,0.001269,0.001334,0.001374,0.001473,0.00126,0.00116,0.001194,0.001277,0.001065,0.001083,0.001168,0.001102,0.001174,0.001239,0.001215,0.001206,4.08e-4,4.0199999999999e-4,6.3499999999999e-4,6.03e-4,4.79e-4,4.49e-4,3.95e-4,4.1e-4,4.14e-4,3.7999999999999e-4,3.81e-4,4.8499999999999e-4,5.1399999999999e-4,4.1799999999999e-4,3.59e-4,5.33e-4,5.58e-4,4.26e-4,4.5599999999999e-4,4.7699999999999e-4,4.46e-4,4.8499999999999e-4,5.34e-4
SYN_080,mTBI-only,1,No PTSD,0,0,28,29,0,0,0,0,0,25,1,5,13,1,5,9,5,5,5,0.679934,0.647609,0.475046,0.450765,0.56914,0.643726,0.6574409999999999,0.658814,0.6436350000000001,0.693244,0.708862,0.570588,0.572549,0.7201890000000001,0.6344479999999999,0.507835,0.516479,0.5952430000000001,0.6089060000000001,0.623922,0.628556,0.557767,0.554767,6.24e-4,5.98e-4,7.25e-4,7.27e-4,7.34e-4,6.69e-4,6.5199999999999e-4,6.43e-4,7.0199999999999e-4,6.54e-4,6.74e-4,6.87e-4,6.48e-4,6.56e-4,6.34e-4,6.54e-4,6.75e-4,6.56e-4,6.3e-4,6.48e-4,6.56e-4,7.18e-4,6.07e-4,0.001292,0.001149,0.001168,0.001068,0.001355,0.001313,0.001254,0.001363,0.001324,0.001317,0.001347,0.001235,0.001281,0.001351,0.00124399999999999,0.001108,0.001111,0.00119499999999999,0.001196,0.00117699999999999,0.001186,0.00116199999999999,0.001175,2.95e-4,3.21e-4,4.93e-4,4.68e-4,3.99e-4,3.52e-4,3.36e-4,3.6e-4,3.66e-4,3.19e-4,3.2e-4,4.42e-4,3.84e-4,2.27e-4,3.3999999999999e-4,4.42e-4,4.49e-4,3.8199999999999e-4,3.59e-4,3.59e-4,3.34e-4,4.5999999999999e-4,4.03e-4
SYN_081,mTBI-only,1,No PTSD,0,3,20,25,0,0,0,0,0,18,2,5,0,0,5,5,5,5,5,0.6553800000000001,0.660553,0.453745,0.388674,0.544718,0.638073,0.641035,0.646755,0.619899,0.6889850000000001,0.7017720000000001,0.521845,0.532927,0.617858,0.5969180000000001,0.455488,0.413762,0.625218,0.584787,0.6233989999999999,0.650907,0.530467,0.528447,6.64e-4,6.5199999999999e-4,7.24e-4,7.17e-4,7.4e-4,7.17e-4,6.53e-4,6.81e-4,6.82e-4,7.07e-4,6.97e-4,6.96e-4,6.7e-4,6.61e-4,6.86e-4,7.27e-4,7.09e-4,6.8899999999999e-4,6.77e-4,6.7999999999999e-4,6.3099999999999e-4,7.46e-4,6.73e-4,0.001286,0.00121099999999999,0.001117,0.001045,0.001367,0.001355,0.001303,0.001276,0.001363,0.001391,0.001401,0.001086,0.0012,0.001263,0.001258,0.001085,0.00106099999999999,0.00126199999999999,0.001221,0.001185,0.001277,0.001301,0.001247,3.36e-4,3.3999999999999e-4,5.17e-4,5.62e-4,4.69e-4,3.71e-4,3.59e-4,3.45e-4,3.87e-4,3.29e-4,3.29e-4,4.45e-4,4.57e-4,3.86e-4,4.08e-4,5.09e-4,5.33e-4,3.27e-4,3.99e-4,3.59e-4,3.47e-4,4.7599999999999e-4,4.59e-4
SYN_082,Controls,0,No PTSD,0,NA,17,31,0,0,0,0,0,31,2,4,1,0,6,5,5,11,5,0.677948,0.623663,0.348774,0.365249,0.578124,0.611739,0.6358010000000001,0.627164,0.621524,0.683017,0.694254,0.60525,0.567454,0.6530630000000001,0.636033,0.439422,0.444046,0.56963,0.566778,0.606796,0.6038720000000001,0.473344,0.527965,6.24e-4,6.07e-4,7.55e-4,7.55e-4,7.48e-4,6.96e-4,6.66e-4,6.75e-4,7.04e-4,6.92e-4,6.91e-4,6.82e-4,6.41e-4,6.3899999999999e-4,6.66e-4,7.0199999999999e-4,7.12e-4,6.81e-4,6.4e-4,6.36e-4,6.27e-4,7.86e-4,7.0599999999999e-4,0.001275,0.001197,0.001123,0.001098,0.00132,0.001264,0.001233,0.00124399999999999,0.001481,0.001347,0.00141,0.001291,0.001208,0.001255,0.001316,0.001103,0.001058,0.001224,0.001166,0.001248,0.001186,0.001231,0.00126199999999999,3.12e-4,3.36e-4,6.17e-4,5.9e-4,4.54e-4,4.0899999999999e-4,3.75e-4,3.84e-4,3.91e-4,3.48e-4,3.27e-4,3.9e-4,3.83e-4,3.35e-4,3.7799999999999e-4,5.0099999999999e-4,5.0599999999999e-4,3.9e-4,3.94e-4,3.89e-4,3.5499999999999e-4,5.26e-4,4.57e-4
SYN_083,Controls,0,No PTSD,0,NA,30,27,0,0,0,0,0,18,1,4,0,0,5,5,5,7,6,0.652741,0.6158359999999999,0.528805,0.5750109999999999,0.752363,0.7357670000000001,0.672294,0.772258,0.772079,0.795104,0.863543,0.6625409999999999,0.643303,0.707629,0.721068,0.6984060000000001,0.663154,0.608687,0.625725,0.5969909999999999,0.565024,0.518442,0.556036,6.25e-4,6.38e-4,5.91e-4,5.87e-4,6.82e-4,6.7e-4,6.3099999999999e-4,5.62e-4,5.8e-4,6.83e-4,7.92e-4,6.6e-4,6.5e-4,6.25e-4,6.4e-4,6.73e-4,5.87e-4,6.61e-4,6.27e-4,6.3499999999999e-4,6.66e-4,7.54e-4,6.73e-4,0.001306,0.001108,9.71e-4,0.001031,0.001496,0.001496,0.001271,0.001183,0.001402,0.001518,0.002027,0.001336,0.001405,0.001402,0.001416,0.001112,0.001205,0.001331,0.001271,0.00111,0.00108,0.001179,0.001271,3.39e-4,3.5e-4,3.62e-4,4.41e-4,2.33e-4,2.39e-4,2.97e-4,2.14e-4,2.05e-4,2.21e-4,1.28e-4,4.01e-4,3.43e-4,2.9e-4,2.47e-4,2.54e-4,2.91e-4,3.67e-4,3.81e-4,3.9e-4,3.38e-4,4.7e-4,4.03e-4
SYN_084,Controls,0,No PTSD,2,NA,22,56,1,1,0,1,1,24,1,NA,0,1,16,16,5,16,12,0.636523,0.592675,0.436785,0.453615,0.537999,0.584431,0.6168239999999999,0.655466,0.639664,0.654941,0.6829270000000001,0.5312979999999999,0.526497,0.6207229999999999,0.65212,0.492434,0.471431,0.58622,0.58115000000000006,0.563904,0.565268,0.47829399999999994,0.4921640000000001,6.7e-4,6.67e-4,7.2e-4,7.32e-4,7.62e-4,7.26e-4,6.76e-4,6.71e-4,6.96e-4,7.03e-4,6.99e-4,7.09e-4,7.03e-4,6.7e-4,6.42e-4,6.91e-4,6.88e-4,6.86e-4,6.58e-4,7.01e-4,6.3899999999999e-4,7.01e-4,7.42e-4,0.00129799999999999,0.001197,0.001112,0.001096,0.001325,0.001281,0.001257,0.001316,0.001309,0.001336,0.001432,0.001236,0.001223,0.00122899999999999,0.001246,0.001125,0.001067,0.001192,0.001163,0.001282,0.00117699999999999,0.00121099999999999,0.001198,3.58e-4,3.93e-4,5.62e-4,4.83e-4,4.53e-4,4.25e-4,3.65e-4,3.65e-4,3.6e-4,3.54e-4,3.48e-4,4.62e-4,4.34e-4,3.71e-4,3.31e-4,4.68e-4,4.87e-4,3.7799999999999e-4,3.96e-4,4.28e-4,3.97e-4,4.8499999999999e-4,4.06e-4
SYN_085,PTSD-only,0,PTSD,2,0,62,46,0,0,0,1,1,38,1,5,5,12,8,5,5,15,11,0.67607,0.651907,0.379244,0.413901,0.545411,0.640929,0.654239,0.668309,0.652295,0.70458,0.703917,0.572202,0.572549,0.653618,0.6597109999999999,0.5358539999999999,0.515691,0.610645,0.619012,0.598965,0.616264,0.485246,0.49489399999999995,6.15e-4,5.89e-4,7.22e-4,6.5199999999999e-4,7.71e-4,6.6e-4,6.56e-4,6.51e-4,6.97e-4,6.94e-4,6.4e-4,6.69e-4,5.96e-4,6.54e-4,6.36e-4,6.55e-4,6.56e-4,6.37e-4,6.55e-4,6.53e-4,5.99e-4,7.43e-4,7.53e-4,0.001224,0.001171,0.001074,0.001088,0.001232,0.00131899999999999,0.001193,0.001344,0.001306,0.00139,0.001432,0.001173,0.001132,0.00121099999999999,0.001222,0.001151,0.001103,0.001163,0.001272,0.001179,0.00119,0.001053,0.001133,3.14e-4,3.47e-4,5.71e-4,5.34e-4,4.62e-4,3.7999999999999e-4,3.31e-4,3.43e-4,3.42e-4,3.1e-4,2.93e-4,4.3499999999999e-4,4.08e-4,3.39e-4,3.39e-4,4.16e-4,4.37e-4,3.6899999999999e-4,3.5499999999999e-4,3.92e-4,3.63e-4,4.6699999999999e-4,5.09e-4
SYN_086,Controls,0,No PTSD,0,NA,17,35,0,0,0,0,0,24,1,5,4,0,7,5,5,13,5,0.640934,0.6516109999999999,0.389293,0.404926,0.559495,0.628405,0.6381399999999999,0.6421140000000001,0.6496029999999999,0.711448,0.692074,0.554003,0.530014,0.658011,0.629851,0.541337,0.505188,0.55001,0.584787,0.55467,0.644683,0.536092,0.520224,6.68e-4,6.2199999999999e-4,7.7699999999999e-4,7.18e-4,7.68e-4,7.54e-4,6.6e-4,6.54e-4,7.07e-4,6.9e-4,6.98e-4,6.77e-4,7.04e-4,6.63e-4,6.47e-4,6.91e-4,7e-4,6.46e-4,6.6e-4,6.44e-4,6.42e-4,7.37e-4,7.14e-4,0.001275,0.001241,0.00112799999999999,0.001088,0.00126,0.001261,0.001335,0.001277,0.001264,0.001347,0.001448,0.001196,0.001241,0.001356,0.00129799999999999,0.001178,0.00115,0.001179,0.00117,0.001202,0.00121,0.001242,0.001131,3.45e-4,3.35e-4,5.72e-4,5.33e-4,4.9e-4,3.81e-4,3.48e-4,3.62e-4,3.73e-4,3.15e-4,3.41e-4,4.46e-4,4.68e-4,3.49e-4,3.63e-4,4.12e-4,4.5099999999999e-4,4.15e-4,3.99e-4,4.4e-4,3.34e-4,4.55e-4,4.58e-4
SYN_087,Controls,0,No PTSD,0,NA,17,31,0,0,0,0,0,31,1,4,0,1,6,5,6,9,5,0.6981350000000001,0.708372,0.5249739999999999,0.519368,0.70765,0.764875,0.742859,0.7721979999999999,0.804953,0.797856,0.856626,0.698615,0.6555380000000001,0.758774,0.7658739999999999,0.698588,0.6504310000000001,0.721738,0.6607890000000001,0.7101649999999999,0.647921,0.675272,0.6033569999999999,6.45e-4,6.45e-4,5.71e-4,5.51e-4,7.0199999999999e-4,5.91e-4,5.95e-4,5.49e-4,6.02e-4,6.83e-4,7.44e-4,6.47e-4,6.51e-4,5.94e-4,6.05e-4,5.54e-4,5.37e-4,6.4e-4,6.42e-4,5.95e-4,6.24e-4,6.5199999999999e-4,6.1e-4,0.001295,0.001325,9.48e-4,8.97e-4,0.001746,0.001477,0.00126199999999999,0.001269,0.001363,0.001617,0.002046,0.001336,0.001235,0.001537,0.001405,0.001159,0.001205,0.001325,0.001352,0.001196,0.001257,0.001106,0.00117,2.75e-4,2.83e-4,3.08e-4,3.75e-4,2.78e-4,1.94e-4,2.56e-4,2.02e-4,1.85e-4,1.99e-4,1.68e-4,3.12e-4,3.45e-4,2.42e-4,2.29e-4,2.75e-4,2.75e-4,2.64e-4,3.2e-4,2.88e-4,3.17e-4,2.93e-4,3.31e-4
SYN_088,mTBI-only,1,No PTSD,0,13,30,31,0,0,0,0,0,50,2,5,1,4,5,7,5,7,5,0.501363,0.420101,0.3648050000000001,0.321077,0.362084,0.55853,0.65299,0.640402,0.62038,0.598866,0.608491,0.469628,0.448164,0.579296,0.547691,0.4145430000000001,0.355862,0.444976,0.413481,0.478598,0.470245,0.433012,0.387027,6.42e-4,6.79e-4,6.85e-4,6.54e-4,7.52e-4,6.63e-4,6.62e-4,6.36e-4,6.87e-4,6.59e-4,6.24e-4,6.96e-4,6.58e-4,6e-4,6.3899999999999e-4,6.91e-4,6.5199999999999e-4,6.57e-4,6.83e-4,6.21e-4,6.77e-4,6.82e-4,7.73e-4,0.001057,0.001117,9.73e-4,9.04e-4,9.88e-4,0.001248,0.001223,0.00116199999999999,0.001072,0.001201,0.00108699999999999,0.001094,0.001064,0.001137,0.001112,0.001074,0.001082,0.00101199999999999,0.001075,0.001042,0.001101,0.001077,0.001067,4.5599999999999e-4,4.89e-4,5.16e-4,6.59e-4,6.01e-4,3.97e-4,3.42e-4,3.18e-4,3.84e-4,3.64e-4,3.49e-4,4.72e-4,5.17e-4,3.64e-4,4.08e-4,5.0599999999999e-4,5.73e-4,4.71e-4,4.92e-4,4.6699999999999e-4,4.7e-4,5.0099999999999e-4,5.0999999999999e-4
SYN_089,mTBI-only,1,No PTSD,0,4,26,31,0,0,0,0,0,31,2,5,5,2,6,5,5,5,9,0.638227,0.610426,0.406128,0.352564,0.51355,0.594837,0.6401020000000001,0.668768,0.653327,0.664501,0.670489,0.493353,0.516921,0.622318,0.63432,0.45685,0.422656,0.5714100000000001,0.547388,0.5310819999999999,0.5525140000000001,0.492251,0.514009,6.3499999999999e-4,6.6e-4,7.63e-4,7.73e-4,7.39e-4,7.32e-4,6.87e-4,6.43e-4,6.8899999999999e-4,7.03e-4,7.28e-4,7.52e-4,6.74e-4,6.29e-4,6.45e-4,6.82e-4,6.67e-4,6.65e-4,6.68e-4,6.54e-4,6.82e-4,7.25e-4,7.2e-4,0.001267,0.001242,0.00113,0.001141,0.001402,0.001366,0.001327,0.00125199999999999,0.001238,0.001362,0.001438,0.001171,0.00124,0.001249,0.001258,0.00108699999999999,0.001112,0.001209,0.00116,0.00123699999999999,0.001193,0.001174,0.001118,3.66e-4,3.85e-4,5.58e-4,6.05e-4,5.16e-4,4.25e-4,3.79e-4,3.39e-4,3.54e-4,3.72e-4,3.6e-4,4.65e-4,4.32e-4,3.79e-4,3.63e-4,5.0999999999999e-4,5.08e-4,4.17e-4,4.33e-4,4.57e-4,4.15e-4,5.0099999999999e-4,4.93e-4
SYN_090,Comorbid mTBI+PTSD,1,PTSD,2,2,41,53,1,0,1,0,1,33,1,5,0,2,16,9,23,12,13,0.673863,0.673573,0.602096,0.58341,0.717901,0.772442,0.699819,0.790714,0.7818,0.7902399999999999,0.841139,0.626047,0.66503,0.751526,0.740925,0.613719,0.623368,0.698459,0.642877,0.670045,0.671399,0.570779,0.531615,6.17e-4,6.03e-4,5.03e-4,5.51e-4,6.44e-4,6.9e-4,5.96e-4,5.4e-4,5.71e-4,6.83e-4,7.35e-4,6.5199999999999e-4,6.28e-4,7.0199999999999e-4,5.91e-4,5.83e-4,5.88e-4,7.21e-4,6.66e-4,6.23e-4,6.29e-4,6.9299999999999e-4,6.76e-4,0.001296,0.001234,9.77e-4,9.27e-4,0.001496,0.001496,0.001297,0.001115,0.001354,0.00151199999999999,0.001775,0.001296,0.001297,0.001399,0.001279,0.001147,0.00107,0.0015,0.001277,0.00123,0.001184,0.00116199999999999,0.00113599999999999,3e-4,2.96e-4,2.75e-4,3.16e-4,2.78e-4,2.16e-4,2.66e-4,1.99e-4,1.99e-4,2.21e-4,1.61e-4,3.23e-4,2.81e-4,2.39e-4,2.68e-4,3.5099999999999e-4,3.33e-4,2.91e-4,3.2599999999999e-4,3.42e-4,3.01e-4,4.01e-4,4.45e-4
SYN_091,mTBI-only,1,No PTSD,0,2,17,29,0,0,0,0,0,39,1,5,2,0,7,5,5,7,5,0.542804,0.5518609999999999,0.344431,0.374961,0.333447,0.592474,0.6311720000000001,0.636775,0.633209,0.645478,0.6194350000000001,0.464429,0.5528770000000001,0.580755,0.6031770000000001,0.452977,0.425812,0.542246,0.463538,0.54196,0.523062,0.5031329999999999,0.4997319999999999,6.42e-4,6.23e-4,8.13e-4,6.53e-4,8.05e-4,7.03e-4,6.96e-4,6.66e-4,6.28e-4,6.85e-4,7.23e-4,6.7999999999999e-4,6.41e-4,7.04e-4,6.24e-4,6.42e-4,6.86e-4,6.73e-4,6.73e-4,6.78e-4,6.71e-4,6.74e-4,6.78e-4,0.001041,0.00107899999999999,9.98e-4,0.001024,0.00109,0.001112,0.00122899999999999,0.001164,0.001123,0.001146,0.001408,0.001185,0.00106899999999999,0.001245,0.001254,0.001112,0.001108,0.001068,0.001057,0.001037,0.00116199999999999,0.001071,0.00110999999999999,4.12e-4,3.93e-4,5.43e-4,5.1399999999999e-4,5.7699999999999e-4,4e-4,3.77e-4,3.3999999999999e-4,3.5099999999999e-4,3.6e-4,3.65e-4,5.08e-4,4.16e-4,4.1799999999999e-4,3.92e-4,4.7699999999999e-4,5.18e-4,4.2699999999999e-4,4.62e-4,4.45e-4,4.4699999999999e-4,5.04e-4,5.2699999999999e-4
SYN_092,Comorbid mTBI+PTSD,1,PTSD,0,20,42,25,0,0,0,0,0,24,1,5,32,8,5,5,5,5,5,0.606032,0.524259,0.386109,0.358996,0.477479,0.6041949999999999,0.621149,0.632067,0.608122,0.661521,0.683484,0.494154,0.503223,0.629393,0.605822,0.514008,0.403672,0.552794,0.5170520000000001,0.5564279999999999,0.5644279999999999,0.4401739999999999,0.485185,6.57e-4,6.79e-4,7.7e-4,7.92e-4,7.71e-4,7.28e-4,7.0199999999999e-4,6.66e-4,7.43e-4,7.15e-4,7.36e-4,6.3e-4,7.28e-4,6.43e-4,6.68e-4,6.9299999999999e-4,7.15e-4,6.59e-4,6.79e-4,7.28e-4,6.5e-4,7.93e-4,7.4699999999999e-4,0.001258,0.001197,0.00112799999999999,0.001112,0.001343,0.001285,0.001285,0.001309,0.001346,0.001383,0.001422,0.001204,0.001238,0.00124399999999999,0.001232,0.001141,0.001105,0.001206,0.001175,0.001145,0.001249,0.001234,0.001233,3.68e-4,4.13e-4,5.61e-4,6.18e-4,5.6e-4,4.11e-4,3.76e-4,3.7799999999999e-4,4.25e-4,3.72e-4,3.57e-4,4.54e-4,4.84e-4,3.48e-4,3.72e-4,4.6699999999999e-4,5.57e-4,4.23e-4,4.33e-4,4.21e-4,4.21e-4,5.37e-4,5.12e-4
SYN_093,PTSD-only,0,PTSD,0,0,69,32,0,0,0,0,0,38,1,5,9,16,5,8,5,5,5,0.612906,0.588465,0.345999,0.378662,0.531397,0.6041949999999999,0.641419,0.6554220000000001,0.6483479999999999,0.667918,0.707802,0.556601,0.540507,0.650115,0.653529,0.514008,0.5044770000000001,0.6001989999999999,0.5897979999999999,0.584485,0.590959,0.520497,0.497384,6.43e-4,6.4899999999999e-4,8e-4,7.33e-4,7.32e-4,6.97e-4,6.99e-4,6.8899999999999e-4,7.35e-4,7.21e-4,7.0199999999999e-4,6.75e-4,6.52e-4,6.63e-4,6.38e-4,6.63e-4,6.7e-4,6.44e-4,6.83e-4,6.61e-4,6.65e-4,7.7e-4,7.89e-4,0.001243,0.001215,0.001102,0.001088,0.00133699999999999,0.001306,0.001314,0.001341,0.001328,0.001403,0.00141,0.00118,0.00115399999999999,0.001259,0.001257,0.001151,0.00116199999999999,0.00122599999999999,0.001272,0.001212,0.001169,0.001113,0.001235,3.77e-4,3.85e-4,6.33e-4,5.82e-4,4.73e-4,4.17e-4,3.59e-4,3.42e-4,3.76e-4,3.59e-4,3.05e-4,4.41e-4,4.5099999999999e-4,3.43e-4,3.39e-4,4.25e-4,4.72e-4,3.74e-4,4.17e-4,3.75e-4,3.97e-4,5.08e-4,5.25e-4
SYN_094,mTBI-only,1,No PTSD,0,24,48,26,0,0,0,0,0,20,1,5,15,6,5,5,5,5,5,0.605072,0.602671,0.411401,0.419693,0.562542,0.598673,0.6401020000000001,0.646755,0.652,0.667899,0.670489,0.511781,0.502322,0.653411,0.641424,0.45248,0.504415,0.542261,0.577044,0.55467,0.6125,0.475954,0.481066,6.33e-4,6.37e-4,7.71e-4,7.32e-4,7.22e-4,7.09e-4,7.5099999999999e-4,6.36e-4,6.81e-4,6.9e-4,6.61e-4,7.01e-4,6.82e-4,6.59e-4,6.5e-4,7.19e-4,6.7999999999999e-4,7.01e-4,6.87e-4,7.18e-4,6.64e-4,7.7e-4,7.01e-4,0.00123,0.00126999999999999,0.001171,0.00115399999999999,0.001306,0.001333,0.001326,0.001323,0.001326,0.001399,0.001388,0.001178,0.001238,0.00129,0.001257,0.001138,0.001163,0.001165,0.001218,0.001208,0.001274,0.00124399999999999,0.001135,3.79e-4,3.7999999999999e-4,5.85e-4,5.32e-4,4.81e-4,3.97e-4,3.67e-4,3.45e-4,3.61e-4,3.46e-4,3.5099999999999e-4,4.69e-4,4.9e-4,3.39e-4,3.65e-4,4.7699999999999e-4,4.5099999999999e-4,4.3e-4,3.92e-4,4.1799999999999e-4,3.83e-4,5.44e-4,5.17e-4
SYN_095,Controls,0,No PTSD,0,NA,17,25,0,0,0,0,0,21,2,2,4,1,5,5,5,5,5,0.615104,0.548878,0.37693,0.373787,0.5014609999999999,0.581263,0.628574,0.649038,0.640818,0.675751,0.694987,0.544832,0.526266,0.691473,0.641424,0.537375,0.46262700000000007,0.6137779999999999,0.5170520000000001,0.5595899999999999,0.544718,0.53772,0.481194,6.68e-4,6.71e-4,8.4e-4,7.75e-4,8.64e-4,7.34e-4,6.92e-4,6.6e-4,7.07e-4,7.17e-4,6.85e-4,6.76e-4,7.23e-4,6.45e-4,6.73e-4,6.71e-4,6.85e-4,6.85e-4,6.5199999999999e-4,6.88e-4,6.82e-4,6.95e-4,7.22e-4,0.00131,0.001173,0.001102,0.001074,0.00134,0.001285,0.001314,0.001352,0.001292,0.001408,0.001483,0.001245,0.001245,0.001312,0.001218,0.001259,0.001077,0.001254,0.001151,0.001208,0.001216,0.001284,0.001184,3.92e-4,4.37e-4,6.23e-4,5.84e-4,5.34e-4,4.34e-4,3.73e-4,3.6e-4,3.75e-4,3.21e-4,3.34e-4,4.3099999999999e-4,4.53e-4,3.23e-4,3.52e-4,4.3e-4,5.16e-4,3.7e-4,4.39e-4,4.1799999999999e-4,4.66e-4,4.62e-4,5.11e-4
SYN_096,Controls,0,No PTSD,0,NA,17,26,0,0,0,0,0,38,2,4,1,0,7,5,5,5,5,0.6331600000000001,0.612482,0.43454,0.384993,0.5159199999999999,0.578442,0.617424,0.612471,0.627085,0.663881,0.6741560000000001,0.497078,0.501107,0.612481,0.627837,0.500272,0.4645689999999999,0.555726,0.529328,0.547855,0.562322,0.466224,0.5069640000000001,6.3899999999999e-4,6.38e-4,7.32e-4,7.32e-4,7.84e-4,7.07e-4,6.7999999999999e-4,7.0199999999999e-4,7.15e-4,6.94e-4,7.34e-4,6.98e-4,7.26e-4,6.61e-4,6.58e-4,6.44e-4,7.01e-4,6.72e-4,6.97e-4,6.78e-4,6.97e-4,8.02e-4,6.91e-4,0.001245,0.001247,0.001116,0.001126,0.001355,0.00131,0.001285,0.00131899999999999,0.001306,0.001426,0.001394,0.001206,0.00119499999999999,0.001249,0.001171,0.001101,0.001159,0.001201,0.001199,0.001175,0.001137,0.00125199999999999,0.00116199999999999,3.66e-4,3.72e-4,5.11e-4,6.23e-4,4.5599999999999e-4,4.34e-4,3.74e-4,3.97e-4,3.92e-4,3.57e-4,3.7999999999999e-4,4.88e-4,4.74e-4,3.84e-4,3.65e-4,4.78e-4,5.0599999999999e-4,4.32e-4,4.28e-4,4.16e-4,3.98e-4,5.46e-4,4.7e-4
SYN_097,Comorbid mTBI+PTSD,1,PTSD,2,NA,60,104,1,1,1,1,1,60,1,5,6,12,22,21,21,20,21,0.629568,0.619575,0.473803,0.43398100000000006,0.583544,0.62543,0.643382,0.658734,0.6319640000000001,0.674099,0.658258,0.468354,0.513885,0.635456,0.594173,0.544675,0.471431,0.534566,0.587633,0.6247,0.613718,0.500533,0.505922,6.36e-4,6.3e-4,6.98e-4,7.33e-4,7.52e-4,6.83e-4,6.77e-4,6.61e-4,7.04e-4,6.97e-4,6.9299999999999e-4,7.09e-4,7.03e-4,6.38e-4,6.23e-4,6.69e-4,6.44e-4,6.58e-4,6.09e-4,6.78e-4,6.75e-4,6.81e-4,7.41e-4,0.001255,0.001243,0.001089,0.001075,0.00132,0.001296,0.001295,0.00130399999999999,0.00129,0.001347,0.001416,0.0012,0.001102,0.001265,0.001225,0.001092,0.001098,0.001033,0.001166,0.00113599999999999,0.001199,0.001222,0.00129,3.72e-4,3.81e-4,4.94e-4,5.32e-4,4.34e-4,3.71e-4,3.36e-4,3.1099999999999e-4,3.75e-4,3.43e-4,3.7799999999999e-4,5.08e-4,4.42e-4,3.5299999999999e-4,3.91e-4,4.2199999999999e-4,4.44e-4,4.01e-4,3.73e-4,3.71e-4,3.62e-4,4.94e-4,4.06e-4
SYN_098,Controls,0,No PTSD,0,NA,17,25,0,0,0,0,0,21,2,2,0,0,5,5,5,5,5,0.638525,0.635306,0.4457930000000001,0.429684,0.581067,0.611739,0.638263,0.660722,0.639664,0.689362,0.699417,0.554003,0.5641109999999999,0.642842,0.663247,0.441859,0.47316099999999994,0.603206,0.582084,0.586128,0.609176,0.526832,0.513876,6.58e-4,6.5e-4,7.07e-4,7.0199999999999e-4,7.24e-4,7.01e-4,6.7e-4,7.08e-4,6.92e-4,6.92e-4,6.8899999999999e-4,6.69e-4,6.99e-4,6.29e-4,6.29e-4,7.09e-4,6.96e-4,6.82e-4,6.6e-4,6.81e-4,6.42e-4,7.3799999999999e-4,6.94e-4,0.001263,0.001231,0.001131,0.001091,0.001301,0.001331,0.001251,0.001357,0.001322,0.00138599999999999,0.001401,0.001207,0.001219,0.001219,0.001222,0.001164,0.00106099999999999,0.001256,0.001261,0.001198,0.001254,0.001241,0.001254,3.45e-4,3.38e-4,5.13e-4,5.44e-4,4.28e-4,3.93e-4,3.42e-4,3.35e-4,3.67e-4,3.39e-4,3.27e-4,4.36e-4,4.14e-4,3.35e-4,3.28e-4,4.95e-4,4.9e-4,3.84e-4,3.7799999999999e-4,4.0599999999999e-4,3.81e-4,5.05e-4,4.89e-4
SYN_099,Comorbid mTBI+PTSD,1,PTSD,2,37,64,57,0,0,0,1,1,44,1,4,0,16,10,5,6,19,20,0.487283,0.525667,0.35833000000000004,0.365203,0.405435,0.589504,0.661227,0.633659,0.605929,0.645778,0.6194350000000001,0.501269,0.469308,0.598367,0.610252,0.521922,0.544706,0.397644,0.432534,0.5029170000000001,0.43481099999999995,0.44037,0.506746,6.19e-4,6.18e-4,7.05e-4,6.36e-4,6.74e-4,6.06e-4,6.16e-4,5.8099999999999e-4,5.8099999999999e-4,6.51e-4,6.45e-4,7.09e-4,6.38e-4,6.3099999999999e-4,6.71e-4,6.1299999999999e-4,6.62e-4,6.58e-4,6.54e-4,6.3e-4,7.24e-4,6.72e-4,7.01e-4,0.001085,0.001075,9.4e-4,9.2799999999999e-4,9.87e-4,0.001122,0.001221,0.001093,0.001189,0.001163,0.00110999999999999,0.001047,0.001056,0.001171,0.001092,9.7899999999999e-4,0.001019,0.001055,0.001031,0.001105,0.001065,9.84e-4,0.001075,4.75e-4,4.1799999999999e-4,5.41e-4,5.17e-4,5.0599999999999e-4,3.85e-4,3.24e-4,3.25e-4,3.5499999999999e-4,3.72e-4,3.5e-4,4.42e-4,5.13e-4,3.7e-4,3.46e-4,4.34e-4,4.33e-4,5.0599999999999e-4,4.86e-4,4.4699999999999e-4,5.15e-4,4.93e-4,4.7e-4
SYN_100,mTBI-only,1,No PTSD,0,0,21,25,0,0,0,0,0,22,1,5,16,3,5,5,5,5,5,0.644687,0.601619,0.452886,0.471741,0.559495,0.636124,0.665651,0.665142,0.643177,0.689103,0.700471,0.55962,0.568979,0.634011,0.6129939999999999,0.5612,0.4975,0.610645,0.61941,0.576692,0.5735779999999999,0.552593,0.535385,6.32e-4,6.7e-4,7.09e-4,6.88e-4,6.98e-4,7.03e-4,6.5e-4,6.53e-4,6.95e-4,6.8899999999999e-4,6.79e-4,6.37e-4,6.66e-4,6.51e-4,6.59e-4,6.88e-4,6.32e-4,6.8899999999999e-4,6.69e-4,6.69e-4,6.72e-4,7.22e-4,7.2e-4,0.001243,0.00123699999999999,0.001127,0.001148,0.001355,0.00135,0.001331,0.00135999999999999,0.001363,0.001456,0.001432,0.001192,0.001212,0.001241,0.00124,0.001102,0.001104,0.001277,0.001249,0.001283,0.00119,0.001241,0.001131,3.45e-4,3.7799999999999e-4,5.13e-4,4.83e-4,4.28e-4,3.61e-4,3.27e-4,3.44e-4,3.85e-4,3.25e-4,3.18e-4,4.42e-4,4.15e-4,3.76e-4,3.88e-4,4.3e-4,4.73e-4,3.84e-4,3.76e-4,3.83e-4,4.1e-4,4.43e-4,4.7699999999999e-4
SYN_101,Controls,0,No PTSD,2,NA,17,40,0,0,1,0,0,20,2,5,5,1,5,6,23,7,5,0.616093,0.593488,0.35018499999999997,0.381282,0.543647,0.574824,0.609791,0.587198,0.610164,0.6548930000000001,0.656974,0.496196,0.501107,0.666009,0.682736,0.454482,0.468842,0.542261,0.537018,0.5925739999999999,0.586464,0.4997680000000001,0.512091,6.81e-4,7e-4,7.92e-4,7.53e-4,7.5999999999999e-4,7.16e-4,6.72e-4,7.15e-4,7.3e-4,6.97e-4,6.8899999999999e-4,6.91e-4,7.21e-4,6.7e-4,6.34e-4,6.3099999999999e-4,7e-4,7.16e-4,7.12e-4,7.2e-4,7.01e-4,7.82e-4,7.52e-4,0.001207,0.001217,0.001105,0.001097,0.001277,0.001299,0.001289,0.001312,0.001238,0.001383,0.00146099999999999,0.001218,0.001259,0.001296,0.001233,0.001065,0.00112799999999999,0.001202,0.001176,0.001287,0.001357,0.001223,0.001243,3.7799999999999e-4,3.74e-4,6.15e-4,6.05e-4,4.5599999999999e-4,4.05e-4,3.9e-4,4.55e-4,4.04e-4,3.67e-4,3.84e-4,4.91e-4,4.5999999999999e-4,3.45e-4,3.03e-4,4.75e-4,4.9699999999999e-4,4.44e-4,4.1e-4,4.04e-4,4.2e-4,4.84e-4,4.86e-4
SYN_102,PTSD-only,0,PTSD,0,2,39,41,0,0,0,0,0,56,2,4,7,7,8,9,7,9,7,0.6524449999999999,0.631375,0.379244,0.41695,0.506102,0.583976,0.6021449999999999,0.623873,0.647771,0.6647109999999999,0.659421,0.47963199999999995,0.480115,0.6408159999999999,0.616259,0.453805,0.4876720000000001,0.54189,0.529328,0.547855,0.583097,0.489676,0.460812,6.08e-4,6.38e-4,7.73e-4,6.99e-4,7.74e-4,7e-4,6.96e-4,6.8899999999999e-4,6.9e-4,6.83e-4,7.0199999999999e-4,7.35e-4,7.24e-4,6.53e-4,6.68e-4,6.85e-4,6.92e-4,6.5e-4,6.57e-4,6.7999999999999e-4,6.73e-4,7.24e-4,7.3799999999999e-4,0.001105,0.001227,0.001037,0.001053,0.001331,0.00124,0.001249,0.001239,0.001273,0.001351,0.001361,0.001151,0.001191,0.001273,0.001171,0.001112,0.00110999999999999,0.001197,0.001036,0.00122,0.00121099999999999,0.001132,0.001105,3.36e-4,3.54e-4,5.83e-4,5.3e-4,5.19e-4,4.15e-4,3.87e-4,3.7799999999999e-4,3.76e-4,3.72e-4,3.68e-4,4.94e-4,4.59e-4,3.49e-4,3.58e-4,5.17e-4,4.73e-4,4.32e-4,4.3099999999999e-4,4.1799999999999e-4,4.08e-4,4.66e-4,5.03e-4
SYN_103,mTBI-only,1,No PTSD,0,25,28,26,0,0,0,0,0,32,1,4,0,8,5,5,5,6,5,0.6553800000000001,0.660114,0.46126000000000006,0.405518,0.653571,0.67624,0.657453,0.667642,0.753737,0.780834,0.824427,0.581389,0.603038,0.641432,0.721068,0.5946020000000001,0.590156,0.61639,0.641093,0.546665,0.568315,0.541896,0.544763,5.86e-4,6.12e-4,5.86e-4,6.02e-4,7.17e-4,6.69e-4,6.45e-4,6.54e-4,6.78e-4,6.37e-4,7.7699999999999e-4,7.16e-4,6.47e-4,6.23e-4,6.4899999999999e-4,6.3499999999999e-4,6.38e-4,6.57e-4,6.42e-4,6.32e-4,6.55e-4,6.75e-4,6.06e-4,0.001275,0.001155,8.0899999999999e-4,8.23e-4,0.001612,0.001456,0.00134,0.001338,0.00144,0.001557,0.001775,0.001131,0.001208,0.00140899999999999,0.001416,0.001112,0.001114,0.001286,0.001258,0.001075,0.00120299999999999,0.001208,0.001192,3.36e-4,3.27e-4,4.0599999999999e-4,4.33e-4,3.38e-4,3e-4,3.37e-4,3.18e-4,3.19e-4,2.42e-4,1.67e-4,3.88e-4,3.73e-4,3.37e-4,2.72e-4,3.24e-4,3.41e-4,3.5299999999999e-4,3.46e-4,4.04e-4,3.38e-4,4.74e-4,4.4e-4
SYN_104,mTBI-only,1,No PTSD,0,1,18,29,0,0,0,0,0,19,1,5,12,0,5,6,5,5,9,0.672563,0.676529,0.584477,0.536014,0.752801,0.7675350000000001,0.699819,0.790714,0.791215,0.782028,0.841139,0.668656,0.701429,0.736634,0.7521359999999999,0.607445,0.575753,0.7143390000000001,0.642339,0.659708,0.647193,0.56942,0.579639,6.12e-4,6.46e-4,5.35e-4,5.94e-4,7.03e-4,6.83e-4,5.96e-4,5.51e-4,5.71e-4,6.69e-4,7.69e-4,6.14e-4,6.91e-4,6.56e-4,5.64e-4,5.1399999999999e-4,5.92e-4,6.4e-4,6.58e-4,6.16e-4,6.33e-4,6.51e-4,6.77e-4,0.001306,0.001307,0.001025,8.49e-4,0.001412,0.001735,0.001382,0.001183,0.001349,0.001585,0.002046,0.0014,0.001213,0.001407,0.001372,0.001112,0.001153,0.001281,0.001282,0.001228,0.001202,0.001255,0.001218,2.98e-4,3.18e-4,2.64e-4,3.43e-4,2.51e-4,2.26e-4,2.64e-4,1.94e-4,1.78e-4,2.23e-4,1.64e-4,3.01e-4,2.8199999999999e-4,2.8199999999999e-4,2.08e-4,3.6e-4,3.5499999999999e-4,2.87e-4,3.2599999999999e-4,3.05e-4,3.2599999999999e-4,3.94e-4,4.12e-4
SYN_105,Comorbid mTBI+PTSD,1,PTSD,2,45,75,37,0,0,0,0,1,28,1,5,5,24,5,8,5,10,11,0.652328,0.6285229999999999,0.379244,0.352564,0.625975,0.6158170000000001,0.651317,0.686823,0.640428,0.686865,0.671402,0.450366,0.469308,0.637259,0.640167,0.5660850000000001,0.5028189999999999,0.6001989999999999,0.5464600000000001,0.5503899999999999,0.567046,0.509542,0.501058,6.4899999999999e-4,6.2199999999999e-4,7.23e-4,7.71e-4,7.44e-4,7.22e-4,6.29e-4,6.5199999999999e-4,6.3099999999999e-4,7.28e-4,7.34e-4,7.08e-4,7.0599999999999e-4,6.27e-4,6.36e-4,7.04e-4,7.0999999999999e-4,6.25e-4,6.7e-4,6.65e-4,6.62e-4,7.03e-4,7.5e-4,0.001303,0.00121099999999999,0.00109499999999999,0.001048,0.001362,0.001296,0.001275,0.001351,0.001325,0.00141,0.001397,0.001178,0.001142,0.001325,0.001261,0.00108699999999999,0.001086,0.00119499999999999,0.00107899999999999,0.001176,0.001228,0.001113,0.00119,3.29e-4,3.72e-4,6.12e-4,5.69e-4,3.59e-4,4.07e-4,3.38e-4,3.01e-4,3.73e-4,3.25e-4,3.48e-4,5.31e-4,5.08e-4,3.5299999999999e-4,3.5299999999999e-4,4.16e-4,4.82e-4,3.7e-4,4.11e-4,4.21e-4,4.0599999999999e-4,4.79e-4,4.96e-4
SYN_106,Comorbid mTBI+PTSD,1,PTSD,0,33,64,32,0,0,0,0,0,32,1,5,5,10,5,8,5,7,6,0.731346,0.693563,0.615354,0.557665,0.6878449999999999,0.772442,0.750843,0.7853319999999999,0.778305,0.8210770000000001,0.855009,0.728729,0.701429,0.796113,0.7598199999999999,0.698588,0.640037,0.6593979999999999,0.691601,0.65487,0.6715909999999999,0.629577,0.575613,6.25e-4,5.7e-4,5.74e-4,4.89e-4,7.89e-4,6.51e-4,5.93e-4,5.26e-4,5.5499999999999e-4,6.53e-4,7.44e-4,6.61e-4,6.47e-4,6.68e-4,5.64e-4,5.71e-4,5.45e-4,7.21e-4,6.66e-4,6.25e-4,5.62e-4,6.1299999999999e-4,6.73e-4,0.00132,0.001307,9.4299999999999e-4,0.001031,0.00175,0.001565,0.00127799999999999,0.001269,0.001363,0.001603,0.00197,0.001286,0.001305,0.001498,0.001416,0.001134,0.001015,0.001669,0.001354,0.001306,0.001326,0.001208,0.001132,2.66e-4,2.81e-4,2.64e-4,3.32e-4,2.75e-4,2.17e-4,2.56e-4,1.97e-4,2.05e-4,1.95e-4,1.68e-4,3.17e-4,3.1e-4,2.33e-4,2.29e-4,2.54e-4,2.95e-4,3.16e-4,3e-4,3.1299999999999e-4,3.01e-4,3.33e-4,3.7799999999999e-4
SYN_107,mTBI-only,1,No PTSD,0,20,21,26,0,0,0,0,0,57,2,5,3,2,6,5,5,5,5,0.624682,0.601318,0.311535,0.404705,0.5302439999999999,0.6084069999999999,0.646772,0.6508430000000001,0.644881,0.67569,0.705437,0.5297729999999999,0.5364869999999999,0.661712,0.620632,0.483531,0.412267,0.566941,0.5595600000000001,0.5752430000000001,0.596091,0.489324,0.47649300000000006,6.7999999999999e-4,6.3899999999999e-4,7.4e-4,7.27e-4,7.91e-4,6.96e-4,6.75e-4,6.51e-4,6.81e-4,7.04e-4,6.9299999999999e-4,7.09e-4,6.72e-4,6.2599999999999e-4,6.38e-4,6.95e-4,6.97e-4,6.77e-4,6.57e-4,6.81e-4,6.59e-4,7.49e-4,7.22e-4,0.001232,0.001243,0.001108,0.001084,0.001402,0.001335,0.001314,0.001285,0.001314,0.001416,0.0014,0.001223,0.00118,0.001246,0.001192,0.001041,0.001058,0.001213,0.00118,0.001248,0.001153,0.001241,0.00120299999999999,3.79e-4,3.89e-4,6.7e-4,5.44e-4,4.93e-4,4.0199999999999e-4,3.41e-4,3.56e-4,3.64e-4,3.5e-4,3.2e-4,4.95e-4,4.42e-4,3.56e-4,3.77e-4,4.57e-4,5.16e-4,4.11e-4,4.15e-4,4.26e-4,4.19e-4,5.2e-4,5.04e-4
SYN_108,Controls,0,No PTSD,0,NA,17,26,0,0,0,0,0,18,1,2,2,4,5,5,5,6,5,0.644921,0.580575,0.392309,0.390122,0.544718,0.5855020000000001,0.618676,0.597113,0.59843,0.64551,0.672824,0.533949,0.506054,0.643241,0.654937,0.4458029999999999,0.448466,0.59818,0.552189,0.578404,0.573109,0.509542,0.510845,6.62e-4,6.3e-4,8.26e-4,7.52e-4,7.5999999999999e-4,7.07e-4,7.08e-4,6.9299999999999e-4,6.74e-4,6.83e-4,7.33e-4,6.91e-4,7.42e-4,6.76e-4,6.47e-4,7.22e-4,7.12e-4,6.9e-4,6.81e-4,6.7e-4,6.86e-4,7.82e-4,7.16e-4,0.001281,0.001233,0.00117,0.001113,0.00135,0.001274,0.001317,0.001328,0.001316,0.001358,0.00139,0.00123699999999999,0.001247,0.0013,0.001249,0.001091,0.001131,0.001233,0.001185,0.00126,0.001228,0.001273,0.001213,3.39e-4,3.86e-4,6.05e-4,5.89e-4,4.53e-4,4.42e-4,3.96e-4,3.8199999999999e-4,4.07e-4,3.7e-4,3.48e-4,4.5599999999999e-4,4.82e-4,3.52e-4,3.38e-4,4.95e-4,5.2699999999999e-4,3.8199999999999e-4,4.3e-4,3.95e-4,4.28e-4,5.15e-4,5.15e-4
SYN_109,Controls,0,No PTSD,0,0,19,26,0,0,0,0,0,18,2,5,0,0,5,5,5,6,5,0.667046,0.579043,0.441247,0.364767,0.544718,0.607112,0.633614,0.6689039999999999,0.628059,0.679726,0.68843,0.524708,0.528415,0.685525,0.680818,0.548164,0.500451,0.598332,0.591954,0.5878680000000001,0.595564,0.545456,0.528447,6.43e-4,6.51e-4,7.28e-4,7.75e-4,7.86e-4,7.22e-4,6.68e-4,6.47e-4,6.9299999999999e-4,6.43e-4,7.0999999999999e-4,6.77e-4,7.12e-4,6.65e-4,6.55e-4,7.0599999999999e-4,6.81e-4,6.85e-4,6.69e-4,6.84e-4,6.63e-4,6.9299999999999e-4,6.88e-4,0.001309,0.001215,0.001116,0.00106,0.00130399999999999,0.001274,0.001289,0.001276,0.001322,0.001417,0.001392,0.00120299999999999,0.00117699999999999,0.001271,0.001287,0.001202,0.001223,0.001227,0.001257,0.001238,0.001238,0.001235,0.001233,3.08e-4,4.07e-4,5.03e-4,5.9e-4,4.9e-4,3.95e-4,3.7e-4,3.44e-4,4.01e-4,3.2599999999999e-4,3.33e-4,4.63e-4,4.61e-4,3.27e-4,3.23e-4,4.11e-4,4.4699999999999e-4,3.72e-4,3.93e-4,3.64e-4,3.75e-4,4.39e-4,4.7699999999999e-4
SYN_110,Controls,0,No PTSD,0,NA,29,36,0,0,0,0,0,55,2,5,2,9,11,7,6,10,7,0.636636,0.601619,0.473803,0.43398100000000006,0.561801,0.631847,0.643545,0.666882,0.6721729999999999,0.6804979999999999,0.68721,0.524708,0.523031,0.646192,0.680818,0.519335,0.471431,0.625218,0.5955,0.563904,0.556233,0.48851400000000006,0.470267,6.21e-4,6.3e-4,7.46e-4,6.98e-4,7.8e-4,6.83e-4,6.42e-4,6.43e-4,6.58e-4,6.82e-4,6.68e-4,6.55e-4,6.63e-4,6.4899999999999e-4,6.11e-4,6.41e-4,6.33e-4,6.25e-4,6.85e-4,6.98e-4,6.7999999999999e-4,7.01e-4,7.45e-4,0.001222,0.001224,0.001055,0.001108,0.001289,0.00119499999999999,0.001255,0.001317,0.001326,0.001393,0.001388,0.001142,0.001181,0.00127799999999999,0.001282,0.001122,0.001059,0.001189,0.001256,0.001159,0.001209,0.00125,0.001105,3.68e-4,3.81e-4,4.9e-4,5.03e-4,4.52e-4,3.8199999999999e-4,3.27e-4,3.48e-4,3.3999999999999e-4,3.21e-4,3.59e-4,4.39e-4,4.3499999999999e-4,3.48e-4,3.22e-4,4.62e-4,4.78e-4,3.2599999999999e-4,3.76e-4,4.25e-4,4.3e-4,5e-4,5.66e-4
SYN_111,Controls,0,No PTSD,0,NA,19,26,0,0,0,0,0,27,2,5,2,0,5,5,5,6,5,0.562663,0.560762,0.422087,0.364767,0.36025999999999997,0.587494,0.659316,0.639927,0.5911649999999999,0.628635,0.639006,0.5284439999999999,0.506406,0.575495,0.555958,0.523177,0.399048,0.5482090000000001,0.47229799999999994,0.522034,0.507156,0.455856,0.41534799999999994,6.67e-4,6.51e-4,7.27e-4,7.8e-4,6.56e-4,6e-4,6.2199999999999e-4,6.32e-4,7.28e-4,6.74e-4,7.08e-4,7.0599999999999e-4,6.72e-4,6.51e-4,6.88e-4,6.42e-4,6.5199999999999e-4,6.62e-4,7.04e-4,6.94e-4,6.78e-4,6.76e-4,8.01e-4,0.001257,0.001142,0.00117,0.001058,0.001279,0.00107899999999999,0.00126,0.001134,0.001134,0.001402,0.001439,0.001219,0.001243,0.00121,0.00124,0.001145,0.0011,0.001067,0.001072,0.001123,0.001098,0.001201,0.001217,4.04e-4,3.95e-4,5.44e-4,5.17e-4,5.54e-4,3.66e-4,3.18e-4,3.18e-4,3.7799999999999e-4,3.24e-4,3.31e-4,4.5099999999999e-4,4.41e-4,4.2699999999999e-4,4.84e-4,4.04e-4,5.35e-4,4.21e-4,4.66e-4,4.58e-4,4.59e-4,5.22e-4,5.4e-4
SYN_112,Controls,0,No PTSD,2,NA,22,100,1,1,1,1,1,53,2,5,3,2,25,25,21,20,19,0.665115,0.623438,0.385107,0.416667,0.506102,0.633369,0.641035,0.644576,0.647771,0.6675949999999999,0.684904,0.487843,0.50249,0.626648,0.624795,0.5065470000000001,0.478293,0.592195,0.631637,0.5986520000000001,0.641578,0.519804,0.5196609999999999,6.4899999999999e-4,6.37e-4,7.32e-4,7.31e-4,7.99e-4,7.63e-4,6.58e-4,6.81e-4,7.11e-4,7.0599999999999e-4,7.03e-4,6.92e-4,6.75e-4,6.83e-4,6.29e-4,6.83e-4,6.5e-4,6.62e-4,5.83e-4,6.46e-4,6.79e-4,6.75e-4,6.96e-4,0.001156,0.001234,0.001153,0.00105,0.001274,0.001251,0.001297,0.001264,0.001373,0.001352,0.001393,0.001223,0.001132,0.001243,0.001188,0.00114,0.001111,0.001189,0.001116,0.001238,0.001243,0.001222,0.001131,3.17e-4,3.72e-4,5.7e-4,5.16e-4,4.96e-4,3.7e-4,3.68e-4,3.47e-4,3.66e-4,3.5099999999999e-4,3.35e-4,4.92e-4,4.59e-4,3.48e-4,3.67e-4,4.42e-4,5.0999999999999e-4,3.8199999999999e-4,3.48e-4,3.6899999999999e-4,3.73e-4,4.82e-4,4.6699999999999e-4
SYN_113,Controls,0,No PTSD,2,NA,44,65,0,0,0,1,1,53,2,5,7,0,9,5,6,18,13,0.582092,0.548279,0.337769,0.348615,0.528055,0.567801,0.563801,0.597017,0.627109,0.647242,0.649578,0.495933,0.490521,0.56912,0.5898800000000001,0.435064,0.424872,0.5217890000000001,0.500206,0.489834,0.480103,0.42839699999999997,0.426721,6.8899999999999e-4,6.51e-4,7.7e-4,7.72e-4,7.36e-4,7.11e-4,7.57e-4,6.66e-4,7.76e-4,7.67e-4,7.12e-4,7.23e-4,7.21e-4,6.74e-4,6.38e-4,6.96e-4,6.41e-4,6.79e-4,6.32e-4,6.66e-4,6.94e-4,7.88e-4,8.01e-4,0.00121,0.001143,0.001148,0.001038,0.00134,0.001245,0.001352,0.00113,0.001307,0.001465,0.001413,0.001175,0.001171,0.001215,0.001137,0.001016,0.001084,0.001198,0.001124,0.001181,0.001164,0.001163,0.001122,4.0199999999999e-4,3.91e-4,6.43e-4,6.07e-4,4.95e-4,4.48e-4,4.1799999999999e-4,3.77e-4,3.7999999999999e-4,3.44e-4,3.84e-4,4.8499999999999e-4,5.11e-4,4.24e-4,3.7799999999999e-4,4.98e-4,5.29e-4,4.29e-4,4.53e-4,4.12e-4,4.72e-4,5.5e-4,5.47e-4
SYN_114,Controls,0,No PTSD,0,NA,17,26,0,0,0,0,0,18,1,5,12,0,5,5,5,6,5,0.6072609999999999,0.603891,0.376204,0.403085,0.52891,0.63788,0.6602020000000001,0.637342,0.649967,0.656668,0.677543,0.532112,0.532514,0.59285,0.5983109999999999,0.536304,0.39189,0.599903,0.573338,0.599076,0.540886,0.537521,0.518367,6.67e-4,6.78e-4,8.4e-4,7e-4,7.52e-4,6.27e-4,6.05e-4,6.7999999999999e-4,6.92e-4,7e-4,6.73e-4,7.25e-4,7.0599999999999e-4,6.62e-4,7.03e-4,6.76e-4,7.3e-4,6.59e-4,6.45e-4,6.69e-4,6.82e-4,7.04e-4,6.85e-4,0.001239,0.00124,0.001051,0.001118,0.001308,0.001352,0.001273,0.001338,0.001316,0.001489,0.00151199999999999,0.001181,0.001153,0.001283,0.001255,0.001201,0.001114,0.001266,0.001221,0.001209,0.001168,0.001144,0.001208,3.45e-4,3.75e-4,5.98e-4,5.46e-4,4.66e-4,3.71e-4,3.17e-4,3.58e-4,3.6e-4,3.84e-4,3.54e-4,4.55e-4,4.49e-4,4.03e-4,4e-4,4.43e-4,5.33e-4,3.7999999999999e-4,4.14e-4,3.68e-4,4.0899999999999e-4,4.65e-4,4.62e-4
SYN_115,mTBI-only,1,No PTSD,0,5,26,25,0,0,0,0,0,39,2,5,4,2,5,5,5,5,5,0.627785,0.610426,0.447574,0.429298,0.542853,0.608371,0.653306,0.668309,0.67361,0.677854,0.708498,0.518025,0.5166729999999999,0.632038,0.6101989999999999,0.483959,0.513861,0.564616,0.5388109999999999,0.58883,0.546465,0.4625,0.506717,6.2e-4,6.27e-4,7.01e-4,6.91e-4,7.31e-4,6.82e-4,6.4899999999999e-4,6.75e-4,6.34e-4,7.04e-4,6.98e-4,7.04e-4,6.6e-4,6.29e-4,6.56e-4,6.95e-4,6.88e-4,6.5e-4,6.63e-4,6.56e-4,6.85e-4,7.7e-4,7.89e-4,0.00123699999999999,0.001146,0.00110999999999999,0.001074,0.001324,0.001297,0.001301,0.001291,0.001335,0.001385,0.001396,0.001213,0.001243,0.001187,0.00122599999999999,0.001153,0.001107,0.001178,0.00116,0.00122,0.001194,0.001187,0.001092,3.64e-4,3.63e-4,5.07e-4,5.11e-4,4.5999999999999e-4,3.97e-4,3.52e-4,3.43e-4,3.22e-4,3.6e-4,3.24e-4,4.68e-4,4.4699999999999e-4,3.59e-4,3.84e-4,4.78e-4,4.15e-4,4.34e-4,4.24e-4,4.17e-4,4.17e-4,5.5e-4,4.48e-4
SYN_116,Comorbid mTBI+PTSD,1,PTSD,2,19,21,61,1,0,1,0,0,53,1,5,0,5,15,8,8,14,8,0.457196,0.536927,0.436785,0.436022,0.495338,0.6122380000000001,0.622587,0.629165,0.657471,0.6142810000000001,0.62088,0.496314,0.535532,0.581831,0.575348,0.5009680000000001,0.47334,0.4432529999999999,0.484853,0.5500149999999999,0.4691979999999999,0.450717,0.436293,6.3899999999999e-4,6.48e-4,6.44e-4,7.18e-4,7.12e-4,5.95e-4,6.47e-4,5.93e-4,5.7699999999999e-4,6.14e-4,5.98e-4,6.94e-4,6.3499999999999e-4,6.16e-4,6.34e-4,6.12e-4,6.45e-4,6.51e-4,6.9299999999999e-4,6.75e-4,6.58e-4,6.75e-4,6.96e-4,0.00108699999999999,0.001077,0.00100199999999999,9.86e-4,0.001093,0.001248,0.00123,0.001158,0.001142,0.001107,0.001074,0.001105,0.001091,0.0012,0.001158,9.9e-4,9.64e-4,0.001008,0.001147,0.001023,0.00113,0.001036,0.001068,4.86e-4,4.0899999999999e-4,5.1399999999999e-4,5.03e-4,4.78e-4,3.57e-4,3.6899999999999e-4,3.25e-4,3.45e-4,3.64e-4,3.36e-4,4.5099999999999e-4,3.91e-4,3.95e-4,3.45e-4,4.26e-4,4.45e-4,5.23e-4,4.66e-4,4.28e-4,4.74e-4,4.91e-4,5.51e-4
SYN_117,Controls,0,No PTSD,0,NA,17,26,0,0,0,0,0,50,1,5,2,0,5,5,5,6,5,0.616808,0.604657,0.357508,0.381282,0.498901,0.53655,0.609888,0.6249180000000001,0.6275270000000001,0.64017,0.639026,0.534453,0.520212,0.628041,0.646235,0.445738,0.388887,0.578444,0.556062,0.568609,0.55228,0.46956,0.44551499999999994,6.33e-4,6.9e-4,8.02e-4,7.26e-4,7.96e-4,7.36e-4,6.56e-4,6.85e-4,6.85e-4,6.96e-4,7.43e-4,6.97e-4,6.69e-4,6.53e-4,6.64e-4,7.16e-4,7.32e-4,6.56e-4,6.95e-4,7.01e-4,7.01e-4,8.02e-4,7.42e-4,0.001291,0.001222,0.00108699999999999,0.001139,0.001251,0.001268,0.00129799999999999,0.001253,0.001369,0.001397,0.001415,0.001258,0.00124,0.001187,0.001295,0.001085,0.001135,0.001221,0.001175,0.001248,0.001168,0.001231,0.00116199999999999,3.7799999999999e-4,3.85e-4,6.32e-4,5.6399999999999e-4,5.19e-4,4.39e-4,3.86e-4,3.87e-4,3.87e-4,3.25e-4,4.07e-4,4.62e-4,4.6399999999999e-4,3.5499999999999e-4,3.49e-4,5.0099999999999e-4,5.51e-4,3.91e-4,4.3099999999999e-4,4.34e-4,4.1e-4,4.79e-4,5.33e-4
SYN_118,Controls,0,No PTSD,0,NA,17,25,0,0,0,0,0,57,2,4,2,3,5,5,5,5,5,0.636636,0.578333,0.353989,0.382027,0.510332,0.593774,0.62019,0.622761,0.640062,0.667041,0.691859,0.5102869999999999,0.511551,0.624428,0.6099180000000001,0.535614,0.412267,0.594905,0.5782930000000001,0.5789880000000001,0.513793,0.504737,0.499773,6.47e-4,6.57e-4,7.9e-4,7.31e-4,8.32e-4,7.0599999999999e-4,7.0199999999999e-4,6.68e-4,6.65e-4,6.83e-4,7.33e-4,7.37e-4,6.99e-4,7.0199999999999e-4,6.46e-4,6.67e-4,7.17e-4,6.62e-4,6.62e-4,7.26e-4,6.78e-4,7.5099999999999e-4,7.4e-4,0.001327,0.001186,0.001091,0.00106899999999999,0.00133699999999999,0.001291,0.001249,0.001283,0.001338,0.001396,0.00144,0.001186,0.001245,0.0013,0.001232,0.001041,0.001135,0.00122599999999999,0.001237,0.001241,0.001174,0.00124,0.001206,3.56e-4,4.23e-4,5.7699999999999e-4,5.95e-4,5.02e-4,4.37e-4,3.68e-4,3.76e-4,3.7999999999999e-4,3.59e-4,3.35e-4,4.73e-4,4.94e-4,3.67e-4,3.81e-4,4.07e-4,5.82e-4,3.79e-4,4.25e-4,4.11e-4,4.74e-4,5.15e-4,5.13e-4
SYN_119,mTBI-only,1,No PTSD,0,8,25,25,0,0,0,0,0,24,2,5,5,2,5,5,5,5,5,0.525418,0.509163,0.448042,0.404908,0.38305,0.5887399999999999,0.640057,0.650014,0.631904,0.619793,0.639026,0.513888,0.5166729999999999,0.5921850000000001,0.555958,0.536822,0.399048,0.511919,0.38674,0.522034,0.536798,0.438554,0.445313,6.64e-4,6.36e-4,7.01e-4,6.77e-4,6.63e-4,7.14e-4,6.6e-4,6.46e-4,6.28e-4,6.57e-4,5.98e-4,6.8899999999999e-4,6.45e-4,6.74e-4,6.16e-4,6.46e-4,7.23e-4,7.0599999999999e-4,6.98e-4,6.51e-4,6.71e-4,7.04e-4,7.2e-4,0.00104,0.001036,0.00100199999999999,9.72e-4,0.001053,0.001124,0.001254,0.001296,0.00112,0.001251,0.001185,0.001108,0.001186,0.001065,0.001165,0.001037,0.001076,0.001015,0.001038,0.001248,0.001058,0.001077,0.001082,4.29e-4,4.45e-4,4.54e-4,4.6699999999999e-4,5.91e-4,3.99e-4,3.61e-4,3.24e-4,3.68e-4,3.72e-4,3.5099999999999e-4,4.48e-4,4.28e-4,3.91e-4,4.84e-4,4.32e-4,5.26e-4,4.23e-4,5.69e-4,4.58e-4,4.4699999999999e-4,4.95e-4,4.88e-4
SYN_120,mTBI-only,1,No PTSD,0,9,18,31,0,0,0,0,0,21,2,5,10,2,6,7,5,5,9,0.630087,0.601318,0.396454,0.377359,0.53583,0.602317,0.623976,0.64271,0.607025,0.670139,0.686703,0.496758,0.5528770000000001,0.588462,0.622996,0.517629,0.5094420000000001,0.56963,0.5897979999999999,0.5765520000000001,0.615735,0.497171,0.47649300000000006,6.73e-4,6.72e-4,7.21e-4,7.58e-4,7.7699999999999e-4,6.97e-4,6.75e-4,6.79e-4,7.14e-4,7.53e-4,7.32e-4,7.11e-4,6.99e-4,6.73e-4,6.84e-4,6.44e-4,7.0999999999999e-4,6.85e-4,6.68e-4,6.83e-4,6.68e-4,7.03e-4,7.68e-4,0.001219,0.001227,0.001179,0.001085,0.001398,0.001281,0.001275,0.001275,0.001267,0.00140899999999999,0.00141,0.00119,0.00118,0.00126,0.001209,0.00112,0.001223,0.001204,0.001178,0.001232,0.001192,0.001254,0.00125,3.64e-4,4e-4,5.4e-4,5.79e-4,4.75e-4,4.07e-4,3.7999999999999e-4,3.6e-4,4.0599999999999e-4,3.52e-4,3.39e-4,4.72e-4,4.1e-4,4.0899999999999e-4,3.54e-4,4.42e-4,4.3e-4,4.0199999999999e-4,3.9e-4,4.26e-4,3.75e-4,4.9e-4,5.11e-4
SYN_121,PTSD-only,0,PTSD,2,NA,52,115,1,1,1,1,1,31,2,4,NA,3,20,20,22,18,20,0.665115,0.626054,0.385107,0.4156899999999999,0.6469159999999999,0.7253069999999999,0.619575,0.633273,0.6450560000000001,0.6860350000000001,0.721615,0.6208100000000001,0.580819,0.643302,0.675555,0.5660850000000001,0.564366,0.609226,0.620422,0.5957180000000001,0.6038720000000001,0.48851400000000006,0.514274,6.24e-4,5.93e-4,7.65e-4,6.5199999999999e-4,7.37e-4,6.46e-4,6.92e-4,7.16e-4,6.84e-4,6.99e-4,6.69e-4,6.5199999999999e-4,5.96e-4,6.23e-4,6.12e-4,5.99e-4,6.33e-4,6.25e-4,5.7699999999999e-4,6.33e-4,6.51e-4,7.15e-4,6.56e-4,0.001224,0.001225,0.001133,0.00105399999999999,0.001267,0.001221,0.00129799999999999,0.001245,0.00126,0.001332,0.001421,0.001291,0.001208,0.001231,0.001258,0.001041,0.00108699999999999,0.001212,0.001166,0.00117,0.001132,0.001281,0.00117699999999999,3.14e-4,3.46e-4,5.73e-4,5.44e-4,3.59e-4,3.18e-4,4.9e-4,3.72e-4,3.65e-4,3.14e-4,2.93e-4,4.05e-4,3.66e-4,3.35e-4,3.03e-4,3.49e-4,3.94e-4,3.62e-4,3.5e-4,3.71e-4,3.47e-4,4.94e-4,4.68e-4
SYN_122,Comorbid mTBI+PTSD,1,PTSD,0,NA,80,41,0,0,0,0,0,56,2,5,6,9,11,9,5,10,7,0.629568,0.6017979999999999,0.366656,0.350033,0.551049,0.578414,0.612582,0.589171,0.555177,0.647242,0.652288,0.491808,0.513795,0.580771,0.584384,0.426494,0.482074,0.5717939999999999,0.565706,0.5496949999999999,0.575284,0.489676,0.490986,6.43e-4,7.26e-4,7.25e-4,7.68e-4,7.52e-4,7.0999999999999e-4,6.85e-4,6.92e-4,7.36e-4,7.08e-4,7.31e-4,7.2e-4,7.08e-4,6.77e-4,6.56e-4,7.0999999999999e-4,6.67e-4,6.8899999999999e-4,6.78e-4,6.65e-4,6.63e-4,7.8e-4,7.28e-4,0.001245,0.001181,0.001037,0.00100199999999999,0.001306,0.001266,0.001275,0.001279,0.001376,0.001377,0.0014,0.00113599999999999,0.001149,0.00121,0.001261,0.001073,0.001111,0.001209,0.001164,0.001199,0.001192,0.001204,0.001193,3.68e-4,4.01e-4,6.06e-4,6.04e-4,4.6399999999999e-4,4.19e-4,3.97e-4,4.01e-4,4.34e-4,3.79e-4,3.95e-4,4.79e-4,4.86e-4,3.93e-4,3.83e-4,5.23e-4,4.57e-4,4.1e-4,4.11e-4,4.04e-4,4.26e-4,4.94e-4,5.19e-4
SYN_123,Controls,0,No PTSD,0,0,17,25,0,0,0,0,0,21,2,5,0,0,5,5,5,5,5,0.6594270000000001,0.631652,0.528805,0.565112,0.739678,0.677359,0.671219,0.772258,0.729109,0.7713899999999999,0.841139,0.576603,0.601402,0.682308,0.731644,0.602655,0.613682,0.638343,0.60958,0.65487,0.5805819999999999,0.5206069999999999,0.579639,6.14e-4,6.24e-4,6.23e-4,5.61e-4,7.25e-4,6.9299999999999e-4,6.4899999999999e-4,5.4e-4,6.61e-4,6.69e-4,7.48e-4,6.82e-4,6.44e-4,6.79e-4,6.18e-4,5.95e-4,6.2599999999999e-4,6.2199999999999e-4,6.42e-4,6.43e-4,6.56e-4,7.54e-4,6.63e-4,0.00126,0.001247,0.00105,9.22e-4,0.001544,0.001508,0.001331,0.001292,0.001266,0.001582,0.001966,0.00121099999999999,0.001204,0.001471,0.001416,0.001076,0.001111,0.001286,0.001225,0.001242,0.00108,0.001174,0.00121099999999999,3.33e-4,3.47e-4,3.72e-4,4.33e-4,2.59e-4,2.61e-4,3.24e-4,2.07e-4,2.2799999999999e-4,2.39e-4,1.97e-4,3.83e-4,3.43e-4,3.27e-4,2.8e-4,3.22e-4,3.37e-4,3.27e-4,3.6899999999999e-4,3.5e-4,4.1799999999999e-4,4.7599999999999e-4,4.16e-4
SYN_124,Controls,0,No PTSD,0,0,19,25,0,0,0,0,0,40,2,5,1,1,5,5,5,5,5,0.623814,0.6158359999999999,0.442824,0.420306,0.49035,0.571429,0.613591,0.610305,0.609939,0.632047,0.639026,0.484374,0.505814,0.594599,0.599811,0.407134,0.526942,0.526889,0.565851,0.540895,0.575284,0.489503,0.466446,6.64e-4,6.41e-4,7.7e-4,7.21e-4,7.94e-4,7.26e-4,6.92e-4,6.9299999999999e-4,7.43e-4,6.78e-4,7.0999999999999e-4,7.13e-4,7.31e-4,6.65e-4,6.71e-4,6.9e-4,6.9299999999999e-4,6.82e-4,6.88e-4,6.7999999999999e-4,6.72e-4,7.37e-4,7.4699999999999e-4,0.001246,0.001164,0.00117,0.001081,0.001331,0.001348,0.00129799999999999,0.00129,0.001267,0.001388,0.001382,0.00116199999999999,0.001149,0.001263,0.001096,0.001045,0.001151,0.001199,0.001209,0.001175,0.001161,0.001174,0.001105,3.71e-4,3.6899999999999e-4,5.45e-4,5.3e-4,5.53e-4,4.71e-4,3.58e-4,4.01e-4,4.04e-4,3.9e-4,3.97e-4,4.95e-4,4.78e-4,4.21e-4,4.0199999999999e-4,5.53e-4,4.65e-4,4.29e-4,4.15e-4,4.43e-4,4.15e-4,4.96e-4,5.33e-4
SYN_125,PTSD-only,0,PTSD,2,0,62,39,0,0,0,0,1,45,2,5,9,4,10,5,6,7,10,0.6271770000000001,0.581028,0.439236,0.403203,0.5670109999999999,0.631847,0.619575,0.587198,0.6096189999999999,0.6577649999999999,0.649578,0.537004,0.500363,0.608692,0.662216,0.49713900000000005,0.496375,0.599214,0.573338,0.581471,0.549561,0.519804,0.537909,6.85e-4,6.53e-4,7.21e-4,6.83e-4,7.53e-4,7.21e-4,6.6e-4,7.73e-4,7.2e-4,7.21e-4,7.16e-4,7.18e-4,6.47e-4,6.87e-4,6.36e-4,6.44e-4,6.53e-4,6.62e-4,6.68e-4,6.9e-4,7.03e-4,7.8e-4,6.69e-4,0.001305,0.001236,0.001186,0.00110999999999999,0.001282,0.001281,0.001245,0.001313,0.00132899999999999,0.001418,0.001381,0.001227,0.00119499999999999,0.001314,0.001295,0.001178,0.001151,0.001137,0.001209,0.00122899999999999,0.001146,0.001231,0.001233,3.52e-4,3.74e-4,5.44e-4,5.6e-4,4.54e-4,3.94e-4,3.8199999999999e-4,4.01e-4,3.95e-4,4.04e-4,3.81e-4,4.4699999999999e-4,4.88e-4,3.6899999999999e-4,3.32e-4,4.6399999999999e-4,4.84e-4,3.84e-4,4.04e-4,4.15e-4,4.1e-4,4.72e-4,4.42e-4
SYN_126,Controls,0,No PTSD,0,0,17,25,0,0,0,0,0,18,2,2,0,0,5,5,5,5,5,0.582834,0.574024,0.37693,0.40691,0.531067,0.591699,0.6276149999999999,0.64271,0.6417069999999999,0.664312,0.685888,0.451333,0.530129,0.577727,0.581142,0.446996,0.432179,0.5615720000000001,0.515174,0.508943,0.474291,0.488839,0.436824,6.78e-4,6.51e-4,7.85e-4,7.44e-4,8.2899999999999e-4,7.03e-4,6.82e-4,6.68e-4,6.65e-4,6.91e-4,7.16e-4,6.97e-4,7.05e-4,6.7999999999999e-4,6.67e-4,6.82e-4,6.95e-4,7.45e-4,6.66e-4,7.6399999999999e-4,6.65e-4,7.08e-4,8.01e-4,0.001255,0.00113599999999999,0.001096,0.001081,0.001333,0.00127799999999999,0.001276,0.001277,0.001346,0.001373,0.001422,0.001146,0.00124,0.00122599999999999,0.001254,0.00113,0.001111,0.00122599999999999,0.001173,0.001192,0.001179,0.00122899999999999,0.001149,4.19e-4,3.94e-4,5.89e-4,5.62e-4,4.89e-4,4.25e-4,3.65e-4,3.66e-4,3.56e-4,3.41e-4,3.49e-4,5.0099999999999e-4,4.25e-4,4.1e-4,3.72e-4,4.75e-4,5e-4,4.0899999999999e-4,4.46e-4,4.5599999999999e-4,5.0599999999999e-4,4.7699999999999e-4,5.62e-4
SYN_127,mTBI-only,1,No PTSD,0,11,20,32,0,0,0,0,0,25,1,5,5,5,5,5,5,8,9,0.675613,0.673573,0.5440020000000001,0.58341,0.752019,0.794474,0.700404,0.769005,0.7802720000000001,0.7902399999999999,0.8411549999999999,0.668656,0.6555380000000001,0.796113,0.7253229999999999,0.6152449999999999,0.642999,0.7143390000000001,0.6607890000000001,0.65487,0.6715909999999999,0.56942,0.562348,5.86e-4,5.7e-4,5.33e-4,5.4e-4,7.03e-4,6.95e-4,5.94e-4,5.5499999999999e-4,5.62e-4,6.53e-4,7.5599999999999e-4,6.5199999999999e-4,6.34e-4,6.83e-4,6.36e-4,5.54e-4,5.38e-4,6.4e-4,6.34e-4,6.23e-4,6.59e-4,6.9e-4,6.57e-4,0.001267,0.001253,0.001068,8.97e-4,0.001657,0.001452,0.001268,0.001219,0.001349,0.001582,0.002042,0.0014,0.001235,0.001344,0.001415,0.001076,0.001081,0.001285,0.001261,0.001228,0.001257,0.001208,0.001192,2.95e-4,2.77e-4,3.47e-4,3.32e-4,2.68e-4,2.17e-4,2.89e-4,2.14e-4,2.1e-4,2.21e-4,1.61e-4,3.12e-4,3.5099999999999e-4,2.31e-4,2.47e-4,3.41e-4,2.91e-4,2.75e-4,3.2e-4,3.28e-4,3.08e-4,4.14e-4,4.0199999999999e-4
SYN_128,Controls,0,No PTSD,0,NA,23,29,0,0,0,0,0,54,1,4,7,1,6,5,5,9,5,0.641358,0.659255,0.311535,0.405206,0.526047,0.643726,0.656041,0.652947,0.633155,0.687519,0.687361,0.570588,0.581022,0.650899,0.675143,0.541337,0.481574,0.610645,0.584787,0.599351,0.60493,0.532321,0.5325300000000001,6.41e-4,5.92e-4,7.61e-4,7.27e-4,7.62e-4,6.78e-4,6.88e-4,6.61e-4,6.9299999999999e-4,6.7e-4,7.4e-4,6.56e-4,6.36e-4,6.51e-4,6.42e-4,6.3499999999999e-4,6.66e-4,6.67e-4,6.43e-4,6.17e-4,6.32e-4,7.11e-4,7.26e-4,0.001224,0.001149,0.001108,0.001064,0.001269,0.001258,0.00126,0.00133699999999999,0.001316,0.00138,0.001432,0.001324,0.001208,0.001265,0.001247,0.00107899999999999,0.001074,0.001163,0.00117,0.001271,0.00119499999999999,0.001301,0.001267,3.6e-4,3.35e-4,6.57e-4,5.49e-4,4.81e-4,3.71e-4,3.5499999999999e-4,3.61e-4,3.76e-4,3.21e-4,3.35e-4,4.23e-4,3.73e-4,3.33e-4,3.09e-4,4.16e-4,4.84e-4,3.62e-4,3.92e-4,3.89e-4,3.54e-4,4.61e-4,4.45e-4
SYN_129,Controls,0,No PTSD,0,0,17,36,0,0,0,0,0,20,2,2,0,0,6,5,5,13,7,0.640934,0.601784,0.4457930000000001,0.382575,0.544326,0.6237199999999999,0.625038,0.632972,0.614054,0.664312,0.647686,0.536954,0.517474,0.6301399999999999,0.623132,0.5420470000000001,0.493558,0.57311,0.5874590000000001,0.577829,0.572919,0.5147609999999999,0.522749,6.65e-4,6.75e-4,7.7e-4,7.45e-4,6.59e-4,7.26e-4,6.6e-4,6.69e-4,7.04e-4,6.91e-4,7.5099999999999e-4,6.92e-4,6.7e-4,6.83e-4,6.63e-4,6.4899999999999e-4,7e-4,6.85e-4,6.69e-4,6.88e-4,7.14e-4,7.46e-4,7.2e-4,0.00129799999999999,0.001279,0.001121,0.001099,0.001331,0.001395,0.001303,0.00127799999999999,0.001322,0.001358,0.001444,0.001212,0.001151,0.001267,0.001231,0.001202,0.001144,0.001247,0.001255,0.001243,0.001256,0.001288,0.00115399999999999,3.42e-4,4.1e-4,5.4e-4,5.89e-4,4.5999999999999e-4,3.98e-4,3.73e-4,3.74e-4,3.77e-4,3.43e-4,3.95e-4,4.57e-4,4.58e-4,3.65e-4,3.67e-4,4.07e-4,4.61e-4,4.08e-4,4.17e-4,3.95e-4,4.14e-4,5.19e-4,4.88e-4
SYN_130,Comorbid mTBI+PTSD,1,PTSD,2,29,39,55,1,0,1,1,1,48,1,5,0,5,14,5,23,18,12,0.455997,0.4978010000000001,0.319322,0.378408,0.405435,0.6122380000000001,0.639958,0.598432,0.5869260000000001,0.633534,0.603292,0.492379,0.506955,0.55031,0.5678890000000001,0.5083770000000001,0.497866,0.406679,0.440966,0.422601,0.474663,0.437245,0.375977,6.83e-4,6.38e-4,7.05e-4,7.25e-4,6.7999999999999e-4,6.6e-4,6.3e-4,5.78e-4,6.2599999999999e-4,6.24e-4,6.06e-4,6.5e-4,5.96e-4,6.3099999999999e-4,6.3899999999999e-4,6.15e-4,6.54e-4,7.07e-4,6.83e-4,6.32e-4,6.5199999999999e-4,6.92e-4,6.53e-4,0.001113,0.001109,0.001024,0.001011,0.001015,0.001143,0.001166,0.001096,0.001098,0.001159,0.001074,0.0011,0.00115,0.001199,0.001083,0.001034,0.001059,0.001029,0.00106099999999999,0.001113,0.001021,0.001036,9.96e-4,4.83e-4,4.23e-4,5.38e-4,5.46e-4,5.0599999999999e-4,3.48e-4,3.41e-4,3.88e-4,3.64e-4,3.77e-4,3.7999999999999e-4,4.7999999999999e-4,4.71e-4,4.1799999999999e-4,4.04e-4,4.44e-4,4.6699999999999e-4,5.8099999999999e-4,4.7e-4,5.2699999999999e-4,4.7999999999999e-4,5.11e-4,5.47e-4
SYN_131,Controls,0,No PTSD,0,NA,20,33,0,0,0,0,0,62,1,5,6,2,5,5,5,7,5,0.6524449999999999,0.608391,0.40476,0.4142479999999999,0.479509,0.599723,0.638912,0.6606529999999999,0.671713,0.666404,0.6829270000000001,0.48118,0.505337,0.656662,0.639641,0.429076,0.454413,0.575504,0.583101,0.585029,0.591338,0.540242,0.488764,6.4899999999999e-4,6.77e-4,7.48e-4,6.96e-4,7.94e-4,7.27e-4,6.75e-4,6.43e-4,6.64e-4,6.9e-4,6.77e-4,7.04e-4,7.16e-4,6.81e-4,6.59e-4,7.0999999999999e-4,6.79e-4,7.01e-4,6.54e-4,6.59e-4,6.64e-4,7.34e-4,6.98e-4,0.001247,0.00116199999999999,0.001058,0.001114,0.001264,0.001282,0.001258,0.001188,0.001259,0.001389,0.001331,0.001172,0.001231,0.00133,0.001218,0.00102799999999999,0.00106099999999999,0.001242,0.001171,0.001155,0.00121099999999999,0.001201,0.001131,3.2e-4,3.6899999999999e-4,5.57e-4,4.93e-4,5.75e-4,4.03e-4,3.68e-4,3.29e-4,3.06e-4,3.58e-4,3.5099999999999e-4,4.88e-4,4.62e-4,3.38e-4,3.48e-4,5.24e-4,4.94e-4,4.12e-4,3.9e-4,3.7999999999999e-4,3.95e-4,4.21e-4,5.09e-4
SYN_132,Controls,0,No PTSD,0,NA,17,29,0,0,0,0,0,58,1,5,2,0,5,9,5,5,5,0.5958640000000001,0.574024,0.4205529999999999,0.381635,0.504542,0.568418,0.57622,0.603506,0.609939,0.666956,0.6949489999999999,0.505095,0.489169,0.6224390000000001,0.6148899999999999,0.424824,0.384238,0.498287,0.5058729999999999,0.559312,0.518492,0.4401739999999999,0.455018,6.73e-4,6.79e-4,7.16e-4,7.44e-4,7.4699999999999e-4,7.14e-4,7.0599999999999e-4,6.75e-4,6.99e-4,7.34e-4,6.76e-4,7.23e-4,7.13e-4,6.5199999999999e-4,6.46e-4,7.14e-4,7.12e-4,6.7999999999999e-4,7.0199999999999e-4,6.9e-4,6.59e-4,8.07e-4,7.69e-4,0.001122,0.001207,0.00115399999999999,0.001077,0.001151,0.00131099999999999,0.001294,0.001354,0.001326,0.001394,0.001422,0.001181,0.001191,0.00122899999999999,0.001185,9.65e-4,0.001049,0.001151,0.00117699999999999,0.001188,0.001164,0.001166,0.00112799999999999,3.77e-4,4.23e-4,5.37e-4,5.15e-4,5.35e-4,4.28e-4,4.5599999999999e-4,3.56e-4,3.95e-4,3.59e-4,3.16e-4,4.88e-4,5.11e-4,3.79e-4,3.72e-4,5.18e-4,5.37e-4,5e-4,4.58e-4,4.1e-4,4.81e-4,5.85e-4,5.31e-4
SYN_133,Controls,0,No PTSD,0,NA,17,25,0,0,0,0,0,22,1,4,9,0,5,5,5,5,5,0.718518,0.720831,0.577142,0.565112,0.752363,0.7656930000000001,0.718086,0.76823,0.787,0.7940689999999999,0.829226,0.628921,0.6865439999999999,0.769138,0.730011,0.607445,0.623368,0.685841,0.662327,0.695194,0.6335970000000001,0.585146,0.5752229999999999,6.11e-4,6.6e-4,5.4e-4,5.46e-4,7.11e-4,6.16e-4,6.15e-4,5.49e-4,6.03e-4,6.69e-4,7.5e-4,6.46e-4,6.37e-4,6.08e-4,6.18e-4,5.6399999999999e-4,5.76e-4,6.1299999999999e-4,6.3899999999999e-4,5.58e-4,6.19e-4,6.9299999999999e-4,6.57e-4,0.00126999999999999,0.001372,0.001025,0.001031,0.00159499999999999,0.001601,0.001282,0.001209,0.001393,0.001582,0.001888,0.001313,0.001267,0.00140899999999999,0.00142699999999999,0.001071,0.001084,0.00132899999999999,0.001314,0.001332,0.00125,0.001172,0.00113599999999999,2.68e-4,2.67e-4,3.07e-4,3.2e-4,2.5699999999999e-4,1.94e-4,2.8199999999999e-4,2.15e-4,1.98e-4,2.12e-4,2.02e-4,3.33e-4,2.86e-4,2.18e-4,2.52e-4,3.39e-4,3.33e-4,2.87e-4,3.2e-4,2.93e-4,3.34e-4,4.01e-4,4.0199999999999e-4
SYN_134,mTBI-only,1,No PTSD,0,35,45,40,0,0,0,0,0,44,1,5,0,12,10,9,5,10,7,0.636582,0.6377689999999999,0.362442,0.365914,0.545411,0.5775680000000001,0.6021449999999999,0.615857,0.563391,0.647242,0.649578,0.48476499999999995,0.469308,0.597769,0.584384,0.453453,0.355862,0.526889,0.5546439999999999,0.587481,0.553967,0.459328,0.4580550000000001,6.69e-4,6.23e-4,7.55e-4,7.25e-4,7.16e-4,7.0999999999999e-4,6.96e-4,6.66e-4,7.5599999999999e-4,7.08e-4,7.36e-4,7.23e-4,7.04e-4,6.82e-4,7.05e-4,6.82e-4,7.3e-4,6.46e-4,6.43e-4,6.51e-4,6.91e-4,7.6399999999999e-4,7.85e-4,0.00124399999999999,0.001227,0.001135,0.001099,0.00126,0.001215,0.001275,0.00126199999999999,0.001341,0.001391,0.001442,0.001219,0.001122,0.001192,0.001096,0.001059,0.001055,0.001175,0.00116,0.001191,0.001191,0.001122,0.001199,3.68e-4,3.47e-4,5.96e-4,5.69e-4,4.79e-4,4.19e-4,3.9e-4,4.11e-4,4.39e-4,3.71e-4,3.86e-4,4.7999999999999e-4,4.94e-4,4.14e-4,3.88e-4,5.03e-4,5.6399999999999e-4,4.39e-4,4.04e-4,4.0899999999999e-4,4.15e-4,4.7e-4,5.22e-4
SYN_135,Comorbid mTBI+PTSD,1,PTSD,2,NA,32,58,1,0,1,1,1,44,1,5,5,5,14,7,9,23,13,0.501363,0.5362239999999999,0.439236,0.402649,0.4281930000000001,0.571624,0.582012,0.563719,0.51623,0.5827600000000001,0.551413,0.526565,0.477783,0.550237,0.5589609999999999,0.429343,0.46308,0.408807,0.5067510000000001,0.422601,0.451095,0.495409,0.496609,6.7e-4,6.9299999999999e-4,6.96e-4,7.18e-4,7.79e-4,6.6e-4,7.3e-4,5.99e-4,6.45e-4,6e-4,6.58e-4,6.58e-4,5.96e-4,6.5199999999999e-4,6.29e-4,6.82e-4,6.63e-4,7.07e-4,6.78e-4,7.14e-4,7.58e-4,6.7e-4,7.28e-4,0.001099,0.001085,9.81e-4,0.001103,9.89e-4,0.001166,0.001256,0.001091,0.001108,0.001163,0.001088,0.001164,0.001118,0.001111,0.00109,9.9e-4,0.001102,0.00112,0.00102799999999999,0.001126,0.001134,0.001066,0.00113,4.45e-4,3.85e-4,4.82e-4,4.7699999999999e-4,4.78e-4,4.26e-4,5.09e-4,4.87e-4,4.28e-4,3.57e-4,3.75e-4,4.69e-4,4.48e-4,4.1799999999999e-4,4.11e-4,5.2699999999999e-4,4.6699999999999e-4,5.54e-4,4.2e-4,5.22e-4,4.94e-4,4.52e-4,5.19e-4
SYN_136,Comorbid mTBI+PTSD,1,PTSD,0,41,73,32,0,0,0,0,0,28,1,5,0,20,5,6,5,8,5,0.556825,0.504378,0.319322,0.321936,0.389779,0.6041949999999999,0.639798,0.65693,0.644536,0.645325,0.645524,0.519788,0.49391899999999994,0.632305,0.595252,0.434132,0.422638,0.522393,0.415506,0.5284260000000001,0.480103,0.414558,0.449413,6.64e-4,6.38e-4,7.41e-4,6.67e-4,8.17e-4,6.85e-4,6.95e-4,6.7e-4,6.55e-4,6.82e-4,5.78e-4,6.33e-4,6.77e-4,6.46e-4,6.65e-4,6.69e-4,7.17e-4,6.33e-4,6.72e-4,6.75e-4,6.58e-4,7.21e-4,7.12e-4,0.001057,0.001104,0.001129,0.00101999999999999,0.001347,0.001124,0.001331,0.00112,0.001318,0.001223,0.00107899999999999,0.001215,0.001025,0.001146,0.001138,0.001032,0.001076,0.001055,0.00105,0.001105,0.00106899999999999,0.001171,0.0011,4.0199999999999e-4,4.21e-4,5.39e-4,5.48e-4,5.0599999999999e-4,3.44e-4,3.59e-4,3.38e-4,3.3e-4,3.7799999999999e-4,3.5499999999999e-4,4.73e-4,4.33e-4,3.67e-4,4e-4,4.84e-4,5.36e-4,4.25e-4,5.25e-4,4.5099999999999e-4,4.88e-4,5.62e-4,5.13e-4
SYN_137,Comorbid mTBI+PTSD,1,PTSD,0,20,34,25,0,0,0,0,0,39,2,5,7,6,5,5,5,5,5,0.512817,0.472509,0.388689,0.343194,0.325419,0.544267,0.582012,0.603506,0.575029,0.5807100000000001,0.574509,0.442173,0.465715,0.579296,0.558026,0.454226,0.399165,0.3718280000000001,0.44649399999999995,0.436256,0.497173,0.437245,0.394281,6.43e-4,6.7999999999999e-4,7.41e-4,7.25e-4,8.72e-4,6.83e-4,7.36e-4,6.66e-4,6.82e-4,6.45e-4,6.58e-4,7.68e-4,7.07e-4,6.3099999999999e-4,6.16e-4,6.15e-4,7.04e-4,7.12e-4,6.9e-4,6.85e-4,6.79e-4,7.0199999999999e-4,7.26e-4,0.001075,0.00110999999999999,0.001035,0.001021,0.001208,0.001166,0.001242,0.00121099999999999,0.00108,0.001145,0.001181,0.001164,0.001086,0.001108,0.001112,0.00106,0.00108699999999999,0.00109499999999999,0.001118,0.00105399999999999,0.001105,0.001049,0.00109499999999999,4.75e-4,4.53e-4,5.8e-4,5.89e-4,8.37e-4,4.57e-4,4.28e-4,3.87e-4,4.61e-4,3.73e-4,3.75e-4,6e-4,5.17e-4,3.93e-4,4.29e-4,5.02e-4,5.26e-4,5.8099999999999e-4,4.94e-4,4.98e-4,4.44e-4,4.89e-4,5.58e-4
SYN_138,Controls,0,No PTSD,0,NA,17,25,0,0,0,0,0,28,2,5,1,0,5,5,5,5,5,0.6762859999999999,0.676529,0.595062,0.565112,0.70602,0.753494,0.7301979999999999,0.791191,0.771529,0.794918,0.8677459999999999,0.6625409999999999,0.598073,0.735744,0.730011,0.616725,0.588149,0.729783,0.649208,0.631867,0.650907,0.6027359999999999,0.557122,6.14e-4,6.03e-4,5e-4,5.19e-4,7.03e-4,6.9299999999999e-4,6.11e-4,5.32e-4,5.54e-4,7.63e-4,7.49e-4,6.01e-4,6.13e-4,7.0199999999999e-4,6.15e-4,5.97e-4,6.3099999999999e-4,7.21e-4,6.58e-4,6.5e-4,5.87e-4,6.6e-4,6.91e-4,0.001349,0.001231,0.001023,9.16e-4,0.001412,0.001539,0.00129799999999999,0.001173,0.001336,0.0015,0.001884,0.00129,0.001152,0.001483,0.001451,0.001086,0.001108,0.001394,0.001482,0.001159,0.001299,0.00118,0.001188,3.02e-4,3.01e-4,2.78e-4,3.19e-4,3.07e-4,2.36e-4,2.56e-4,2.0899999999999e-4,2.02e-4,2.2799999999999e-4,1.26e-4,2.16e-4,3.48e-4,2.72e-4,2.47e-4,3.22e-4,3.56e-4,2.48e-4,3.29e-4,3.23e-4,3.2599999999999e-4,3.49e-4,4.21e-4
SYN_139,Comorbid mTBI+PTSD,1,PTSD,2,49,85,78,1,1,1,1,1,36,1,4,2,16,16,11,21,18,20,0.7347100000000001,0.693563,0.623149,0.5447850000000001,0.734248,0.756934,0.760538,0.7853319999999999,0.808996,0.814904,0.845973,0.709865,0.657827,0.736634,0.759421,0.698588,0.6504310000000001,0.7143390000000001,0.742424,0.6901729999999999,0.634937,0.711414,0.596749,5.46e-4,5.78e-4,5.03e-4,5.03e-4,7.63e-4,6.16e-4,6.14e-4,5.32e-4,5.93e-4,6.12e-4,6.98e-4,6.47e-4,6.41e-4,6.68e-4,6.27e-4,5.6799999999999e-4,5.76e-4,7.21e-4,6.09e-4,6.08e-4,6.22e-4,5.9e-4,6.42e-4,0.001349,0.001184,9.48e-4,9.23e-4,0.00159499999999999,0.001417,0.001283,0.001261,0.001469,0.001524,0.001888,0.001336,0.001322,0.001464,0.001357,0.001259,0.001115,0.0015,0.001285,0.001408,0.00121,0.001182,0.001142,2.18e-4,2.53e-4,2.92e-4,3.32e-4,2.5699999999999e-4,2.36e-4,2.36e-4,1.88e-4,1.78e-4,1.92e-4,1.6999999999999e-4,3.32e-4,3.1e-4,2.79e-4,2.52e-4,2.59e-4,2.91e-4,2.98e-4,2.59e-4,2.75e-4,3.29e-4,3.19e-4,4.11e-4
SYN_140,mTBI-only,1,No PTSD,2,25,28,85,1,1,0,1,1,53,2,5,3,4,18,15,5,24,18,0.489416,0.523827,0.43245200000000006,0.400989,0.405435,0.599143,0.6733319999999999,0.633659,0.6257590000000001,0.590575,0.5687840000000001,0.5564939999999999,0.508783,0.5830310000000001,0.541391,0.523177,0.535695,0.459092,0.415506,0.495526,0.474746,0.438791,0.410203,6.01e-4,6.74e-4,6.81e-4,6.51e-4,6.45e-4,5.94e-4,6.16e-4,5.88e-4,6.04e-4,6.21e-4,6.3499999999999e-4,6.5e-4,6.3499999999999e-4,6.23e-4,6.74e-4,6.94e-4,6.94e-4,6.3e-4,6.58e-4,6.56e-4,6.58e-4,6.82e-4,7.13e-4,0.001048,0.001064,9.57e-4,9.36e-4,9.87e-4,0.001038,0.00123699999999999,0.001123,0.001113,0.001151,0.00107,0.001094,0.001064,0.0012,0.00115,0.00105,9.72e-4,0.001076,0.001074,0.001046,0.001067,0.001066,0.001058,4.25e-4,4.23e-4,5.1399999999999e-4,5.15e-4,5.38e-4,3.7e-4,3.18e-4,3.34e-4,3.37e-4,3.7e-4,3.7e-4,3.9e-4,4.61e-4,3.91e-4,4.17e-4,4.5099999999999e-4,4.23e-4,4.17e-4,5.33e-4,4.17e-4,4.7599999999999e-4,4.91e-4,5.32e-4
SYN_141,Controls,0,No PTSD,0,NA,17,26,0,0,0,0,0,35,2,4,0,0,6,5,5,5,5,0.6331600000000001,0.597726,0.39049,0.376201,0.583971,0.611739,0.6505350000000001,0.6560600000000001,0.62905200000000006,0.6950689999999999,0.716,0.5662550000000001,0.52485,0.639429,0.657866,0.5262939999999999,0.489991,0.631188,0.545903,0.585109,0.566048,0.482363,0.5069640000000001,6.56e-4,6.57e-4,7.68e-4,7.33e-4,7.4e-4,6.92e-4,6.51e-4,6.5e-4,7.0599999999999e-4,7.14e-4,7.5999999999999e-4,7.3799999999999e-4,6.8899999999999e-4,7e-4,6.55e-4,6.69e-4,6.7e-4,6.54e-4,6.45e-4,6.3499999999999e-4,6.75e-4,6.92e-4,6.73e-4,0.001258,0.001245,0.001082,0.001094,0.001295,0.001318,0.001301,0.001291,0.001335,0.001411,0.001446,0.001147,0.001208,0.001281,0.001286,0.001208,0.001164,0.00122599999999999,0.001151,0.001227,0.001111,0.001228,0.001205,3.6e-4,3.67e-4,5.7699999999999e-4,5.84e-4,4.34e-4,3.96e-4,3.29e-4,3.6e-4,4.15e-4,3.19e-4,3.08e-4,4.0199999999999e-4,4.3799999999999e-4,3.48e-4,3.41e-4,4.49e-4,4.73e-4,3.48e-4,3.96e-4,3.98e-4,3.79e-4,5.26e-4,4.48e-4
SYN_142,mTBI-only,1,No PTSD,0,9,30,25,0,0,0,0,0,24,2,5,5,10,5,5,5,5,5,0.526375,0.511679,0.372964,0.379988,0.359189,0.5887399999999999,0.590348,0.608219,0.58285,0.6241260000000001,0.653205,0.47963199999999995,0.5528770000000001,0.645209,0.600838,0.464907,0.46262700000000007,0.540565,0.451204,0.5458149999999999,0.530257,0.402522,0.443804,6.77e-4,6.86e-4,6.87e-4,6.74e-4,8.1e-4,7.18e-4,6.28e-4,5.99e-4,6.1299999999999e-4,6.15e-4,7.14e-4,7.09e-4,6.71e-4,6.76e-4,6.71e-4,6.59e-4,6.9e-4,6.84e-4,6.85e-4,6.7e-4,6.36e-4,7.27e-4,6.9299999999999e-4,0.00105399999999999,0.001168,0.001124,0.001016,0.001347,0.001167,0.001273,0.001172,0.001187,0.001186,0.001183,0.001223,0.001143,0.001191,0.001142,0.001127,0.00107899999999999,0.001179,0.00101199999999999,0.001085,0.001171,0.001086,9.74e-4,4.25e-4,4.32e-4,5.41e-4,5.54e-4,5.7699999999999e-4,4.07e-4,4.04e-4,3.86e-4,4e-4,3.57e-4,3.06e-4,4.93e-4,4.2199999999999e-4,3.5e-4,3.89e-4,4.7699999999999e-4,5.05e-4,4.29e-4,5.17e-4,4.2e-4,4.24e-4,5.54e-4,5.02e-4
SYN_143,Comorbid mTBI+PTSD,1,PTSD,2,28,40,67,1,1,0,1,0,25,1,5,33,3,14,11,5,18,9,0.657355,0.61763,0.42543,0.453615,0.512504,0.614516,0.6535770000000001,0.666564,0.637487,0.683854,0.658258,0.5634140000000001,0.526184,0.654176,0.6597109999999999,0.497399,0.5228520000000001,0.603068,0.5222479999999999,0.624637,0.572692,0.5147,0.496428,6.48e-4,6.38e-4,7.08e-4,7.3799999999999e-4,6.74e-4,7.05e-4,6.77e-4,6.59e-4,6.74e-4,7.04e-4,7.03e-4,6.95e-4,6.6e-4,6.54e-4,6.4e-4,7.03e-4,6.5e-4,6.5e-4,6.2e-4,6.43e-4,6.53e-4,7.7e-4,7.3799999999999e-4,0.001267,0.001221,9.84e-4,0.001057,0.001357,0.001282,0.001283,0.001236,0.00131,0.001347,0.00135,0.001189,0.001208,0.001356,0.00126,0.001159,0.001027,0.001192,0.001103,0.001209,0.001174,0.001233,0.001223,3.36e-4,3.6899999999999e-4,5.73e-4,5.03e-4,4.96e-4,3.98e-4,3.3999999999999e-4,3.06e-4,3.81e-4,3.19e-4,3.66e-4,4.3799999999999e-4,4.4e-4,3.46e-4,3.1299999999999e-4,4.58e-4,4.49e-4,3.66e-4,4.37e-4,3.62e-4,3.96e-4,4.83e-4,4.99e-4
SYN_144,Controls,0,No PTSD,0,NA,17,26,0,0,0,0,0,63,1,5,0,0,5,6,5,5,5,0.6277229999999999,0.597726,0.362907,0.337696,0.502555,0.578442,0.618788,0.629821,0.626437,0.6485850000000001,0.6610159999999999,0.5057590000000001,0.480359,0.628041,0.6118100000000001,0.47322,0.471497,0.5281100000000001,0.546033,0.5670729999999999,0.555018,0.46956,0.46252,6.64e-4,6.88e-4,7.42e-4,7.94e-4,7.96e-4,7.23e-4,6.99e-4,6.85e-4,7.11e-4,6.92e-4,7.0999999999999e-4,7.04e-4,7.14e-4,6.72e-4,6.3499999999999e-4,6.78e-4,6.84e-4,6.62e-4,6.61e-4,6.57e-4,6.74e-4,7.27e-4,7.9e-4,0.001286,0.001247,0.001037,0.00106899999999999,0.001151,0.001291,0.00124399999999999,0.001285,0.001403,0.001426,0.001401,0.001196,0.00110999999999999,0.001282,0.001242,0.001086,0.001106,0.001126,0.001131,0.001145,0.001183,0.001208,0.001198,3.56e-4,4.0199999999999e-4,5.98e-4,6.23e-4,5.21e-4,4.28e-4,3.96e-4,3.86e-4,3.81e-4,3.6e-4,3.88e-4,4.55e-4,4.63e-4,3.67e-4,3.79e-4,4.89e-4,5.03e-4,4.11e-4,3.86e-4,4.45e-4,4.17e-4,5.2e-4,5.19e-4
SYN_145,mTBI-only,1,No PTSD,0,5,19,25,0,0,0,0,0,23,2,4,8,2,5,5,5,5,5,0.630087,0.614679,0.400019,0.42996899999999993,0.476894,0.634532,0.649193,0.662111,0.64084,0.682371,0.68976,0.518025,0.505865,0.691473,0.641424,0.462528,0.397465,0.598206,0.561411,0.573607,0.6117199999999999,0.506192,0.473884,6.64e-4,6.65e-4,7.66e-4,7.3799999999999e-4,7.91e-4,6.96e-4,6.64e-4,6.83e-4,7.35e-4,6.78e-4,7.44e-4,7.4e-4,6.77e-4,6.53e-4,6.64e-4,6.77e-4,6.97e-4,6.77e-4,6.76e-4,6.8899999999999e-4,7.01e-4,7.69e-4,7.5999999999999e-4,0.001253,0.001207,0.00112799999999999,0.001104,0.001362,0.001305,0.001302,0.001374,0.00134,0.001376,0.0014,0.001168,0.001215,0.001333,0.00121099999999999,0.00105,0.001058,0.001219,0.001156,0.001206,0.001268,0.001285,0.001331,3.56e-4,3.65e-4,5.44e-4,5.16e-4,5.46e-4,3.81e-4,3.44e-4,3.31e-4,3.73e-4,3.63e-4,3.46e-4,4.55e-4,4.6699999999999e-4,3.23e-4,3.39e-4,4.9699999999999e-4,4.98e-4,3.79e-4,4.15e-4,4.1e-4,3.87e-4,5.23e-4,5.1399999999999e-4
SYN_146,mTBI-only,1,No PTSD,0,0,19,27,0,0,0,0,0,25,1,5,8,1,5,7,5,5,5,0.644687,0.617498,0.452886,0.496381,0.51355,0.626627,0.656904,0.671438,0.675298,0.699839,0.720151,0.588465,0.5756100000000001,0.671157,0.6869149999999999,0.529054,0.499,0.534566,0.610189,0.5365340000000001,0.5696939999999999,0.501141,0.556036,6.33e-4,6.32e-4,7.25e-4,6.3899999999999e-4,7.81e-4,6.9299999999999e-4,6.32e-4,6.65e-4,6.83e-4,6.7e-4,6.72e-4,6.56e-4,6.48e-4,6e-4,6.1299999999999e-4,6.83e-4,6.58e-4,6.97e-4,6.45e-4,6.2199999999999e-4,5.99e-4,7.54e-4,6.34e-4,0.00123699999999999,0.001112,0.001179,0.001103,0.001308,0.001353,0.001264,0.001316,0.001359,0.001388,0.001395,0.001309,0.001233,0.001259,0.001223,0.001137,0.001164,0.00117699999999999,0.00121099999999999,0.001123,0.001209,0.001235,0.001118,3.45e-4,3.2e-4,5.12e-4,4.33e-4,5e-4,3.98e-4,3.46e-4,3.2599999999999e-4,3.5299999999999e-4,3.1e-4,3.22e-4,3.7999999999999e-4,3.8199999999999e-4,3.12e-4,3.18e-4,4.49e-4,4.6399999999999e-4,4.61e-4,3.6899999999999e-4,4.46e-4,4.0199999999999e-4,5.07e-4,4.14e-4
SYN_147,Controls,0,No PTSD,2,NA,28,65,1,1,1,0,1,51,1,5,2,9,19,17,11,14,12,0.653864,0.588363,0.428094,0.418795,0.5655140000000001,0.62543,0.649014,0.6426,0.6315930000000001,0.687133,0.70215,0.557262,0.5516260000000001,0.654828,0.6480020000000001,0.484674,0.47942299999999993,0.56838,0.6122920000000001,0.592969,0.55669,0.4625,0.467229,6.65e-4,6.75e-4,7.68e-4,7.13e-4,7.33e-4,6.83e-4,6.7e-4,6.33e-4,7.11e-4,6.68e-4,7.0599999999999e-4,6.86e-4,7.0999999999999e-4,6.3899999999999e-4,6.42e-4,7.03e-4,7.18e-4,6.67e-4,6.59e-4,6.51e-4,7.3799999999999e-4,7.65e-4,7.6399999999999e-4,0.001307,0.001186,0.001074,0.001091,0.001371,0.001263,0.001273,0.001285,0.001282,0.001411,0.001424,0.001241,9.99e-4,0.00121099999999999,0.001263,0.001145,0.001083,0.001247,0.001272,0.001192,0.001183,0.001222,0.001253,3.27e-4,3.94e-4,5.62e-4,5.2699999999999e-4,4.54e-4,3.65e-4,3.31e-4,3.7799999999999e-4,3.83e-4,3.27e-4,3.27e-4,4.48e-4,4.5e-4,3.54e-4,3.46e-4,4.7599999999999e-4,4.87e-4,4.34e-4,3.71e-4,3.98e-4,4.26e-4,5.24e-4,5.33e-4
SYN_148,Controls,0,No PTSD,0,NA,21,25,0,0,0,0,0,21,2,NA,3,0,5,5,5,5,5,0.605772,0.545295,0.398126,0.402541,0.505854,0.607953,0.638555,0.650654,0.644881,0.654941,0.628085,0.511758,0.497839,0.666009,0.641424,0.523844,0.498967,0.568064,0.5127649999999999,0.582314,0.571613,0.487334,0.460697,6.55e-4,6.54e-4,7.7e-4,7.23e-4,7.91e-4,7.33e-4,6.78e-4,6.3899999999999e-4,6.92e-4,6.78e-4,7.5099999999999e-4,6.76e-4,7.18e-4,6.58e-4,6.46e-4,6.71e-4,7.15e-4,6.9299999999999e-4,7.0199999999999e-4,6.69e-4,6.6e-4,7.4699999999999e-4,6.98e-4,0.001275,0.001135,0.00113,0.001081,0.00128,0.001272,0.001313,0.001381,0.001371,0.001388,0.001438,0.001193,0.001085,0.001384,0.001223,0.001227,0.001175,0.001247,0.00117699999999999,0.001289,0.001158,0.001283,0.001149,3.68e-4,3.99e-4,5.18e-4,5.62e-4,5.2699999999999e-4,3.96e-4,3.67e-4,3.28e-4,3.5299999999999e-4,3.6e-4,4.07e-4,4.73e-4,4.23e-4,3.56e-4,3.44e-4,4.2e-4,4.7e-4,3.85e-4,4.28e-4,4.1e-4,3.97e-4,4.87e-4,5.82e-4
SYN_149,Controls,0,No PTSD,2,NA,17,51,1,0,1,0,0,19,2,NA,3,0,13,7,23,13,8,0.544117,0.510335,0.398126,0.364475,0.405435,0.6032649999999999,0.620721,0.6376310000000001,0.5974520000000001,0.628635,0.615021,0.49304,0.487173,0.591435,0.60337,0.5083770000000001,0.493933,0.518215,0.399579,0.5458149999999999,0.5341130000000001,0.42839699999999997,0.41534799999999994,6.55e-4,6.51e-4,6.81e-4,6.84e-4,7.14e-4,7.05e-4,6.33e-4,5.8099999999999e-4,6.04e-4,6.27e-4,6.15e-4,6.66e-4,6.4e-4,6.7999999999999e-4,6.19e-4,6.1299999999999e-4,6.34e-4,6.83e-4,6.68e-4,7.05e-4,6.36e-4,7.0199999999999e-4,7.42e-4,0.001057,0.001025,9.57e-4,9.72e-4,0.001004,0.001248,0.00126,0.0013,0.001134,0.001151,0.00107,0.001206,0.001157,0.001147,0.001098,0.001058,0.001006,0.001008,0.001021,0.0012,0.001074,0.001181,0.001164,3.87e-4,4.61e-4,5.1399999999999e-4,5.21e-4,5.0599999999999e-4,3.38e-4,3.72e-4,3.3999999999999e-4,3.71e-4,3.57e-4,3.5499999999999e-4,4.42e-4,4.23e-4,3.91e-4,3.87e-4,4.0899999999999e-4,4.4699999999999e-4,4.71e-4,5.12e-4,4.1e-4,4.24e-4,5.2e-4,5.4e-4
SYN_150,mTBI-only,1,No PTSD,2,0,34,41,0,0,1,0,1,56,2,5,7,2,7,6,23,8,10,0.669423,0.61763,0.465297,0.421509,0.567009,0.616111,0.6311140000000001,0.647269,0.63773,0.6800689999999999,0.68843,0.537877,0.532135,0.674496,0.696497,0.561299,0.512968,0.6090770000000001,0.589096,0.5901390000000001,0.608996,0.520497,0.490387,6.5e-4,6.55e-4,6.9299999999999e-4,6.83e-4,7.4699999999999e-4,6.36e-4,6.6e-4,6.86e-4,6.85e-4,6.9e-4,7.05e-4,6.82e-4,6.52e-4,6.76e-4,6.36e-4,6.67e-4,6.88e-4,6.33e-4,6.53e-4,6.44e-4,6.94e-4,7.7e-4,7.5999999999999e-4,0.001265,0.001231,0.001075,0.001112,0.001216,0.001361,0.001273,0.001289,0.001334,0.00135999999999999,0.0014,0.001209,0.001208,0.001325,0.001255,0.001123,0.001139,0.001204,0.00122599999999999,0.001209,0.001187,0.001205,0.00129,3.24e-4,3.72e-4,5.17e-4,5.26e-4,4.46e-4,4.08e-4,3.66e-4,3.54e-4,3.68e-4,3.46e-4,3.41e-4,3.89e-4,4.34e-4,3.63e-4,3.07e-4,4.16e-4,4.65e-4,3.92e-4,3.9e-4,3.68e-4,4e-4,4.72e-4,4.99e-4
SYN_151,Comorbid mTBI+PTSD,1,PTSD,2,35,73,104,1,1,1,1,0,36,1,5,0,16,22,25,16,15,8,0.4684350000000001,0.480214,0.33153499999999997,0.32375,0.32676,0.546513,0.582967,0.582335,0.5869260000000001,0.569379,0.543545,0.481395,0.505973,0.549679,0.5334180000000001,0.367846,0.415775,0.415914,0.395401,0.446227,0.474663,0.425833,0.435759,6.57e-4,6.7999999999999e-4,8.13e-4,7.09e-4,8.48e-4,6.46e-4,7.0999999999999e-4,6.3499999999999e-4,6.27e-4,6.3e-4,6.4e-4,6.83e-4,6.81e-4,6.72e-4,7e-4,7.54e-4,6.95e-4,6.46e-4,7.3799999999999e-4,6.73e-4,7.25e-4,7.01e-4,6.9299999999999e-4,0.001109,0.001027,0.001046,0.001078,0.001135,0.001142,0.001259,0.001193,0.001089,0.001372,0.001088,0.001164,0.00107,0.001171,0.001169,0.001014,0.001031,0.001091,9.97e-4,0.001127,0.001109,0.001038,0.001055,4.86e-4,4.53e-4,6.66e-4,5.54e-4,8.37e-4,4.3499999999999e-4,4.05e-4,4.04e-4,5.65e-4,4.37e-4,4.03e-4,4.98e-4,4.5599999999999e-4,4.03e-4,4.13e-4,5.63e-4,5.26e-4,4.93e-4,5.69e-4,4.98e-4,4.89e-4,5.11e-4,5.13e-4
SYN_152,mTBI-only,1,No PTSD,2,NA,37,100,1,1,1,1,1,30,2,5,5,0,25,25,21,20,20,0.525418,0.509163,0.340014,0.378408,0.405435,0.573681,0.665917,0.637021,0.5974520000000001,0.629478,0.603292,0.5102869999999999,0.535929,0.598367,0.581317,0.386463,0.424872,0.542246,0.418517,0.4765970000000001,0.465732,0.437704,0.426995,6.3099999999999e-4,6.54e-4,7.01e-4,6.51e-4,6.54e-4,6.27e-4,6.16e-4,6.7e-4,6.92e-4,6.85e-4,6.91e-4,6.48e-4,6.86e-4,6.14e-4,6.77e-4,7.11e-4,7.17e-4,6.06e-4,6.44e-4,6.88e-4,6.76e-4,6.78e-4,6.78e-4,0.001038,0.001109,9.56e-4,9.36e-4,0.001045,0.001142,0.001238,0.001164,0.001309,0.001142,0.001339,0.001247,0.001107,0.001206,0.001254,0.001051,0.001073,9.98e-4,9.78e-4,0.001096,0.00112799999999999,0.00102799999999999,0.001108,4.25e-4,4.61e-4,5.7e-4,5.18e-4,5.09e-4,3.85e-4,3.14e-4,3.25e-4,3.71e-4,3.61e-4,3.7799999999999e-4,4.3799999999999e-4,4.28e-4,3.91e-4,3.62e-4,5.31e-4,5.13e-4,4.28e-4,5.2699999999999e-4,4.68e-4,4.7e-4,4.79e-4,5.0099999999999e-4
SYN_153,Comorbid mTBI+PTSD,1,PTSD,2,37,52,64,0,1,1,0,0,47,1,5,0,16,9,11,23,5,7,0.5764670000000001,0.591394,0.4117,0.437231,0.523496,0.574268,0.611869,0.62792,0.619896,0.5892149999999999,0.593805,0.5086689999999999,0.508659,0.591435,0.5813699999999999,0.424824,0.526942,0.426162,0.513219,0.401392,0.523432,0.5031329999999999,0.5160939999999999,6.2599999999999e-4,6.41e-4,7.41e-4,7.13e-4,8.06e-4,6.38e-4,7.01e-4,7.01e-4,7.0999999999999e-4,6.99e-4,7.35e-4,6.97e-4,7.24e-4,6.47e-4,6.71e-4,7.36e-4,6.23e-4,7.07e-4,6.41e-4,6.84e-4,7.13e-4,6.68e-4,6.5e-4,0.001181,0.001236,0.001058,0.001059,0.001245,0.001248,0.001204,0.001336,0.001312,0.001352,0.001421,0.001047,0.001184,0.001238,0.001096,0.001037,0.001094,0.001197,0.001149,0.00115,0.001137,0.001166,0.001206,4.0199999999999e-4,3.87e-4,5.28e-4,5.54e-4,5.02e-4,4e-4,3.93e-4,3.43e-4,3.52e-4,3.62e-4,4.08e-4,4.62e-4,4.54e-4,3.88e-4,3.73e-4,5.3e-4,4.26e-4,5.8099999999999e-4,4.45e-4,5.2699999999999e-4,4.54e-4,4.7699999999999e-4,4.7e-4
SYN_154,Controls,0,No PTSD,2,NA,19,37,0,0,0,1,0,51,1,5,2,1,7,6,5,15,5,0.6598689999999999,0.623438,0.385125,0.402225,0.528276,0.597492,0.619213,0.6249180000000001,0.633039,0.6769189999999999,0.690278,0.519209,0.513804,0.626648,0.594173,0.5106689999999999,0.47335,0.594905,0.565851,0.6150329999999999,0.589486,0.55574,0.513882,6.19e-4,6.36e-4,7.36e-4,7.27e-4,6.77e-4,6.96e-4,6.88e-4,6.88e-4,6.82e-4,6.77e-4,7.35e-4,6.82e-4,6.7e-4,6.29e-4,6.47e-4,6.77e-4,6.7e-4,6.4899999999999e-4,6.74e-4,6.46e-4,6.63e-4,7.09e-4,6.96e-4,0.001265,0.001247,0.001133,0.001039,0.001299,0.001286,0.001271,0.00126199999999999,0.00135,0.00140899999999999,0.001522,0.001182,0.001179,0.001266,0.001223,9.57e-4,0.001099,0.001175,0.00117,0.001271,0.00121099999999999,0.00129799999999999,0.001171,3.34e-4,3.52e-4,5.6e-4,5.53e-4,4.87e-4,4.33e-4,3.79e-4,3.83e-4,3.66e-4,3.43e-4,3.46e-4,4.62e-4,4.5099999999999e-4,3.5499999999999e-4,4.29e-4,4.37e-4,4.45e-4,3.8199999999999e-4,4.03e-4,3.87e-4,3.61e-4,4.41e-4,4.54e-4
SYN_155,mTBI-only,1,No PTSD,0,23,41,42,0,0,0,0,0,25,1,5,32,7,9,6,5,12,7,0.495102,0.51781,0.35866,0.379988,0.361169,0.571624,0.625009,0.615941,0.5869260000000001,0.6241260000000001,0.626249,0.50276,0.503246,0.632305,0.599811,0.444387,0.441404,0.406679,0.440966,0.491229,0.491372,0.441599,0.426721,6.83e-4,6.38e-4,7.26e-4,6.73e-4,6.68e-4,5.89e-4,7.25e-4,6.59e-4,6.1299999999999e-4,6.58e-4,6.08e-4,6.83e-4,6.47e-4,6.11e-4,6.3899999999999e-4,6.74e-4,7.0999999999999e-4,6.8899999999999e-4,6.54e-4,6.67e-4,6.82e-4,6.82e-4,7.17e-4,0.001063,0.001052,0.001039,0.001018,0.001075,0.001204,0.00122899999999999,0.001183,0.001152,0.001129,0.001074,0.001122,0.001082,0.001178,0.00115,0.001044,0.001029,0.001015,0.00105,0.001101,0.001089,0.001041,0.0011,4.36e-4,4.13e-4,5.83e-4,5.89e-4,6.06e-4,4.4e-4,3.7e-4,3.76e-4,3.5499999999999e-4,3.83e-4,3.5e-4,4.7999999999999e-4,4.8499999999999e-4,3.17e-4,3.62e-4,4.5e-4,4.83e-4,5.35e-4,4.66e-4,4.68e-4,4.33e-4,4.91e-4,5.23e-4
SYN_156,Controls,0,No PTSD,0,NA,17,25,0,0,0,0,0,26,2,NA,2,1,5,5,5,5,5,0.591753,0.532597,0.411621,0.420938,0.477479,0.591699,0.650522,0.6639390000000001,0.630737,0.6969770000000001,0.731305,0.543074,0.529475,0.629761,0.610174,0.380181,0.403352,0.5717939999999999,0.5170520000000001,0.585109,0.607119,0.5352520000000001,0.497384,6.65e-4,6.81e-4,7.5099999999999e-4,6.99e-4,7.75e-4,7.01e-4,6.99e-4,6.61e-4,7.01e-4,7.28e-4,6.88e-4,6.69e-4,6.53e-4,6.51e-4,6.37e-4,7.49e-4,7.25e-4,6.73e-4,6.33e-4,6.86e-4,6.47e-4,7.31e-4,7.0199999999999e-4,0.001242,0.001138,0.001156,0.001094,0.001354,0.001285,0.00131,0.001292,0.001312,0.001382,0.001459,0.001189,0.00113599999999999,0.001271,0.001249,0.00109499999999999,0.001106,0.001207,0.001192,0.001246,0.001269,0.001138,0.001206,3.86e-4,4.45e-4,5.52e-4,5.26e-4,5.7e-4,4.42e-4,3.37e-4,3.21e-4,3.67e-4,3.3999999999999e-4,2.71e-4,4.3e-4,4.28e-4,3.96e-4,3.79e-4,5.86e-4,5.35e-4,3.96e-4,4.66e-4,4.0599999999999e-4,3.97e-4,4.55e-4,4.86e-4
SYN_157,Controls,0,No PTSD,0,NA,36,32,0,0,0,0,0,35,1,4,24,1,5,6,5,9,5,0.636523,0.646305,0.472822,0.481633,0.5531149999999999,0.621786,0.637625,0.64066,0.603368,0.708015,0.671983,0.5634140000000001,0.583201,0.668826,0.709074,0.569194,0.515691,0.594395,0.562265,0.6310359999999999,0.614954,0.519606,0.579639,6.46e-4,6.34e-4,7.21e-4,7.27e-4,7.3799999999999e-4,6.61e-4,6.53e-4,6.69e-4,6.77e-4,6.7e-4,6.8899999999999e-4,6.74e-4,6.67e-4,6.57e-4,6.3099999999999e-4,6.55e-4,6.63e-4,6.25e-4,6.58e-4,6.5199999999999e-4,6.5e-4,7.09e-4,6.97e-4,0.001263,0.001303,0.001145,0.00115399999999999,0.001348,0.001218,0.00126199999999999,0.00132899999999999,0.001353,0.001377,0.001333,0.001241,0.001282,0.001335,0.001459,0.001105,0.001155,0.001225,0.00118,0.001138,0.001201,0.00119499999999999,0.001196,3.35e-4,3.47e-4,4.7599999999999e-4,4.68e-4,4.28e-4,3.92e-4,3.7799999999999e-4,3.66e-4,4.03e-4,3.01e-4,3.42e-4,4e-4,4.08e-4,3.63e-4,2.8e-4,3.95e-4,4.28e-4,3.66e-4,4.0199999999999e-4,3.59e-4,3.58e-4,4.7599999999999e-4,3.8199999999999e-4
SYN_158,Comorbid mTBI+PTSD,1,PTSD,2,28,69,89,1,1,1,1,0,37,2,6,2,9,25,11,15,20,7,0.495102,0.550145,0.385083,0.39398300000000003,0.360693,0.585304,0.614287,0.640246,0.6425109999999999,0.6226189999999999,0.608633,0.492025,0.550021,0.5830310000000001,0.588938,0.5268609999999999,0.460754,0.364071,0.4686979999999999,0.436256,0.474663,0.495409,0.397846,5.99e-4,6.36e-4,7.28e-4,6.7999999999999e-4,7.33e-4,5.89e-4,6.46e-4,5.93e-4,5.88e-4,6e-4,5.89e-4,6.97e-4,6.47e-4,6.5199999999999e-4,6.36e-4,6.15e-4,6.74e-4,6.95e-4,6.7e-4,7.13e-4,6.65e-4,6.51e-4,7.22e-4,0.001063,0.001102,9.59e-4,9.38e-4,0.00109,0.001122,0.001264,0.001138,0.001113,0.001209,0.001083,0.00105399999999999,0.001025,0.001171,0.001254,0.001056,0.001096,0.00106899999999999,0.00102799999999999,0.00103,0.00116199999999999,0.001006,0.00110999999999999,4.14e-4,4.1799999999999e-4,5.2e-4,5.15e-4,5.91e-4,4.07e-4,3.5299999999999e-4,3.25e-4,3.58e-4,3.5299999999999e-4,3.73e-4,4.68e-4,3.98e-4,3.87e-4,3.5299999999999e-4,4.5099999999999e-4,4.7699999999999e-4,5.39e-4,4.3499999999999e-4,5.09e-4,5.04e-4,4.52e-4,5.32e-4
SYN_159,Controls,0,No PTSD,0,NA,17,25,0,0,0,0,0,19,2,5,0,0,5,5,5,5,5,0.582834,0.585225,0.408151,0.38836,0.510987,0.592881,0.623884,0.655064,0.633981,0.6746300000000001,0.663104,0.523887,0.492169,0.65076,0.675662,0.45373500000000005,0.388887,0.5217890000000001,0.427615,0.548445,0.504017,0.44667299999999993,0.445467,6.65e-4,6.5199999999999e-4,7.7e-4,7.5e-4,7.8e-4,6.82e-4,6.7999999999999e-4,6.85e-4,6.75e-4,7.05e-4,7.33e-4,6.97e-4,7.3799999999999e-4,6.57e-4,6.25e-4,6.78e-4,7.3e-4,6.69e-4,6.5199999999999e-4,7.01e-4,6.7999999999999e-4,7.76e-4,7.25e-4,0.001255,0.001204,0.001171,0.001184,0.001321,0.001327,0.001212,0.001352,0.00135999999999999,0.00145299999999999,0.001401,0.001196,0.001236,0.001288,0.001239,0.001045,0.001076,0.001165,0.001205,0.001247,0.001174,0.001256,0.001146,4e-4,3.75e-4,5.53e-4,5.79e-4,4.94e-4,4.3799999999999e-4,3.99e-4,3.5099999999999e-4,3.88e-4,3.6e-4,3.59e-4,4.62e-4,4.9e-4,3.5099999999999e-4,3.03e-4,5.02e-4,5.57e-4,4.23e-4,5.25e-4,4.48e-4,4.74e-4,5e-4,5.07e-4
SYN_160,mTBI-only,1,No PTSD,2,0,18,56,1,1,0,0,0,48,1,5,0,0,14,10,5,13,5,0.618073,0.634061,0.37688,0.406097,0.498901,0.541691,0.564268,0.608219,0.58285,0.658888,0.66065,0.518196,0.499471,0.594703,0.6226010000000001,0.448917,0.484501,0.542261,0.554628,0.53071,0.582242,0.511363,0.502047,6.64e-4,6.23e-4,7.58e-4,7.42e-4,7.62e-4,7.24e-4,7.0199999999999e-4,7.08e-4,7.15e-4,7.07e-4,7.32e-4,7.23e-4,7.01e-4,6.69e-4,6.2e-4,7.23e-4,6.7999999999999e-4,6.81e-4,6.6e-4,6.73e-4,6.73e-4,7.49e-4,7.05e-4,0.001231,0.00117699999999999,0.001107,0.001104,0.001299,0.001253,0.001266,0.00127799999999999,0.001327,0.001493,0.001439,0.001204,0.00108699999999999,0.00120299999999999,0.001231,0.001101,0.00110999999999999,0.001152,0.001103,0.001256,0.00121099999999999,0.001132,0.001178,3.75e-4,3.45e-4,5.75e-4,5.46e-4,5.47e-4,4.71e-4,4.43e-4,4.07e-4,3.92e-4,3.41e-4,3.88e-4,4.66e-4,4.98e-4,4.05e-4,3.58e-4,5.03e-4,4.84e-4,4.3499999999999e-4,4.3099999999999e-4,4.36e-4,4.0599999999999e-4,5.04e-4,5.07e-4
SYN_161,Controls,0,No PTSD,2,NA,44,64,1,1,1,1,1,56,1,5,11,9,16,17,9,15,11,0.673457,0.658687,0.440281,0.441277,0.512504,0.643726,0.634433,0.64066,0.63773,0.711448,0.7086720000000001,0.581389,0.551407,0.672389,0.677452,0.536744,0.505188,0.599214,0.605854,0.5783590000000001,0.576083,0.520497,0.551666,6.65e-4,6.03e-4,7.16e-4,7.16e-4,7.62e-4,6.78e-4,6.56e-4,6.79e-4,6.97e-4,6.71e-4,6.5e-4,6.82e-4,7.12e-4,6.23e-4,6.2e-4,6.41e-4,6.7999999999999e-4,6.54e-4,6.5199999999999e-4,6.43e-4,6.36e-4,7.08e-4,6.06e-4,0.001267,0.001108,0.00109499999999999,0.001112,0.001232,0.00122899999999999,0.001297,0.00126199999999999,0.00131,0.00141999999999999,0.001395,0.001272,0.001241,0.001281,0.00123699999999999,0.001122,0.001027,0.001161,0.001272,0.001259,0.001183,0.001197,0.00121,3.06e-4,3.35e-4,5.18e-4,5.17e-4,5.02e-4,3.59e-4,3.5099999999999e-4,3.58e-4,3.49e-4,3.08e-4,3.05e-4,3.83e-4,4.11e-4,3.15e-4,3.15e-4,3.57e-4,4.5599999999999e-4,3.7e-4,3.7799999999999e-4,4.13e-4,3.97e-4,4.7599999999999e-4,4.21e-4
SYN_162,mTBI-only,1,No PTSD,2,0,21,46,1,0,1,0,0,27,1,5,10,2,13,9,21,13,8,0.6766399999999999,0.623663,0.440281,0.456678,0.5655140000000001,0.631847,0.659535,0.667511,0.641093,0.6675949999999999,0.679137,0.5284439999999999,0.535693,0.6607390000000001,0.648629,0.462528,0.487484,0.577129,0.607462,0.583873,0.555575,0.4805239999999999,0.4921640000000001,6.24e-4,6.32e-4,7.01e-4,7e-4,6.59e-4,6.66e-4,6.59e-4,6.4e-4,6.84e-4,6.37e-4,6.23e-4,6.87e-4,6.98e-4,6.86e-4,6.34e-4,6.58e-4,7.15e-4,6.67e-4,6.59e-4,6.62e-4,6.59e-4,6.91e-4,7.94e-4,0.001242,0.00123699999999999,0.001179,0.001048,0.001347,0.001317,0.001268,0.00128,0.001285,0.00141999999999999,0.001444,0.001292,0.001193,0.001331,0.001266,0.001041,0.001104,0.001192,0.001257,0.0012,0.00117699999999999,0.001223,0.001205,2.95e-4,3.72e-4,5.13e-4,4.83e-4,4.42e-4,3.61e-4,3.38e-4,3.3999999999999e-4,3.7799999999999e-4,3.49e-4,3.49e-4,4.49e-4,4.37e-4,3.43e-4,3.36e-4,4.86e-4,4.53e-4,4.2199999999999e-4,3.7799999999999e-4,3.7799999999999e-4,4.12e-4,5.28e-4,5.11e-4
SYN_163,mTBI-only,1,No PTSD,0,5,22,29,0,0,0,0,0,29,1,5,4,3,8,6,5,5,9,0.644687,0.625842,0.43452,0.401759,0.46331000000000006,0.626627,0.642011,0.65852,0.640508,0.664501,0.672729,0.496758,0.53438,0.674496,0.589288,0.451013,0.462966,0.568642,0.604642,0.602979,0.6057739999999999,0.500533,0.523576,6.7e-4,6.77e-4,7.07e-4,7.42e-4,7.95e-4,6.95e-4,6.3e-4,6.65e-4,7.07e-4,7.29e-4,7.34e-4,7.18e-4,7.08e-4,6.8899999999999e-4,6.56e-4,7.0599999999999e-4,7.14e-4,6.44e-4,6.51e-4,6.9e-4,6.6e-4,7.4699999999999e-4,7.46e-4,0.001236,0.001218,0.001142,0.00115399999999999,0.001325,0.001281,0.001322,0.001277,0.001308,0.00141199999999999,0.001375,0.001213,0.001208,0.00133,0.00122,0.00105399999999999,0.00112799999999999,0.0013,0.001204,0.001192,0.00122599999999999,0.001197,0.001175,3.42e-4,3.6e-4,5.32e-4,5.41e-4,5.84e-4,3.92e-4,3.62e-4,3.45e-4,3.79e-4,3.56e-4,3.45e-4,4.74e-4,4.55e-4,3.23e-4,4.14e-4,5.15e-4,4.71e-4,4.05e-4,3.48e-4,3.9e-4,3.86e-4,4.96e-4,4.93e-4
SYN_164,Comorbid mTBI+PTSD,1,PTSD,0,31,65,32,0,0,0,0,0,32,1,2,5,10,6,8,5,7,9,0.622644,0.578484,0.380884,0.352564,0.497187,0.594232,0.641502,0.6508430000000001,0.645109,0.651892,0.628085,0.457622,0.51113,0.597769,0.635231,0.453567,0.4614140000000001,0.548027,0.573338,0.570471,0.586855,0.497117,0.443838,6.48e-4,6.45e-4,7.21e-4,7.8e-4,7.95e-4,7.13e-4,6.9e-4,6.85e-4,6.9e-4,7.3e-4,7.46e-4,6.78e-4,7.18e-4,6.9e-4,6.83e-4,6.95e-4,6.67e-4,6.7e-4,6.46e-4,7.18e-4,6.75e-4,7.07e-4,7.32e-4,0.001267,0.001176,0.001153,0.00109499999999999,0.001331,0.001281,0.00132,0.001232,0.001339,0.00141199999999999,0.001381,0.001196,0.001167,0.001268,0.001224,0.00102799999999999,0.001058,0.001149,0.001176,0.00121099999999999,0.001212,0.001132,0.001189,3.56e-4,4.26e-4,5.5e-4,6.2599999999999e-4,4.8499999999999e-4,4.12e-4,3.7999999999999e-4,3.25e-4,3.5299999999999e-4,3.59e-4,3.58e-4,4.92e-4,4.23e-4,4.14e-4,3.63e-4,5.09e-4,4.94e-4,4.12e-4,4.04e-4,4.34e-4,4.21e-4,4.74e-4,5.1399999999999e-4
SYN_165,Controls,0,No PTSD,0,0,17,25,0,0,0,0,0,18,2,4,0,0,5,5,5,5,5,0.6072609999999999,0.5857180000000001,0.428584,0.394675,0.471805,0.593618,0.640057,0.650654,0.631904,0.672325,0.672729,0.488673,0.5056470000000001,0.594599,0.674585,0.456795,0.398726,0.5666770000000001,0.561624,0.601438,0.59251,0.466287,0.518698,6.47e-4,6.71e-4,7.52e-4,7.55e-4,7.95e-4,7.14e-4,6.76e-4,6.81e-4,7.0999999999999e-4,6.82e-4,7.13e-4,7.13e-4,6.64e-4,6.58e-4,6.68e-4,6.87e-4,6.97e-4,6.77e-4,6.58e-4,6.9299999999999e-4,6.72e-4,7.55e-4,7.01e-4,0.00125199999999999,0.001206,0.001185,0.00110999999999999,0.001305,0.001272,0.001288,0.001277,0.001346,0.001392,0.001415,0.00122,0.001253,0.001299,0.00121099999999999,0.001099,0.001111,0.001224,0.001156,0.001206,0.001277,0.001212,0.001236,3.8199999999999e-4,3.98e-4,5.31e-4,5.46e-4,5.46e-4,4.14e-4,3.67e-4,3.58e-4,4.03e-4,3.49e-4,3.63e-4,4.8499999999999e-4,4.79e-4,3.91e-4,3.2e-4,5e-4,5.57e-4,4.0199999999999e-4,3.92e-4,3.86e-4,3.87e-4,5.33e-4,4.7e-4
SYN_166,mTBI-only,1,No PTSD,0,26,72,27,0,0,0,0,0,63,2,5,31,9,5,5,7,7,5,0.607425,0.612379,0.34526399999999996,0.405206,0.498901,0.593743,0.63995900000000006,0.645996,0.610047,0.669445,0.686703,0.464429,0.512371,0.668188,0.616113,0.4145430000000001,0.464079,0.5717939999999999,0.59837,0.6139760000000001,0.592485,0.464834,0.523781,6.64e-4,6.6e-4,7.42e-4,7.44e-4,8.64e-4,7.32e-4,6.77e-4,6.81e-4,7.05e-4,7e-4,7.0999999999999e-4,7.09e-4,7.07e-4,6.53e-4,6.76e-4,7.0999999999999e-4,6.9e-4,6.53e-4,6.4e-4,6.82e-4,6.66e-4,7.89e-4,6.96e-4,0.00131,0.001218,0.001139,0.001076,0.001151,0.001348,0.001258,0.00129,0.001259,0.00138,0.001393,0.001185,0.001088,0.001328,0.001316,0.00102799999999999,0.001151,0.001242,0.001273,0.001214,0.001164,0.00124399999999999,0.001186,3.7999999999999e-4,3.85e-4,5.94e-4,5.49e-4,5.39e-4,4.16e-4,3.59e-4,3.61e-4,4.04e-4,3.43e-4,3.52e-4,4.8499999999999e-4,4.46e-4,3.37e-4,3.75e-4,5.46e-4,4.99e-4,3.83e-4,3.63e-4,3.95e-4,3.85e-4,5.5e-4,4.59e-4
SYN_167,Controls,0,No PTSD,0,NA,17,25,0,0,0,0,0,28,2,5,1,0,5,5,5,5,5,0.627943,0.601861,0.448208,0.460455,0.564804,0.62543,0.6383909999999999,0.660722,0.650574,0.6833020000000001,0.707426,0.535896,0.525977,0.642842,0.641424,0.5612,0.493558,0.555703,0.556335,0.6247,0.595811,0.523647,0.533674,6.7999999999999e-4,6.6e-4,7.35e-4,7e-4,7.88e-4,7.01e-4,6.68e-4,6.86e-4,6.84e-4,6.75e-4,6.82e-4,6.86e-4,7.08e-4,6.83e-4,6.36e-4,6.83e-4,6.73e-4,6.65e-4,6.78e-4,6.5199999999999e-4,6.69e-4,7.36e-4,7.14e-4,0.00123699999999999,0.001231,0.001171,0.001147,0.001371,0.00135,0.001363,0.001285,0.001353,0.001401,0.0014,0.001158,0.0012,0.001284,0.001279,0.001157,0.001223,0.001212,0.001151,0.001188,0.00122899999999999,0.001198,0.001158,3.54e-4,3.81e-4,5.29e-4,5e-4,4.48e-4,3.98e-4,3.7799999999999e-4,3.52e-4,3.66e-4,3.47e-4,3.16e-4,4.2199999999999e-4,4.5099999999999e-4,3.56e-4,3.48e-4,4.07e-4,4.5099999999999e-4,4.2699999999999e-4,4.04e-4,3.65e-4,3.92e-4,4.59e-4,4.7699999999999e-4
SYN_168,PTSD-only,0,PTSD,2,NA,32,66,1,1,1,1,1,56,1,5,4,3,15,21,15,16,11,0.642608,0.581028,0.345999,0.353306,0.479509,0.601799,0.6505350000000001,0.667219,0.6483479999999999,0.685631,0.710795,0.5505359999999999,0.523494,0.658463,0.6869149999999999,0.437252,0.441404,0.6090770000000001,0.575397,0.594108,0.595564,0.5027229999999999,0.5196189999999999,6.38e-4,6.71e-4,7.73e-4,7.91e-4,8.33e-4,6.4899999999999e-4,6.45e-4,6.73e-4,6.87e-4,6.71e-4,7.18e-4,6.65e-4,6.73e-4,6.62e-4,6.1e-4,6.5e-4,7.17e-4,6.7e-4,6.45e-4,6.41e-4,6.75e-4,7.05e-4,6.76e-4,0.001232,0.00121099999999999,0.00101,0.001109,0.001269,0.001218,0.00129799999999999,0.0014,0.001285,0.001347,0.001428,0.001151,0.001152,0.001295,0.0013,0.001073,0.00110999999999999,0.0012,0.001147,0.00118,0.001171,0.00125199999999999,0.00116,3.54e-4,3.76e-4,5.97e-4,6.32e-4,5.54e-4,4.41e-4,3.29e-4,3.2599999999999e-4,3.71e-4,3.31e-4,3.3e-4,4e-4,4.37e-4,3.49e-4,3.06e-4,5.24e-4,5.17e-4,3.74e-4,3.83e-4,3.85e-4,3.95e-4,4.92e-4,4.48e-4
SYN_169,mTBI-only,1,No PTSD,0,0,18,25,0,0,0,0,0,22,2,5,3,0,5,5,5,5,5,0.61715,0.578696,0.398126,0.406097,0.513482,0.587494,0.619738,0.612695,0.610804,0.657979,0.667416,0.521548,0.532928,0.61535,0.6576930000000001,0.4746649999999999,0.445211,0.5714100000000001,0.594298,0.581471,0.576419,0.497117,0.460697,7e-4,6.63e-4,7.24e-4,7.34e-4,7.91e-4,7.34e-4,6.7999999999999e-4,7.04e-4,7.12e-4,7.09e-4,7.28e-4,7.12e-4,6.73e-4,6.3899999999999e-4,6.45e-4,7.15e-4,6.94e-4,7.18e-4,6.76e-4,6.94e-4,6.91e-4,7.33e-4,7.6399999999999e-4,0.001291,0.001236,0.001151,0.001132,0.001426,0.001272,0.001288,0.00130399999999999,0.001316,0.00137799999999999,0.001418,0.001223,0.001132,0.001288,0.001277,0.001161,0.001143,0.001204,0.00115,0.00126,0.001192,0.001151,0.001297,3.83e-4,4.19e-4,5.57e-4,5.6e-4,5.28e-4,4.43e-4,3.72e-4,3.98e-4,4.04e-4,3.71e-4,3.86e-4,4.95e-4,4.5099999999999e-4,3.67e-4,3.46e-4,4.88e-4,5e-4,3.94e-4,3.7799999999999e-4,4.23e-4,4.15e-4,5.17e-4,5.24e-4
SYN_170,Controls,0,No PTSD,0,NA,17,35,0,0,0,0,0,24,2,5,1,1,8,5,5,6,5,0.6331600000000001,0.622108,0.4457930000000001,0.437643,0.53583,0.632073,0.649193,0.640509,0.6315930000000001,0.692195,0.680683,0.534503,0.532135,0.636452,0.648522,0.536744,0.461967,0.61193,0.5989369999999999,0.5788399999999999,0.596716,0.486784,0.472383,6.15e-4,6.6e-4,7.36e-4,7.0999999999999e-4,7.53e-4,6.74e-4,6.99e-4,6.4e-4,6.77e-4,6.68e-4,7.24e-4,6.62e-4,6.72e-4,6.54e-4,6.41e-4,6.83e-4,6.75e-4,6.65e-4,6.37e-4,6.57e-4,6.5e-4,7.4699999999999e-4,7.61e-4,0.001189,0.001213,0.001121,0.001114,0.001235,0.001358,0.00129799999999999,0.0013,0.001314,0.00138,0.001401,0.001216,0.00118,0.00124399999999999,0.001228,0.001179,0.0011,0.001261,0.001225,0.00123699999999999,0.001253,0.001155,0.001107,3.5e-4,3.68e-4,5.19e-4,5.32e-4,5.08e-4,3.7999999999999e-4,3.31e-4,3.62e-4,3.75e-4,3.2599999999999e-4,3.57e-4,4.39e-4,4.41e-4,3.54e-4,3.36e-4,4.36e-4,4.71e-4,3.74e-4,3.9e-4,4.2e-4,3.96e-4,4.74e-4,5.82e-4
SYN_171,Controls,0,No PTSD,0,NA,20,33,0,0,0,0,0,64,2,5,0,0,6,5,5,10,7,0.620624,0.5873510000000001,0.396268,0.456142,0.504129,0.5779890000000001,0.6314029999999999,0.641369,0.6825220000000001,0.666437,0.707802,0.505095,0.501537,0.6361680000000001,0.6576930000000001,0.4458029999999999,0.462161,0.57976,0.542559,0.577087,0.572527,0.482837,0.5069640000000001,6.45e-4,6.42e-4,7.7e-4,7.01e-4,7.94e-4,7.27e-4,6.56e-4,6.43e-4,6.57e-4,6.86e-4,6.99e-4,6.87e-4,6.67e-4,6.72e-4,6.41e-4,7.34e-4,7.13e-4,6.56e-4,7.0199999999999e-4,7.0199999999999e-4,6.8899999999999e-4,6.75e-4,7.28e-4,0.001228,0.001168,0.001058,0.001112,0.00132,0.001269,0.001289,0.001236,0.001402,0.001391,0.001481,0.001181,0.00122,0.001281,0.00126,0.001111,0.001132,0.00125,0.001155,0.00123,0.001148,0.001282,0.001143,3.71e-4,3.84e-4,5.53e-4,5.0599999999999e-4,4.92e-4,4.2699999999999e-4,3.73e-4,3.67e-4,3.24e-4,3.41e-4,3.22e-4,4.78e-4,4.99e-4,3.68e-4,3.32e-4,5.23e-4,4.94e-4,4.04e-4,4.0199999999999e-4,4e-4,4.13e-4,5.28e-4,4.86e-4
SYN_172,Controls,0,No PTSD,0,NA,17,38,0,0,0,0,0,20,2,5,3,0,11,7,5,8,8,0.601619,0.63135,0.376204,0.40691,0.531397,0.62972,0.619575,0.612344,0.627109,0.651293,0.6285350000000001,0.515649,0.530129,0.656455,0.670496,0.46282299999999993,0.497866,0.5755680000000001,0.569002,0.57597,0.602701,0.487334,0.508525,6.9e-4,6.59e-4,7.41e-4,7.58e-4,7.3e-4,6.46e-4,6.88e-4,6.97e-4,6.63e-4,6.84e-4,7.5099999999999e-4,7.13e-4,7.66e-4,6.4899999999999e-4,6.36e-4,6.81e-4,6.88e-4,7.12e-4,6.51e-4,6.88e-4,6.79e-4,7.49e-4,7.16e-4,0.001057,0.00117699999999999,0.001147,0.001089,0.001312,0.00134499999999999,0.00132,0.00129299999999999,0.001362,0.001388,0.001397,0.001141,0.001212,0.00129,0.001292,0.00110999999999999,0.001163,0.001234,0.001239,0.00125199999999999,0.001246,0.001193,0.001149,3.8199999999999e-4,3.46e-4,6.11e-4,5.38e-4,5.11e-4,3.54e-4,3.8199999999999e-4,4.1e-4,3.85e-4,3.77e-4,3.97e-4,4.83e-4,4.5599999999999e-4,3.3999999999999e-4,2.99e-4,4.79e-4,4.68e-4,3.8199999999999e-4,4.11e-4,4.26e-4,3.83e-4,5.19e-4,4.5999999999999e-4
SYN_173,Controls,0,No PTSD,0,NA,17,33,0,0,0,0,0,49,1,5,0,0,7,5,5,8,8,0.610965,0.561682,0.436785,0.363935,0.504542,0.543333,0.613591,0.609347,0.624771,0.654439,0.646584,0.493353,0.5140710000000001,0.635239,0.595252,0.435064,0.384238,0.5525,0.49102,0.5670729999999999,0.570969,0.487334,0.449413,6.63e-4,6.76e-4,7.22e-4,7.8e-4,7.84e-4,7.69e-4,6.85e-4,6.75e-4,6.77e-4,7.0999999999999e-4,7.5e-4,7.13e-4,7.26e-4,6.57e-4,6.94e-4,6.87e-4,7.3e-4,7.04e-4,6.84e-4,6.69e-4,6.86e-4,7.24e-4,7.8e-4,0.001234,0.001201,0.001142,0.001091,0.001217,0.001307,0.001285,0.001274,0.001307,0.00137,0.001397,0.001241,0.001212,0.00118,0.001258,0.001073,0.001111,0.001202,0.001151,0.001202,0.001164,0.001218,0.001157,3.98e-4,4.23e-4,5.24e-4,6.32e-4,5.22e-4,4.57e-4,4e-4,4.07e-4,3.89e-4,3.76e-4,4.07e-4,4.9699999999999e-4,4.93e-4,3.37e-4,4.0199999999999e-4,4.95e-4,5.41e-4,4.2699999999999e-4,4.99e-4,4.3e-4,4.11e-4,4.96e-4,5.19e-4
SYN_174,mTBI-only,1,No PTSD,0,0,17,25,0,0,0,0,0,21,2,5,5,2,5,5,5,5,5,0.61715,0.593488,0.371138,0.391852,0.51766,0.581263,0.6156149999999999,0.587198,0.595968,0.659251,0.672824,0.5595640000000001,0.549661,0.693206,0.709074,0.466382,0.491167,0.59818,0.54352,0.5969720000000001,0.569517,0.53772,0.51267,7.19e-4,6.3e-4,8.0299999999999e-4,7.7e-4,7.83e-4,7.12e-4,6.71e-4,7.57e-4,7e-4,7.12e-4,6.8899999999999e-4,7.37e-4,7.24e-4,6.64e-4,6.55e-4,7.03e-4,7.14e-4,6.9e-4,7.01e-4,7.01e-4,6.95e-4,7.39e-4,7.34e-4,0.001291,0.001277,0.001147,0.001074,0.001308,0.001358,0.001302,0.00132899999999999,0.001335,0.001388,0.00139,0.001272,0.001253,0.001333,0.001462,0.001159,0.00116,0.001227,0.001179,0.00129799999999999,0.001227,0.001289,0.001325,3.7799999999999e-4,3.86e-4,6.2599999999999e-4,6.05e-4,4.88e-4,4.55e-4,3.9e-4,4.08e-4,4.33e-4,4.04e-4,3.61e-4,4.14e-4,4.4699999999999e-4,2.88e-4,3.02e-4,4.59e-4,4.96e-4,3.66e-4,4.0199999999999e-4,4.04e-4,4.4e-4,4.62e-4,5.15e-4
SYN_175,Controls,0,No PTSD,0,NA,25,41,0,0,0,0,0,54,2,5,NA,2,9,8,5,8,7,0.6524449999999999,0.588363,0.449988,0.37807,0.5647810000000001,0.622959,0.6462859999999999,0.6554220000000001,0.6721729999999999,0.683854,0.714128,0.5413789999999999,0.48839,0.658463,0.630383,0.5612,0.494243,0.592913,0.558287,0.563904,0.571613,0.522293,0.520224,6.5199999999999e-4,6.57e-4,7.37e-4,7.32e-4,7.8e-4,6.83e-4,6.57e-4,6.83e-4,6.58e-4,6.71e-4,6.66e-4,7.08e-4,7.0599999999999e-4,6.65e-4,6.86e-4,6.67e-4,6.87e-4,6.57e-4,6.74e-4,6.4e-4,6.51e-4,7.09e-4,6.83e-4,0.00126,0.001282,0.001147,0.00106899999999999,0.001299,0.00133,0.001341,0.001296,0.001261,0.001432,0.001364,0.00120299999999999,0.001131,0.00121099999999999,0.00129799999999999,0.001148,0.001164,0.001267,0.001237,0.001217,0.001269,0.001132,0.001143,3.33e-4,3.84e-4,5.08e-4,5.7699999999999e-4,4.66e-4,3.68e-4,3.5499999999999e-4,3.54e-4,3.46e-4,3.22e-4,3.2e-4,4.3099999999999e-4,4.4699999999999e-4,3.37e-4,3.66e-4,4.16e-4,4.53e-4,3.66e-4,4.15e-4,4.3e-4,4.11e-4,4.44e-4,4.81e-4
SYN_176,mTBI-only,1,No PTSD,2,0,18,53,1,1,0,0,0,43,1,5,0,0,14,14,5,14,5,0.673863,0.653868,0.432569,0.460455,0.5587,0.643726,0.654239,0.667642,0.661615,0.6889850000000001,0.695288,0.58621,0.572549,0.643302,0.682082,0.46677299999999994,0.459512,0.610079,0.6049359999999999,0.624637,0.601288,0.496497,0.517595,6.36e-4,5.99e-4,7.28e-4,6.66e-4,7.07e-4,6.4899999999999e-4,6.45e-4,6.4e-4,6.81e-4,6.7e-4,6.72e-4,6.98e-4,6.41e-4,6.44e-4,6.41e-4,7.25e-4,7.16e-4,6.4899999999999e-4,6.55e-4,5.9e-4,6.32e-4,6.98e-4,6.94e-4,0.001224,0.001171,0.001098,0.001158,0.001267,0.001258,0.001261,0.00122899999999999,0.00131,0.001332,0.001312,0.001242,0.001239,0.00123,0.001239,0.001112,0.001083,0.001281,0.00121099999999999,0.001224,0.001122,0.001212,0.00119499999999999,2.95e-4,3.18e-4,5.37e-4,4.36e-4,3.98e-4,3.65e-4,3.29e-4,3.49e-4,3.65e-4,2.9e-4,3.31e-4,3.92e-4,3.9e-4,3.27e-4,3.09e-4,4.94e-4,4.79e-4,3.5e-4,3.59e-4,3.63e-4,3.61e-4,4.79e-4,4.6399999999999e-4
SYN_177,Controls,0,No PTSD,2,NA,19,56,1,1,0,1,1,53,1,5,2,1,16,16,6,15,13,0.65083,0.597417,0.441247,0.453615,0.489133,0.603007,0.642011,0.6606529999999999,0.6319640000000001,0.684338,0.673859,0.549771,0.56067,0.6530630000000001,0.660637,0.511441,0.484026,0.566941,0.586361,0.563904,0.559515,0.485062,0.462427,6.61e-4,6.5199999999999e-4,7.27e-4,6.99e-4,7.52e-4,6.97e-4,6.7e-4,6.51e-4,7e-4,6.65e-4,7.39e-4,6.99e-4,6.99e-4,6.76e-4,6.34e-4,7.05e-4,6.9e-4,6.67e-4,6.57e-4,6.61e-4,6.53e-4,7.5999999999999e-4,7.89e-4,0.001305,0.001194,0.00109499999999999,0.001108,0.001347,0.001268,0.001297,0.00129299999999999,0.001308,0.001411,0.001478,0.001326,0.001201,0.001328,0.001259,0.001148,0.001097,0.001204,0.00121,0.00115399999999999,0.001172,0.001188,0.001187,3.36e-4,3.89e-4,5.13e-4,4.87e-4,5.39e-4,4.1799999999999e-4,3.57e-4,3.06e-4,3.68e-4,3.23e-4,3.63e-4,4.28e-4,4.2e-4,3.29e-4,3.39e-4,4.68e-4,4.58e-4,4.42e-4,3.73e-4,4.1799999999999e-4,3.96e-4,4.7999999999999e-4,5.53e-4
SYN_178,Controls,0,No PTSD,0,NA,36,34,0,0,0,0,0,35,1,4,0,2,6,5,5,11,8,0.6271770000000001,0.621584,0.481454,0.397464,0.482316,0.591146,0.629908,0.6496460000000001,0.65557,0.662738,0.6829270000000001,0.521044,0.532407,0.629761,0.652458,0.483307,0.439233,0.578937,0.5554140000000001,0.566721,0.579812,0.540242,0.488764,6.55e-4,6.78e-4,7.0999999999999e-4,7.26e-4,7.84e-4,7.19e-4,6.72e-4,6.25e-4,6.58e-4,7.01e-4,6.98e-4,7.27e-4,6.73e-4,6.66e-4,6.6e-4,6.96e-4,7.01e-4,6.73e-4,6.88e-4,7e-4,6.66e-4,7.3799999999999e-4,7.5e-4,0.00121,0.001232,0.001143,0.001126,0.001358,0.00125199999999999,0.00129799999999999,0.001277,0.001336,0.001391,0.001385,0.00120299999999999,0.00125199999999999,0.001246,0.0013,0.001114,9.6099999999999e-4,0.001217,0.00116199999999999,0.001217,0.001174,0.00120299999999999,0.001221,3.66e-4,3.6899999999999e-4,4.79e-4,5.33e-4,5.26e-4,4.21e-4,3.73e-4,3.42e-4,3.41e-4,3.76e-4,3.5099999999999e-4,4.73e-4,4.15e-4,3.5499999999999e-4,3.43e-4,4.78e-4,5.24e-4,4.0599999999999e-4,4.05e-4,3.94e-4,3.9e-4,4.74e-4,4.98e-4
SYN_179,Comorbid mTBI+PTSD,1,PTSD,0,40,64,27,0,0,0,0,0,47,1,5,28,19,5,5,5,8,5,0.669423,0.6182,0.464257,0.492814,0.567009,0.601539,0.626668,0.6346310000000001,0.6302800000000001,0.6833899999999999,0.705152,0.56922,0.566462,0.586481,0.6129939999999999,0.499074,0.535695,0.566941,0.5658350000000001,0.618106,0.589486,0.5771270000000001,0.556036,6.62e-4,6.07e-4,6.17e-4,6.78e-4,7.33e-4,7.15e-4,7.01e-4,7.01e-4,6.83e-4,6.8899999999999e-4,6.53e-4,6.69e-4,6.47e-4,6.87e-4,6.92e-4,7.03e-4,6.75e-4,6.32e-4,6.42e-4,6.17e-4,6.23e-4,6.48e-4,6.6e-4,0.001286,0.001112,0.001129,0.001147,0.001312,0.001267,0.001314,0.001338,0.00141,0.00137,0.00147599999999999,0.00121,0.001236,0.001271,0.001202,9.57e-4,0.001118,0.001163,0.001193,0.001253,0.001275,0.001129,0.001253,3.02e-4,3.38e-4,4.9e-4,4.87e-4,4.54e-4,4.04e-4,3.7799999999999e-4,3.59e-4,3.74e-4,3.48e-4,3.04e-4,4.42e-4,4.1e-4,4.08e-4,3.79e-4,4.41e-4,4.44e-4,3.9e-4,4.03e-4,3.62e-4,3.68e-4,4.25e-4,4e-4
SYN_180,Comorbid mTBI+PTSD,1,PTSD,0,22,52,31,0,0,0,0,0,31,2,5,7,3,7,5,5,7,6,0.638997,0.5779479999999999,0.384427,0.367211,0.625975,0.61593,0.621149,0.632067,0.627308,0.651347,0.6713819999999999,0.504384,0.478925,0.642588,0.660434,0.484674,0.428991,0.549262,0.5782930000000001,0.564608,0.554519,0.428012,0.47697,6.38e-4,6.87e-4,7.52e-4,7.55e-4,7.84e-4,7.18e-4,6.92e-4,6.7e-4,7.0599999999999e-4,7.05e-4,7.09e-4,7.63e-4,7.4e-4,6.64e-4,6.45e-4,6.67e-4,7.0599999999999e-4,6.45e-4,6.61e-4,6.73e-4,7.26e-4,7.93e-4,7.4e-4,0.001327,0.001207,0.001148,0.001097,0.001303,0.001259,0.001269,0.001322,0.001261,0.001418,0.001407,0.001182,0.001183,0.001282,0.001301,0.001086,0.001112,0.001202,0.00117,0.001275,0.001257,0.001241,0.00121,3.58e-4,4.0899999999999e-4,5.7699999999999e-4,5.95e-4,4.0899999999999e-4,4.45e-4,3.75e-4,3.7799999999999e-4,3.85e-4,3.72e-4,3.37e-4,4.79e-4,4.84e-4,3.67e-4,3.39e-4,4.36e-4,5.26e-4,3.99e-4,4.1e-4,4.21e-4,4.17e-4,5.53e-4,5.34e-4
SYN_181,mTBI-only,1,No PTSD,0,4,22,26,0,0,0,0,0,54,2,5,1,2,5,6,5,5,5,0.6180359999999999,0.644821,0.394597,0.4043,0.532447,0.599681,0.6202880000000001,0.622761,0.626897,0.679388,0.687405,0.496501,0.527479,0.624428,0.660212,0.449042,0.47580200000000006,0.5274949999999999,0.5468609999999999,0.5862609999999999,0.603384,0.490422,0.485197,6.19e-4,6.43e-4,7.66e-4,7.4699999999999e-4,7.74e-4,6.97e-4,6.56e-4,6.64e-4,7.04e-4,7.28e-4,7.34e-4,6.55e-4,6.7e-4,6.43e-4,6.42e-4,7.0599999999999e-4,6.86e-4,6.67e-4,6.6e-4,6.72e-4,6.4e-4,7.35e-4,7.59e-4,0.001219,0.001265,0.001058,0.001034,0.00126,0.001318,0.001281,0.001254,0.001308,0.001381,0.001383,0.001153,0.001186,0.001263,0.001292,9.93e-4,0.001099,0.00124399999999999,0.001216,0.001216,0.0012,0.001207,0.001105,3.85e-4,3.3999999999999e-4,5.7e-4,5.49e-4,4.94e-4,4.33e-4,3.75e-4,3.83e-4,4.2699999999999e-4,3.47e-4,3.57e-4,5.07e-4,4.71e-4,3.48e-4,3.33e-4,5.0999999999999e-4,4.7699999999999e-4,4.4699999999999e-4,4.33e-4,3.94e-4,3.57e-4,4.7699999999999e-4,5.12e-4
SYN_182,Controls,0,No PTSD,0,NA,24,41,0,0,0,0,0,36,2,4,0,0,8,9,5,9,9,0.582092,0.5518569999999999,0.330702,0.337696,0.502725,0.576444,0.613596,0.604528,0.620499,0.642884,0.635854,0.481874,0.498679,0.608928,0.609147,0.33721,0.401583,0.538968,0.527147,0.568562,0.530257,0.47937700000000005,0.44551499999999994,6.83e-4,6.51e-4,7.87e-4,7.52e-4,7.96e-4,7.05e-4,6.67e-4,7.05e-4,6.96e-4,7.07e-4,7.36e-4,7.35e-4,7.08e-4,6.82e-4,6.44e-4,9.44e-4,7.41e-4,6.56e-4,7.05e-4,6.66e-4,7.26e-4,8.0399999999999e-4,7.12e-4,0.001227,0.001174,0.001122,0.001125,0.001289,0.001309,0.001296,0.001294,0.00132899999999999,0.00141199999999999,0.001375,0.001151,0.00108699999999999,0.00123699999999999,0.00124,0.00109,0.001091,0.001151,0.001219,0.00125199999999999,0.001192,0.001132,0.001174,4.14e-4,4.23e-4,6.36e-4,6.3499999999999e-4,5.19e-4,4.25e-4,3.84e-4,4.0899999999999e-4,3.84e-4,3.77e-4,3.95e-4,4.91e-4,4.23e-4,3.91e-4,3.59e-4,5.79e-4,5.57e-4,4.4e-4,4.46e-4,4.13e-4,4.5e-4,5.58e-4,5.07e-4
SYN_183,mTBI-only,1,No PTSD,0,0,18,29,0,0,0,0,0,37,1,5,0,0,5,5,5,7,5,0.500143,0.448638,0.312444,0.364187,0.326198,0.502551,0.61065,0.6130359999999999,0.6195229999999999,0.615842,0.6469090000000001,0.442173,0.427542,0.55031,0.590421,0.335074,0.365009,0.349031,0.426382,0.411673,0.432928,0.433063,0.40151,6.78e-4,6.23e-4,7.32e-4,6.7999999999999e-4,8.37e-4,6.64e-4,6.52e-4,6.37e-4,7.84e-4,6.7999999999999e-4,6.1299999999999e-4,8.56e-4,7.07e-4,6.7e-4,6.46e-4,7.08e-4,7.23e-4,7.07e-4,7.01e-4,7.2e-4,6.76e-4,6.82e-4,7.39e-4,0.001064,0.001104,0.001124,0.001008,0.001347,0.001194,0.001239,0.001296,0.001142,0.001241,0.001181,0.001135,0.001086,0.001111,0.001108,0.00106,0.001015,9.98e-4,0.001035,0.001092,0.001101,0.001049,0.001066,4.5099999999999e-4,5.38e-4,6.66e-4,5.6799999999999e-4,7.03e-4,4.3499999999999e-4,3.63e-4,3.76e-4,3.5099999999999e-4,3.85e-4,3.34e-4,6.51e-4,5.0099999999999e-4,3.83e-4,3.75e-4,5.79e-4,5.76e-4,5.54e-4,4.98e-4,6e-4,5.0999999999999e-4,5.79e-4,5.53e-4
SYN_184,Controls,0,No PTSD,2,NA,28,58,1,1,0,1,0,54,1,5,2,7,18,17,5,21,9,0.635265,0.581028,0.421368,0.392435,0.4951529999999999,0.6055050000000001,0.651853,0.654053,0.633155,0.682033,0.685983,0.523247,0.520958,0.668188,0.657866,0.458323,0.425193,0.598332,0.550992,0.592932,0.581793,0.472485,0.507419,6.68e-4,6.7e-4,7.52e-4,7.66e-4,7.17e-4,6.83e-4,6.77e-4,6.74e-4,7.11e-4,7.09e-4,6.92e-4,7.12e-4,7e-4,6.05e-4,6.82e-4,6.5e-4,7.17e-4,6.7e-4,6.3899999999999e-4,6.77e-4,6.65e-4,7.58e-4,6.64e-4,0.001305,0.001201,0.001067,0.001038,0.001316,0.001268,0.001263,0.001277,0.001287,0.001364,0.001428,0.001151,0.001152,0.001295,0.001246,9.9e-4,0.00110999999999999,0.001198,0.001138,0.0012,0.001239,0.001093,0.001212,3.5e-4,3.93e-4,5.75e-4,5.75e-4,5.39e-4,3.92e-4,3.31e-4,3.58e-4,3.73e-4,3.48e-4,3.5099999999999e-4,4.28e-4,4.39e-4,3.08e-4,3.42e-4,4.75e-4,5.22e-4,3.76e-4,4.33e-4,4.2e-4,4.13e-4,4.79e-4,4.48e-4
SYN_185,mTBI-only,1,No PTSD,2,22,36,55,0,1,1,1,1,44,1,5,2,4,9,10,8,18,13,0.629568,0.5905239999999999,0.384427,0.377326,0.5159199999999999,0.603356,0.623976,0.632067,0.6510670000000001,0.6708529999999999,0.689221,0.5370510000000001,0.506054,0.636919,0.646235,0.537375,0.47688500000000006,0.6054229999999999,0.610355,0.580113,0.602334,0.520497,0.481194,6.1299999999999e-4,6.3499999999999e-4,7.34e-4,7.33e-4,8.28e-4,6.83e-4,6.88e-4,6.53e-4,6.84e-4,7.01e-4,7.29e-4,6.97e-4,6.88e-4,6.3899999999999e-4,6.11e-4,6.72e-4,6.87e-4,6.72e-4,6.54e-4,6.87e-4,6.3e-4,6.96e-4,7.4e-4,0.001232,0.001186,0.00112,0.001038,0.00129,0.001266,0.001238,0.001265,0.001283,0.001381,0.001477,0.00123699999999999,0.001134,0.001265,0.00128,0.001117,0.00116,0.001193,0.001197,0.001234,0.001165,0.001222,0.001105,3.63e-4,3.8199999999999e-4,5.75e-4,5.74e-4,5.29e-4,3.98e-4,3.71e-4,3.75e-4,3.61e-4,3.2599999999999e-4,3.54e-4,4.79e-4,4.4699999999999e-4,3.64e-4,3.5099999999999e-4,4.0599999999999e-4,4.9e-4,3.68e-4,3.77e-4,4.08e-4,4.12e-4,4.4699999999999e-4,5.73e-4
SYN_186,mTBI-only,1,No PTSD,0,21,36,37,0,0,0,0,0,20,2,5,33,0,9,7,5,10,5,0.578708,0.5907859999999999,0.384427,0.400519,0.507971,0.598317,0.619213,0.612344,0.598097,0.635093,0.608633,0.464796,0.527479,0.591435,0.6118100000000001,0.446996,0.417233,0.43911000000000006,0.484853,0.498162,0.518138,0.494439,0.416411,6.43e-4,6.45e-4,7.54e-4,7.34e-4,7.95e-4,6.46e-4,6.71e-4,6.88e-4,7.33e-4,7.18e-4,7.0999999999999e-4,7.52e-4,6.78e-4,5.79e-4,6.3899999999999e-4,6.2599999999999e-4,6.9e-4,6.87e-4,6.78e-4,6.95e-4,7.17e-4,7.48e-4,7.76e-4,0.001257,0.001197,0.001145,0.001141,0.001331,0.001328,0.001279,0.00113,0.001327,0.00137,0.001446,0.001166,0.001149,0.00122,0.001214,0.001075,0.001029,0.001255,0.001144,0.001192,0.001269,0.001218,0.00132,4.05e-4,3.86e-4,6.05e-4,5.46e-4,4.96e-4,3.48e-4,3.97e-4,3.77e-4,4.4699999999999e-4,3.85e-4,4.55e-4,4.5599999999999e-4,3.91e-4,3.74e-4,3.61e-4,4.69e-4,4.9699999999999e-4,4.87e-4,4.3499999999999e-4,4.58e-4,4.43e-4,4.52e-4,5.4e-4
SYN_187,Comorbid mTBI+PTSD,1,PTSD,0,31,61,29,0,0,0,0,0,63,1,4,0,13,5,8,6,6,5,0.526976,0.5518609999999999,0.339624,0.30015,0.427681,0.5352600000000001,0.582012,0.603506,0.6044689999999999,0.65649,0.6464340000000001,0.47165200000000007,0.47738,0.614997,0.592939,0.453805,0.401583,0.480922,0.513219,0.504579,0.465732,0.4326100000000001,0.448175,6.57e-4,6.3099999999999e-4,7.13e-4,6.85e-4,8.34e-4,7.13e-4,7.05e-4,6.36e-4,6.55e-4,6.58e-4,5.78e-4,7.09e-4,6.58e-4,6.59e-4,6.29e-4,6.2599999999999e-4,6.8899999999999e-4,6.79e-4,7.12e-4,7.12e-4,6.96e-4,6.72e-4,6.53e-4,0.001071,0.001164,0.001047,9.86e-4,0.001254,0.001248,0.001279,0.001314,0.001129,0.001375,0.001205,0.00122899999999999,0.001025,0.001104,0.00113599999999999,0.001092,0.001085,0.001055,0.00116,0.001023,0.001118,0.001246,0.001072,4.26e-4,4.0899999999999e-4,5.46e-4,6.33e-4,4.69e-4,4.16e-4,4.5999999999999e-4,3.75e-4,3.5499999999999e-4,3.7999999999999e-4,3.25e-4,4.98e-4,4.48e-4,3.71e-4,3.77e-4,4.9e-4,5.42e-4,4.7999999999999e-4,4.45e-4,4.29e-4,4.7e-4,5e-4,5.02e-4
SYN_188,Controls,0,No PTSD,2,NA,17,76,1,1,0,1,1,47,1,5,0,0,20,17,5,16,15,0.670813,0.651907,0.432569,0.4523819999999999,0.5647810000000001,0.643726,0.655931,0.654053,0.640087,0.6889850000000001,0.70215,0.578793,0.572549,0.681208,0.67388,0.529054,0.499,0.61106,0.605854,0.608875,0.60493,0.5729069999999999,0.540384,6.38e-4,6.07e-4,6.99e-4,6.11e-4,7.39e-4,6.78e-4,6.2199999999999e-4,6.36e-4,6.56e-4,6.78e-4,6.72e-4,6.82e-4,6.32e-4,6.79e-4,6.38e-4,6.36e-4,6.71e-4,6.62e-4,6.55e-4,6.3499999999999e-4,6.32e-4,6.36e-4,6.76e-4,0.00127799999999999,0.001215,9.84e-4,0.001097,0.00124,0.001258,0.00126,0.001284,0.00132899999999999,0.00133699999999999,0.001395,0.001196,0.001102,0.001271,0.001222,0.001117,0.00104,0.00123,0.001209,0.00118,0.001199,0.001301,0.001133,2.98e-4,3e-4,5.32e-4,4.36e-4,4.16e-4,3.52e-4,3.5099999999999e-4,3.61e-4,3.61e-4,3.18e-4,3.1099999999999e-4,4.07e-4,3.85e-4,3.12e-4,3.15e-4,4.33e-4,4.44e-4,3.92e-4,3.63e-4,3.89e-4,3.47e-4,4.46e-4,4.36e-4
SYN_189,Comorbid mTBI+PTSD,1,PTSD,0,31,61,33,0,0,0,0,0,20,1,2,0,9,6,6,5,8,9,0.5081859999999999,0.520408,0.378782,0.33269099999999996,0.320449,0.585997,0.614287,0.629821,0.645109,0.645778,0.6464340000000001,0.451333,0.512875,0.575495,0.597784,0.453567,0.449921,0.389551,0.413481,0.441732,0.487345,0.439852,0.458454,6.62e-4,6.53e-4,6.91e-4,6.85e-4,7.96e-4,5.91e-4,7.5099999999999e-4,6.57e-4,6.14e-4,6.3099999999999e-4,5.95e-4,6.4899999999999e-4,5.96e-4,6.4899999999999e-4,6.29e-4,6.65e-4,6.95e-4,7.18e-4,6.54e-4,6.7e-4,6.79e-4,7.34e-4,7.08e-4,0.001064,0.001168,0.001142,0.001005,0.001347,0.001124,0.00121099999999999,0.001142,0.001089,0.001174,0.001181,0.001116,0.001109,0.001144,0.001165,0.001109,0.001072,0.001092,0.001062,0.001059,0.001085,0.001137,0.00106899999999999,4.29e-4,4.1799999999999e-4,5.51e-4,5.5499999999999e-4,7.16e-4,4.07e-4,3.5299999999999e-4,3.6899999999999e-4,3.5299999999999e-4,3.72e-4,3.32e-4,5.0099999999999e-4,3.95e-4,3.64e-4,3.64e-4,5.02e-4,5.0599999999999e-4,5.1e-4,5.05e-4,5.0999999999999e-4,4.43e-4,4.91e-4,5.23e-4
SYN_190,Controls,0,No PTSD,0,0,17,26,0,0,0,0,0,54,2,5,4,1,5,5,5,6,5,0.6404880000000001,0.612482,0.473803,0.439321,0.574331,0.601539,0.62033,0.627551,0.63781,0.679388,0.705152,0.506421,0.499142,0.680904,0.641563,0.435205,0.473376,0.557006,0.589096,0.596649,0.580913,0.472259,0.526133,6.3099999999999e-4,6.27e-4,6.9299999999999e-4,7.12e-4,7.86e-4,7.08e-4,6.68e-4,6.75e-4,6.9e-4,6.8899999999999e-4,6.8899999999999e-4,7.18e-4,7.16e-4,6.3099999999999e-4,6.64e-4,7.27e-4,6.81e-4,6.45e-4,6.6e-4,6.78e-4,6.8899999999999e-4,7.79e-4,7.2e-4,0.001291,0.00128,0.001116,0.001112,0.001292,0.001257,0.001309,0.001287,0.001343,0.00142699999999999,0.00149,0.001168,0.001149,0.001308,0.001253,0.001068,0.00110999999999999,0.001179,0.001213,0.001205,0.001238,0.001287,0.00133,3.5299999999999e-4,3.67e-4,5.15e-4,5.32e-4,4.53e-4,4.25e-4,3.75e-4,3.7799999999999e-4,3.72e-4,3.3999999999999e-4,3.24e-4,4.55e-4,4.6699999999999e-4,3.34e-4,3.49e-4,4.99e-4,4.9e-4,3.9e-4,3.92e-4,4.11e-4,4.29e-4,5.57e-4,4.41e-4
SYN_191,Controls,0,No PTSD,0,NA,17,27,0,0,0,0,0,30,2,5,3,0,6,6,5,5,5,0.6277229999999999,0.619855,0.362442,0.410853,0.54195,0.6092989999999999,0.647839,0.639048,0.651021,0.666567,0.6797,0.487017,0.491673,0.597769,0.5983109999999999,0.49522,0.493558,0.557822,0.5496840000000001,0.554182,0.5965239999999999,0.517302,0.4997319999999999,6.68e-4,6.3499999999999e-4,7.58e-4,7.42e-4,7.52e-4,6.96e-4,6.42e-4,6.9299999999999e-4,7.0199999999999e-4,7.03e-4,7.03e-4,7.3799999999999e-4,6.85e-4,7.01e-4,6.78e-4,6.74e-4,6.68e-4,7.09e-4,6.7e-4,6.4e-4,6.3499999999999e-4,7.23e-4,7.32e-4,0.00129,0.001289,0.001051,0.00108699999999999,0.001361,0.001259,0.001292,0.00122899999999999,0.001334,0.001396,0.001352,0.001193,0.001191,0.001263,0.001188,0.001117,0.00112,0.001172,0.001123,0.00114,0.001169,0.001138,0.001308,3.52e-4,3.72e-4,5.98e-4,5.3e-4,4.69e-4,3.93e-4,3.62e-4,3.44e-4,3.64e-4,3.52e-4,3.43e-4,4.92e-4,4.58e-4,4.21e-4,4.29e-4,4.45e-4,4.5099999999999e-4,4.04e-4,4.36e-4,4.29e-4,3.57e-4,4.99e-4,5.37e-4
SYN_192,Controls,0,No PTSD,0,NA,17,25,0,0,0,0,0,25,1,5,6,0,5,5,5,5,5,0.6388119999999999,0.624699,0.442026,0.497196,0.489133,0.603924,0.649946,0.6540229999999999,0.641373,0.661267,0.6829270000000001,0.536954,0.5247850000000001,0.692379,0.641563,0.495588,0.435186,0.6219560000000001,0.5943039999999999,0.583873,0.616748,0.509174,0.480508,6.68e-4,6.66e-4,7.26e-4,7.13e-4,8.17e-4,6.9299999999999e-4,6.79e-4,6.53e-4,6.81e-4,6.97e-4,6.92e-4,6.86e-4,6.77e-4,6.53e-4,6.82e-4,7.15e-4,6.69e-4,6.72e-4,6.6e-4,6.71e-4,6.79e-4,7.44e-4,7.32e-4,0.001207,0.00121099999999999,0.001159,0.001126,0.00129299999999999,0.001358,0.001258,0.001312,0.001363,0.001363,0.0014,0.00123699999999999,0.001233,0.001286,0.00125199999999999,0.001108,0.001096,0.001228,0.001257,0.001204,0.001223,0.001193,0.001223,3.65e-4,3.66e-4,5.08e-4,4.69e-4,5.39e-4,3.84e-4,3.38e-4,3.47e-4,3.65e-4,3.5099999999999e-4,3.57e-4,4.0199999999999e-4,4.5099999999999e-4,3.06e-4,3.49e-4,4.63e-4,5.08e-4,3.7e-4,3.94e-4,3.94e-4,3.62e-4,5.07e-4,5.11e-4
SYN_193,mTBI-only,1,No PTSD,0,21,48,27,0,0,0,0,0,28,1,5,NA,8,5,6,5,5,5,0.650942,0.67504,0.459788,0.452111,0.564286,0.63812,0.660809,0.687673,0.665964,0.675674,0.639662,0.581389,0.6023609999999999,0.724531,0.7025239999999999,0.590558,0.4975,0.609209,0.639848,0.599351,0.6620010000000001,0.470672,0.443838,6.21e-4,6.07e-4,7.39e-4,6.75e-4,7.19e-4,6.54e-4,6.69e-4,6.4e-4,6.61e-4,6.29e-4,7.05e-4,6.69e-4,5.94e-4,6.79e-4,6.24e-4,6.75e-4,6.87e-4,6.57e-4,6.27e-4,6.59e-4,6.55e-4,7.48e-4,7.54e-4,0.001255,0.001225,0.00109499999999999,0.001015,0.001153,0.00141199999999999,0.001282,0.001373,0.001356,0.001405,0.00142699999999999,0.00119499999999999,0.001102,0.00129299999999999,0.001185,0.001119,0.001106,0.001318,0.001268,0.001194,0.00117,0.001053,0.001186,3.27e-4,2.85e-4,4.66e-4,5.1399999999999e-4,4.3499999999999e-4,3.6899999999999e-4,3.29e-4,3.19e-4,3.47e-4,3.46e-4,4.55e-4,4.01e-4,3.84e-4,2.63e-4,3.07e-4,4.37e-4,4.66e-4,3.8199999999999e-4,3.8199999999999e-4,3.8199999999999e-4,3.62e-4,5.1399999999999e-4,5.63e-4
SYN_194,mTBI-only,1,No PTSD,0,30,44,42,0,0,0,0,0,36,2,5,3,0,8,8,5,13,5,0.638997,0.577267,0.342623,0.382027,0.625975,0.636323,0.649193,0.671438,0.658885,0.685631,0.68976,0.5413789999999999,0.516702,0.615622,0.662814,0.4271680000000001,0.41777700000000006,0.5961380000000001,0.5955,0.578106,0.552832,0.520497,0.527601,6.45e-4,6.44e-4,8e-4,7.32e-4,7.33e-4,7.35e-4,6.6e-4,6.64e-4,6.95e-4,6.99e-4,6.9299999999999e-4,6.86e-4,7.19e-4,5.95e-4,6.5e-4,6.69e-4,7.23e-4,6.4899999999999e-4,6.45e-4,6.63e-4,6.54e-4,7.17e-4,6.76e-4,0.001255,0.001245,0.001105,0.00109499999999999,0.00125,0.001264,0.001251,0.00126,0.001374,0.00141,0.001428,0.00122,0.001134,0.001268,0.001249,0.00105,0.00112799999999999,0.001224,0.001187,0.00123699999999999,0.001194,0.001132,0.001236,3.33e-4,4.07e-4,6.17e-4,5.63e-4,3.24e-4,3.56e-4,3.3999999999999e-4,3.3999999999999e-4,3.65e-4,3.2599999999999e-4,3.36e-4,4.54e-4,4.7599999999999e-4,3.91e-4,3.35e-4,5.0999999999999e-4,5.0099999999999e-4,3.71e-4,3.72e-4,4.08e-4,4.1e-4,5.08e-4,4.72e-4
SYN_195,Controls,0,No PTSD,0,NA,18,31,0,0,0,0,0,31,2,4,4,1,7,5,5,9,5,0.617343,0.616714,0.509938,0.439507,0.6650689999999999,0.737157,0.723671,0.746727,0.793338,0.765514,0.839918,0.597877,0.574909,0.714228,0.713631,0.581963,0.6216470000000001,0.660404,0.561624,0.654546,0.595811,0.512051,0.67788,5.85e-4,5.92e-4,5.62e-4,5.47e-4,7.69e-4,6.76e-4,6.68e-4,5.52e-4,5.71e-4,6.87e-4,7.92e-4,6.19e-4,6.41e-4,6.59e-4,6.33e-4,5.99e-4,5.87e-4,6.28e-4,6.7e-4,6.2199999999999e-4,6.09e-4,7.4699999999999e-4,6.1e-4,0.0012,0.00123699999999999,9.33e-4,9.26e-4,0.00146,0.00166499999999999,0.001296,0.001247,0.00134499999999999,0.00151199999999999,0.001966,0.001219,0.001168,0.001537,0.001226,0.001071,0.001199,0.001286,0.001174,0.001152,0.00121,0.001287,0.001179,3.68e-4,3.46e-4,3.62e-4,3.59e-4,4.0899999999999e-4,2.36e-4,2.8e-4,2.3199999999999e-4,1.96e-4,2.41e-4,1.79e-4,3.93e-4,3.32e-4,2.69e-4,2.8199999999999e-4,3.49e-4,3.16e-4,3.22e-4,3.83e-4,3.14e-4,3.5499999999999e-4,4.65e-4,2.8e-4
SYN_196,Controls,0,No PTSD,0,NA,17,25,0,0,0,0,0,18,1,5,6,0,5,5,5,5,5,0.652741,0.607957,0.471606,0.503205,0.574331,0.636124,0.671014,0.659683,0.676108,0.692673,0.671402,0.5634140000000001,0.548007,0.667134,0.659295,0.499733,0.516479,0.619475,0.612287,0.602979,0.565268,0.559326,0.584986,6.47e-4,6.56e-4,7.35e-4,7e-4,7.59e-4,6.78e-4,6.47e-4,6.53e-4,6.84e-4,6.8899999999999e-4,6.23e-4,6.41e-4,6.98e-4,6.46e-4,6.33e-4,6.82e-4,6.63e-4,6.25e-4,6.57e-4,6.53e-4,6.64e-4,7.39e-4,6.72e-4,0.0013,0.001199,0.001202,0.001163,0.00129,0.001335,0.001331,0.001309,0.001336,0.001489,0.001381,0.001142,0.001185,0.001301,0.001263,0.001101,0.001106,0.001189,0.001257,0.001245,0.001176,0.001299,0.001206,3.5099999999999e-4,3.6899999999999e-4,4.96e-4,5.07e-4,4.36e-4,3.65e-4,3.2e-4,3.12e-4,3.15e-4,3.19e-4,3.49e-4,4.03e-4,4.23e-4,3.39e-4,3.29e-4,4.36e-4,4.13e-4,3.63e-4,3.65e-4,3.84e-4,4.11e-4,4.6399999999999e-4,4.12e-4
SYN_197,mTBI-only,1,No PTSD,0,35,44,33,0,0,0,0,0,44,1,5,1,10,5,5,5,12,5,0.609969,0.579084,0.424016,0.422284,0.513482,0.627175,0.615981,0.62737,0.6592359999999999,0.675963,0.685912,0.524708,0.535693,0.601959,0.654519,0.430156,0.518215,0.534566,0.52483,0.57933,0.55669,0.485062,0.4624319999999999,6.58e-4,6.44e-4,7.69e-4,6.87e-4,7.58e-4,6.83e-4,6.6e-4,6.5e-4,6.82e-4,7.17e-4,6.68e-4,7.52e-4,6.96e-4,6.67e-4,6.38e-4,6.9e-4,6.68e-4,6.97e-4,6.68e-4,6.62e-4,7.23e-4,7.62e-4,7.26e-4,0.00120299999999999,0.00116199999999999,0.001147,0.001163,0.001292,0.001336,0.001253,0.001266,0.001314,0.001407,0.001447,0.001204,0.00124,0.00122599999999999,0.001295,0.001086,0.001101,0.001179,0.00122899999999999,0.001153,0.001214,0.001248,0.001104,3.5e-4,4.16e-4,5.53e-4,5.12e-4,5.26e-4,3.7e-4,3.9e-4,3.9e-4,3.61e-4,3.48e-4,3.44e-4,4.79e-4,4.5599999999999e-4,4.11e-4,3.47e-4,5.11e-4,4.23e-4,3.99e-4,4.2e-4,4.12e-4,4.1e-4,4.8499999999999e-4,5.24e-4
SYN_198,Comorbid mTBI+PTSD,1,PTSD,2,39,56,95,1,1,1,1,1,58,1,4,1,13,25,13,21,20,14,0.600537,0.590899,0.330702,0.37955,0.529224,0.605548,0.636321,0.651722,0.577375,0.653246,0.6870430000000001,0.525671,0.480884,0.648937,0.628926,0.422312,0.415775,0.568064,0.527177,0.585109,0.520356,0.4401739999999999,0.5069640000000001,6.54e-4,6.87e-4,7.4e-4,7.33e-4,7.85e-4,6.95e-4,7.0999999999999e-4,6.68e-4,8.25e-4,7.14e-4,7.07e-4,6.83e-4,7.05e-4,6.46e-4,6.72e-4,7.44e-4,6.7e-4,6.33e-4,6.88e-4,6.21e-4,6.5199999999999e-4,8.07e-4,7.46e-4,0.001215,0.001231,0.00107,0.001057,0.001151,0.00139,0.001281,0.00126,0.00126,0.00141199999999999,0.001496,0.001189,0.001236,0.00121099999999999,0.001316,0.00104299999999999,0.001111,0.001206,0.001138,0.001234,0.00121,0.001201,0.001212,3.62e-4,4.08e-4,6.4e-4,5.15e-4,4.98e-4,3.94e-4,4.11e-4,3.73e-4,4.39e-4,3.59e-4,3.5099999999999e-4,4.58e-4,4.5999999999999e-4,3.2599999999999e-4,3.44e-4,5.33e-4,5.65e-4,4.2e-4,4.66e-4,4.12e-4,4.36e-4,6e-4,4.3799999999999e-4
SYN_199,Controls,0,No PTSD,0,NA,21,34,0,0,0,0,0,62,1,5,NA,2,7,5,5,11,6,0.605294,0.596359,0.459954,0.474982,0.680599,0.7357670000000001,0.6560010000000001,0.741097,0.793338,0.765514,0.8574440000000001,0.597877,0.643303,0.707629,0.714616,0.691732,0.517442,0.671663,0.560913,0.7101649999999999,0.565268,0.512051,0.522447,6.45e-4,6.24e-4,5.91e-4,5.61e-4,7.6399999999999e-4,6.98e-4,6.2199999999999e-4,5.5499999999999e-4,5.62e-4,7.0999999999999e-4,7.88e-4,6.6e-4,6.46e-4,7e-4,6.4899999999999e-4,5.92e-4,6.2e-4,6.55e-4,6.46e-4,6.3499999999999e-4,6.01e-4,7.32e-4,6.76e-4,0.001216,0.001234,8.0899999999999e-4,8.23e-4,0.00165,0.001539,0.001243,0.001193,0.001326,0.001537,0.00186799999999999,0.001239,0.00126199999999999,0.001439,0.001458,0.001053,0.00119499999999999,0.001266,0.00123699999999999,0.001196,0.001175,0.00126199999999999,0.00116,3.49e-4,3.71e-4,4.0599999999999e-4,4.01e-4,3.59e-4,3.2599999999999e-4,3.46e-4,2.59e-4,1.85e-4,2.35e-4,1.49e-4,3.88e-4,3.6899999999999e-4,2.88e-4,2.68e-4,4.0199999999999e-4,3.95e-4,3.03e-4,3.83e-4,3.59e-4,4.1e-4,4.84e-4,4.78e-4
SYN_200,Controls,0,No PTSD,0,NA,18,25,0,0,0,0,0,52,1,5,0,0,5,5,5,5,5,0.629757,0.6159720000000001,0.450654,0.455624,0.44408100000000006,0.5775680000000001,0.599921,0.563719,0.536201,0.654439,0.652906,0.537361,0.528176,0.5724090000000001,0.660086,0.426494,0.504415,0.53817,0.565851,0.53071,0.565024,0.483563,0.500638,6.69e-4,6.38e-4,7.0999999999999e-4,7e-4,8.2699999999999e-4,7.4e-4,6.56e-4,6.92e-4,7.36e-4,6.94e-4,7.32e-4,7.18e-4,7.28e-4,7.12e-4,6.14e-4,7.08e-4,6.96e-4,6.72e-4,6.73e-4,7.12e-4,6.87e-4,8.1199999999999e-4,7.05e-4,0.001246,0.001265,0.001156,0.001114,0.001224,0.001265,0.001272,0.001292,0.0014,0.001468,0.0014,0.001185,0.001194,0.001212,0.001254,0.0011,0.001155,0.001207,0.001202,0.001275,0.001141,0.001254,0.001105,3.62e-4,3.64e-4,5.28e-4,4.83e-4,5.67e-4,4.36e-4,3.91e-4,4.04e-4,4.19e-4,3.79e-4,3.62e-4,4.4699999999999e-4,4.58e-4,4.24e-4,3.2599999999999e-4,5.07e-4,4.6399999999999e-4,4.3499999999999e-4,4.17e-4,4.53e-4,4.04e-4,5.16e-4,4.9699999999999e-4
SYN_201,mTBI-only,1,No PTSD,0,2,19,26,0,0,0,0,0,25,2,5,3,3,6,5,5,5,5,0.61715,0.569041,0.428226,0.428325,0.497595,0.6056199999999999,0.623171,0.62639,0.637473,0.662463,0.687664,0.497078,0.5219020000000001,0.655026,0.641424,0.476668,0.441317,0.5701970000000001,0.579805,0.610388,0.549561,0.492251,0.490986,6.69e-4,6.53e-4,7.53e-4,7.12e-4,7.95e-4,7.14e-4,6.84e-4,6.75e-4,7.11e-4,7.12e-4,7.0199999999999e-4,7.0599999999999e-4,7.07e-4,6.65e-4,6.42e-4,6.98e-4,7.14e-4,6.58e-4,6.83e-4,6.78e-4,6.78e-4,7.74e-4,7.4699999999999e-4,0.001266,0.001186,0.001151,0.001118,0.001331,0.001272,0.001264,0.001291,0.00134499999999999,0.001411,0.001466,0.001123,0.00123,0.001288,0.00125199999999999,0.001134,0.001126,0.001204,0.001228,0.00122599999999999,0.001183,0.00115399999999999,0.00120299999999999,3.98e-4,4.16e-4,5.31e-4,5.39e-4,5.48e-4,4.01e-4,3.73e-4,3.88e-4,3.76e-4,3.7e-4,3.33e-4,4.79e-4,4.58e-4,3.45e-4,3.57e-4,5e-4,5.0599999999999e-4,4.17e-4,4.0599999999999e-4,3.92e-4,4.48e-4,4.9699999999999e-4,4.79e-4
SYN_202,Comorbid mTBI+PTSD,1,PTSD,2,30,39,61,1,0,0,1,1,48,1,5,0,6,13,7,5,24,12,0.4684350000000001,0.480214,0.377201,0.2886,0.327197,0.5326310000000001,0.550478,0.5448649999999999,0.536201,0.5807100000000001,0.547366,0.482391,0.471607,0.550237,0.478678,0.5153270000000001,0.434491,0.460485,0.395401,0.450099,0.451095,0.394815,0.442303,6.27e-4,6.79e-4,6.73e-4,6.85e-4,8.02e-4,6.85e-4,7.05e-4,6.14e-4,6.82e-4,6.37e-4,6.8899999999999e-4,6.78e-4,6.79e-4,6.5199999999999e-4,6.51e-4,6.71e-4,6.7e-4,6.96e-4,7.09e-4,6.73e-4,6.91e-4,7.11e-4,7.27e-4,0.001109,0.001051,9.88e-4,9.24e-4,0.001137,0.001143,0.001251,0.00116199999999999,0.001099,0.001251,0.00113,0.001142,0.001107,0.001173,0.001112,0.00105,0.001081,0.001008,0.001031,0.001127,0.001132,0.001071,0.00115,4.7599999999999e-4,4.66e-4,5.4e-4,6.33e-4,7.04e-4,4.57e-4,4.5999999999999e-4,4.28e-4,4.28e-4,3.79e-4,3.75e-4,4.74e-4,5.17e-4,4.11e-4,4.61e-4,4.26e-4,5.18e-4,4.86e-4,5.69e-4,5.12e-4,5.22e-4,5.6399999999999e-4,5.38e-4
SYN_203,Controls,0,No PTSD,0,NA,17,28,0,0,0,0,0,24,2,5,4,1,7,5,5,6,5,0.687766,0.6657350000000001,0.5440020000000001,0.5447850000000001,0.752363,0.7510439999999999,0.6999529999999999,0.745063,0.7722060000000001,0.7808930000000001,0.834633,0.6208100000000001,0.603038,0.7183430000000001,0.7277710000000001,0.557795,0.5296609999999999,0.66848,0.6194149999999999,0.685213,0.638566,0.54179600000000006,0.595967,6e-4,5.98e-4,5.91e-4,6.03e-4,7.41e-4,6.56e-4,6.61e-4,5.58e-4,5.93e-4,6.94e-4,8e-4,6.25e-4,6.55e-4,6.67e-4,6.36e-4,6.01e-4,6.37e-4,6.42e-4,6.5e-4,6.02e-4,6.23e-4,6.7e-4,7.06e-4,0.001295,0.001246,0.001011,9.98e-4,0.001746,0.001548,0.001301,0.001209,0.00140899999999999,0.001537,0.00193,0.001133,0.001151,0.001471,0.001324,0.001076,0.001145,0.001245,0.001181,0.001194,0.001225,0.001255,0.001218,2.77e-4,2.79e-4,3.62e-4,3.32e-4,2.68e-4,2.43e-4,2.8e-4,2.3199999999999e-4,2.22e-4,2.8199999999999e-4,1.79e-4,3.23e-4,3.2599999999999e-4,2.27e-4,2.72e-4,3.2e-4,3.71e-4,3.22e-4,3.8199999999999e-4,2.75e-4,3.29e-4,4.17e-4,3.7799999999999e-4
SYN_204,mTBI-only,1,No PTSD,0,0,28,35,0,0,0,0,0,31,1,5,13,1,7,7,5,11,9,0.666934,0.631652,0.48895,0.439507,0.529111,0.638323,0.6560010000000001,0.667642,0.640508,0.67115,0.681633,0.5656640000000001,0.533157,0.653618,0.6869149999999999,0.569194,0.5178149999999999,0.602016,0.57667,0.590708,0.555575,0.512051,0.516526,6.68e-4,6.36e-4,7.21e-4,7.13e-4,7.81e-4,6.97e-4,6.42e-4,6.75e-4,6.84e-4,6.72e-4,6.81e-4,7.0599999999999e-4,6.54e-4,6.74e-4,6.36e-4,6.3499999999999e-4,7.0599999999999e-4,6.33e-4,6.47e-4,6.54e-4,6.58e-4,7e-4,7.31e-4,0.0013,0.001213,0.001176,0.001139,0.001274,0.00122,0.00129799999999999,0.001317,0.001361,0.001444,0.00146,0.001272,0.001179,0.001308,0.00130399999999999,0.001259,0.001106,0.001158,0.001254,0.001209,0.001208,0.00125,0.001174,3.33e-4,3.54e-4,4.87e-4,5.12e-4,4.93e-4,3.8199999999999e-4,3.3999999999999e-4,3.44e-4,3.61e-4,3.34e-4,3.48e-4,3.9e-4,4.44e-4,3.5299999999999e-4,3.09e-4,4.16e-4,4.5599999999999e-4,3.6899999999999e-4,4e-4,3.9e-4,4.3e-4,5.12e-4,4.89e-4
SYN_205,Controls,0,No PTSD,0,NA,17,29,0,0,0,0,0,41,2,4,0,0,5,5,5,8,5,0.690766,0.6556029999999999,0.46126000000000006,0.378805,0.632738,0.737157,0.659445,0.656602,0.713676,0.695974,0.6984739999999999,0.629153,0.6023609999999999,0.724852,0.657442,0.53084,0.578701,0.6051270000000001,0.634633,0.643519,0.645647,0.555243,0.544763,6.18e-4,5.84e-4,6.65e-4,7.5999999999999e-4,7.45e-4,6.72e-4,6.3499999999999e-4,6.11e-4,6.74e-4,6.58e-4,6.8899999999999e-4,6.63e-4,6.99e-4,6.95e-4,6.28e-4,5.8099999999999e-4,6.33e-4,6.57e-4,6.3499999999999e-4,6.43e-4,5.86e-4,7.09e-4,6.72e-4,0.001292,0.001224,0.001119,0.001064,0.001325,0.001276,0.00127799999999999,0.00127799999999999,0.001347,0.001375,0.001242,0.001172,0.001204,0.001295,0.001338,0.001076,0.001145,0.00122599999999999,0.001181,0.001205,0.001145,0.00116199999999999,0.001243,2.78e-4,3.2e-4,4.79e-4,5.65e-4,3.31e-4,2.97e-4,3.29e-4,3.5299999999999e-4,3.05e-4,3.17e-4,3.31e-4,3.83e-4,3.2599999999999e-4,2.8199999999999e-4,3.35e-4,4.42e-4,3.63e-4,3.63e-4,3.65e-4,3.42e-4,3.47e-4,4.3799999999999e-4,4.45e-4
SYN_206,mTBI-only,1,No PTSD,0,35,26,35,0,0,0,0,0,49,1,4,0,10,5,5,5,9,9,0.483986,0.531454,0.339624,0.2886,0.433339,0.579892,0.629163,0.598432,0.6044689999999999,0.5946819999999999,0.604024,0.501269,0.5092939999999999,0.614997,0.612081,0.523177,0.418206,0.382628,0.483997,0.414745,0.487345,0.4326100000000001,0.406995,6.78e-4,6.48e-4,7.27e-4,6.9e-4,7.95e-4,6.61e-4,6.53e-4,5.96e-4,6.42e-4,6.82e-4,5.78e-4,6.33e-4,6.21e-4,6.59e-4,6.29e-4,5.94e-4,7.12e-4,7.13e-4,6.4899999999999e-4,6.94e-4,6.58e-4,7.0199999999999e-4,6.78e-4,0.001066,0.001103,9.81e-4,9.72e-4,9.87e-4,0.001191,0.001228,0.00115,0.001142,0.001223,0.001194,0.001058,0.00109499999999999,0.001105,0.001132,0.001044,0.001071,0.001001,0.001038,0.001099,0.001105,0.001086,9.86e-4,4.9699999999999e-4,4.1799999999999e-4,5.7699999999999e-4,6.33e-4,5.12e-4,3.66e-4,3.46e-4,3.79e-4,3.68e-4,3.67e-4,3.7999999999999e-4,4.5599999999999e-4,4.26e-4,3.17e-4,3.59e-4,4.23e-4,5.4e-4,5.6e-4,4.66e-4,5.5499999999999e-4,4.52e-4,5e-4,5.0099999999999e-4
SYN_207,mTBI-only,1,No PTSD,0,0,17,25,0,0,0,0,0,21,1,5,10,1,5,5,5,5,5,0.534269,0.506051,0.371248,0.396302,0.353045,0.602891,0.638555,0.613577,0.564319,0.645478,0.6194350000000001,0.492379,0.505865,0.6035590000000001,0.650094,0.511778,0.46262700000000007,0.533866,0.458732,0.5458149999999999,0.530257,0.490408,0.445467,6.76e-4,6.23e-4,7.01e-4,6.37e-4,8.3e-4,6.73e-4,6.28e-4,6.08e-4,6.03e-4,6.15e-4,7.23e-4,6.54e-4,6.4e-4,6.66e-4,6.51e-4,6.55e-4,6.94e-4,6.85e-4,6.85e-4,6.74e-4,6.71e-4,6.66e-4,6.9299999999999e-4,0.00104,0.00104,9.63e-4,9.74e-4,0.00109,0.001173,0.001257,0.00116199999999999,0.001309,0.001138,0.00124399999999999,0.001186,0.001132,0.001263,0.001135,0.001161,0.001124,0.001092,0.001035,0.001101,0.001083,0.001022,0.001084,4.0599999999999e-4,4.5099999999999e-4,5.74e-4,4.91e-4,5.91e-4,3.57e-4,3.6e-4,3.9e-4,3.84e-4,3.72e-4,3.73e-4,5.15e-4,4.15e-4,3.57e-4,3.39e-4,3.99e-4,5.05e-4,4.2699999999999e-4,4.99e-4,4.3e-4,4.08e-4,4.7699999999999e-4,5.13e-4
SYN_208,Controls,0,No PTSD,0,NA,17,25,0,0,0,0,0,21,2,5,0,0,5,5,5,5,5,0.65418,0.635306,0.5525359999999999,0.534079,0.7463350000000001,0.695549,0.723671,0.772258,0.754976,0.765514,0.8411549999999999,0.5520149999999999,0.529475,0.7201890000000001,0.753753,0.5755239999999999,0.613682,0.671663,0.604642,0.646416,0.555575,0.512051,0.562348,6e-4,6.56e-4,5.4e-4,5.6799999999999e-4,6.69e-4,7.03e-4,6.5e-4,5.62e-4,5.41e-4,7.63e-4,7.86e-4,6.55e-4,6.55e-4,6.79e-4,6.36e-4,5.54e-4,5.92e-4,6.2e-4,6.38e-4,6.38e-4,6.94e-4,7.41e-4,6.7e-4,0.001302,0.001282,0.00103,9.26e-4,0.001475,0.001509,0.001331,0.001192,0.001266,0.001537,0.001775,0.00120299999999999,0.001243,0.001402,0.001475,0.001112,0.001111,0.00124399999999999,0.001199,0.001189,0.001176,0.001299,0.001236,3.3999999999999e-4,3.54e-4,3.41e-4,4.41e-4,2.46e-4,2.47e-4,2.63e-4,2.1e-4,2.6e-4,2.39e-4,1.79e-4,4.13e-4,4.37e-4,2.72e-4,2.31e-4,3.49e-4,3.5e-4,3.16e-4,3.65e-4,3.41e-4,4.28e-4,4.96e-4,3.71e-4
SYN_209,Controls,0,No PTSD,0,NA,21,26,0,0,0,0,0,65,1,5,2,0,5,6,5,5,5,0.643537,0.6080260000000001,0.33374499999999996,0.405206,0.528276,0.633369,0.65188,0.640509,0.613147,0.656668,0.647771,0.5370510000000001,0.532514,0.6408159999999999,0.709074,0.46978500000000006,0.42456400000000005,0.599903,0.588479,0.5995739999999999,0.602941,0.4917470000000001,0.460812,6.3499999999999e-4,6.58e-4,8.01e-4,7.0999999999999e-4,7.43e-4,6.96e-4,6.76e-4,6.55e-4,7.05e-4,6.91e-4,7.18e-4,6.83e-4,6.58e-4,6.54e-4,6.76e-4,6.75e-4,6.97e-4,6.61e-4,6.33e-4,6.2599999999999e-4,6.63e-4,7.5999999999999e-4,7.5999999999999e-4,0.001305,0.001247,0.001063,0.001084,0.001289,0.001318,0.001255,0.001283,0.001305,0.001416,0.00135,0.00117,0.001185,0.001263,0.001475,0.001085,0.001058,0.001221,0.001257,0.001168,0.001153,0.00113,0.00117699999999999,3.49e-4,3.6899999999999e-4,6.72e-4,5.41e-4,5.02e-4,3.96e-4,3.39e-4,3.66e-4,4.19e-4,3.25e-4,3.73e-4,4e-4,4.52e-4,3.56e-4,2.8e-4,4.93e-4,5.34e-4,3.7e-4,4.24e-4,3.8199999999999e-4,3.97e-4,4.95e-4,5.32e-4
SYN_210,Controls,0,No PTSD,0,NA,21,27,0,0,0,0,0,22,2,4,4,1,5,5,5,7,6,0.610479,0.616714,0.446717,0.405752,0.445957,0.62972,0.619575,0.612695,0.6136229999999999,0.657979,0.669238,0.546499,0.560802,0.622371,0.657828,0.46978500000000006,0.548194,0.599214,0.5506300000000001,0.614507,0.599773,0.546171,0.522749,6.75e-4,6.36e-4,6.9299999999999e-4,7.0999999999999e-4,8.4e-4,7.16e-4,7.01e-4,6.95e-4,6.83e-4,6.7999999999999e-4,7.15e-4,7.19e-4,7.05e-4,6.53e-4,6.38e-4,7.31e-4,7e-4,6.8899999999999e-4,6.97e-4,6.38e-4,6.6e-4,7.23e-4,7.42e-4,0.00125199999999999,0.001254,0.001119,0.001114,0.00126,0.00141199999999999,0.001212,0.001264,0.00129299999999999,0.00141,0.001389,0.001199,0.001183,0.001291,0.00126,0.001142,0.001132,0.00124,0.001174,0.001232,0.001223,0.001231,0.001198,3.68e-4,3.5e-4,5.26e-4,5.38e-4,6.06e-4,3.8199999999999e-4,3.88e-4,3.96e-4,3.87e-4,3.77e-4,3.76e-4,4.53e-4,4.11e-4,3.71e-4,3.2599999999999e-4,4.78e-4,4.49e-4,3.65e-4,4.17e-4,3.63e-4,3.79e-4,4.6699999999999e-4,5.15e-4
SYN_211,Controls,0,No PTSD,0,NA,18,31,0,0,0,0,0,31,2,4,0,0,8,5,5,9,5,0.70009,0.708372,0.515404,0.520345,0.65768,0.739483,0.7092609999999999,0.76823,0.778305,0.794437,0.8750479999999999,0.591327,0.574909,0.758774,0.731644,0.616725,0.642999,0.729783,0.664682,0.6395390000000001,0.60493,0.574178,0.575613,6.17e-4,6.24e-4,5.71e-4,5.15e-4,6.69e-4,6.16e-4,6.3e-4,6.03e-4,5.88e-4,6.32e-4,7.4699999999999e-4,5.76e-4,5.92e-4,5.95e-4,6.05e-4,6.01e-4,5.87e-4,6.32e-4,6.27e-4,6.53e-4,5.7699999999999e-4,6.9e-4,6.3899999999999e-4,0.001285,0.001188,9.87e-4,8.97e-4,0.001511,0.001578,0.00129799999999999,0.001198,0.001316,0.001467,0.001878,0.001106,0.001239,0.00140899999999999,0.001279,0.00108699999999999,0.001118,0.001365,0.001246,0.00115,0.001138,0.001235,0.001129,2.77e-4,2.89e-4,3.36e-4,3.57e-4,3.59e-4,2.63e-4,2.8e-4,2.14e-4,2.05e-4,2.16e-4,1.38e-4,2.68e-4,3.48e-4,2.41e-4,2.33e-4,3.39e-4,3.12e-4,2.49e-4,3.12e-4,3.15e-4,3.47e-4,3.46e-4,3.98e-4
SYN_212,mTBI-only,1,No PTSD,0,5,22,25,0,0,0,0,0,58,2,5,11,2,5,5,5,5,5,0.617302,0.598746,0.395019,0.456142,0.504129,0.5765710000000001,0.630015,0.64066,0.673341,0.662479,0.6797,0.48118,0.496462,0.594964,0.646192,0.429076,0.48787700000000006,0.550665,0.5388109999999999,0.56552500000000006,0.5965239999999999,0.490422,0.491216,6.45e-4,6.48e-4,7.52e-4,6.94e-4,7.69e-4,7.09e-4,6.56e-4,6.36e-4,6.9e-4,6.73e-4,6.9e-4,6.82e-4,7.0199999999999e-4,6.79e-4,6.36e-4,6.99e-4,6.55e-4,6.5e-4,6.54e-4,6.58e-4,6.15e-4,7.07e-4,7.45e-4,0.001222,0.00116199999999999,0.001098,0.001077,0.001261,0.001291,0.001341,0.00122899999999999,0.001272,0.001362,0.001393,0.001174,0.001085,0.00129299999999999,0.00126,0.001098,0.001132,0.001107,0.001145,0.001175,0.001224,0.001181,0.001143,3.62e-4,3.99e-4,5.79e-4,4.74e-4,5.39e-4,4.3e-4,3.81e-4,3.67e-4,3.34e-4,3.56e-4,3.72e-4,4.8499999999999e-4,4.81e-4,4.16e-4,3.34e-4,5.18e-4,4.68e-4,4.01e-4,4.17e-4,4.29e-4,3.95e-4,4.96e-4,4.68e-4
SYN_213,mTBI-only,1,No PTSD,0,0,17,25,0,0,0,0,0,30,1,5,3,0,5,5,5,5,5,0.6436850000000001,0.618983,0.375094,0.377934,0.543851,0.6115430000000001,0.6319899999999999,0.633949,0.654395,0.676054,0.6892520000000001,0.528651,0.532766,0.617858,0.6226010000000001,0.5262939999999999,0.512968,0.590918,0.545903,0.619093,0.6133460000000001,0.493788,0.5045270000000001,6.38e-4,6.44e-4,7.59e-4,7.24e-4,7.48e-4,6.99e-4,7.01e-4,6.25e-4,6.44e-4,7.04e-4,6.99e-4,7.3799999999999e-4,7.2e-4,6.66e-4,6.3499999999999e-4,6.5199999999999e-4,6.51e-4,6.4899999999999e-4,6.68e-4,6.51e-4,6.51e-4,7.35e-4,7.14e-4,0.001215,0.001191,0.001132,0.001018,0.001281,0.001296,0.001276,0.001283,0.001272,0.001383,0.001421,0.00123699999999999,0.0012,0.001218,0.001224,0.001146,0.001143,0.001267,0.001121,0.001246,0.001169,0.001224,0.001223,3.43e-4,3.44e-4,5.98e-4,5.79e-4,4.5599999999999e-4,3.7e-4,3.76e-4,3.66e-4,3.61e-4,3.48e-4,3.48e-4,4.7e-4,4.2e-4,3.63e-4,3.67e-4,4.42e-4,4.1799999999999e-4,3.95e-4,3.99e-4,3.63e-4,4.03e-4,5.0099999999999e-4,4.89e-4
SYN_214,mTBI-only,1,No PTSD,0,11,30,30,0,0,0,0,0,25,2,5,4,8,7,5,5,8,7,0.605072,0.562744,0.407595,0.418896,0.503668,0.576444,0.602176,0.623862,0.6571319999999999,0.666437,0.6490229999999999,0.524287,0.5471159999999999,0.59285,0.5932310000000001,0.456104,0.529687,0.572383,0.546505,0.582314,0.576419,0.44896099999999994,0.466321,6.76e-4,6.45e-4,7.5599999999999e-4,6.87e-4,8.07e-4,6.9299999999999e-4,6.99e-4,7.01e-4,6.81e-4,7.23e-4,6.61e-4,7.54e-4,7e-4,7.14e-4,6.56e-4,6.78e-4,6.68e-4,6.5e-4,6.82e-4,6.64e-4,6.15e-4,7.76e-4,6.84e-4,0.001219,0.001196,0.001114,0.001153,0.001305,0.00127799999999999,0.001272,0.001341,0.001365,0.001369,0.001397,0.001222,0.001253,0.001228,0.00122,0.001142,0.001132,0.001192,0.001167,0.001281,0.001166,0.001288,0.001148,3.62e-4,4.13e-4,5.73e-4,5.22e-4,5.49e-4,4.4e-4,3.86e-4,3.7799999999999e-4,3.65e-4,3.58e-4,3.72e-4,4.5099999999999e-4,4.24e-4,3.63e-4,3.89e-4,5.04e-4,4.37e-4,4.34e-4,4.1e-4,4.1799999999999e-4,3.96e-4,4.91e-4,5.33e-4
SYN_215,Comorbid mTBI+PTSD,1,PTSD,2,21,41,107,1,1,1,1,0,37,2,4,3,7,22,21,11,19,9,0.622644,0.610633,0.440961,0.4538,0.515392,0.593071,0.64148,0.6305069999999999,0.62057,0.688758,0.717604,0.535733,0.523031,0.636919,0.624795,0.483042,0.513079,0.530095,0.553955,0.518239,0.591095,0.482837,0.472383,6.55e-4,6.25e-4,7.28e-4,7.17e-4,7.7e-4,6.63e-4,6.47e-4,6.78e-4,7.39e-4,6.73e-4,6.83e-4,7.18e-4,7.28e-4,6.38e-4,6.58e-4,7.01e-4,6.74e-4,6.5e-4,6.2e-4,6.82e-4,6.68e-4,7.13e-4,7.3e-4,0.001263,0.001194,0.001073,0.001075,0.001312,0.001261,0.00132,0.001208,0.00132,0.001348,0.00147,0.001135,0.00107899999999999,0.001273,0.001224,0.00112,0.001088,0.001197,0.001219,0.001167,0.001176,0.00119,0.001228,3.5e-4,3.63e-4,5.52e-4,4.69e-4,5.35e-4,4.15e-4,3.56e-4,3.62e-4,3.89e-4,3.31e-4,3.05e-4,4.59e-4,4.3799999999999e-4,3.72e-4,3.65e-4,4.81e-4,4.5599999999999e-4,3.99e-4,4.25e-4,4.46e-4,4e-4,5.17e-4,5.1399999999999e-4
SYN_216,mTBI-only,1,No PTSD,0,0,17,29,0,0,0,0,0,31,1,5,3,0,6,5,5,6,9,0.6288050000000001,0.596572,0.421368,0.401759,0.566529,0.624748,0.638487,0.648253,0.635741,0.679726,0.663104,0.519364,0.533393,0.622318,0.6490600000000001,0.5612,0.495122,0.589378,0.594298,0.6158399999999999,0.582595,0.537972,0.478641,6.65e-4,6.43e-4,7.33e-4,7.4699999999999e-4,7.5999999999999e-4,7.32e-4,6.6e-4,6.63e-4,6.9e-4,6.79e-4,7.14e-4,6.87e-4,7.41e-4,6.4899999999999e-4,6.61e-4,6.67e-4,6.63e-4,6.44e-4,6.98e-4,6.44e-4,6.87e-4,6.95e-4,7.6399999999999e-4,0.001291,0.00123699999999999,0.001126,0.001119,0.001289,0.001361,0.00126199999999999,0.001325,0.001324,0.001349,0.001418,0.001216,0.00112799999999999,0.001263,0.001239,0.001155,0.001146,0.001212,0.00119,0.00117,0.001102,0.001135,0.001218,3.54e-4,3.81e-4,5.34e-4,5.43e-4,4.63e-4,3.87e-4,3.57e-4,3.41e-4,3.75e-4,3.2599999999999e-4,3.86e-4,4.58e-4,4.52e-4,3.6899999999999e-4,3.47e-4,4.11e-4,4.5099999999999e-4,3.92e-4,4.0199999999999e-4,3.65e-4,4.04e-4,4.55e-4,5.11e-4
SYN_217,Controls,0,No PTSD,0,0,17,27,0,0,0,0,0,56,2,3,3,0,5,5,5,7,5,0.591753,0.5794199999999999,0.4564760000000001,0.349654,0.461475,0.567801,0.582012,0.608219,0.624771,0.641254,0.66065,0.477919,0.441624,0.621715,0.569549,0.42853900000000006,0.355862,0.51572,0.5058729999999999,0.564407,0.486979,0.443935,0.466321,6.78e-4,6.71e-4,7.0999999999999e-4,7.52e-4,7.69e-4,6.82e-4,7.36e-4,6.92e-4,6.77e-4,7.74e-4,7.33e-4,7.18e-4,7.23e-4,6.57e-4,6.28e-4,7.18e-4,7.3e-4,6.79e-4,6.85e-4,6.69e-4,6.74e-4,7.63e-4,7.4699999999999e-4,0.001241,0.001197,0.001103,0.00100199999999999,0.001217,0.001307,0.00124399999999999,0.001342,0.0013,0.001396,0.001396,0.001186,0.001172,0.001238,0.001096,0.00106,0.001088,0.001178,0.00105,0.001199,0.001179,0.001174,0.001166,4.03e-4,4.0599999999999e-4,5.17e-4,6.05e-4,5.45e-4,4.61e-4,4.62e-4,3.96e-4,3.81e-4,3.73e-4,3.35e-4,4.88e-4,5.13e-4,3.7e-4,4.26e-4,5.09e-4,5.76e-4,4.26e-4,4.46e-4,4.17e-4,4.59e-4,5.66e-4,5.02e-4
SYN_218,Controls,0,No PTSD,0,NA,17,27,0,0,0,0,0,35,2,4,0,0,5,6,5,5,5,0.613471,0.572473,0.39049,0.373701,0.502725,0.581263,0.6239020000000001,0.640005,0.6000260000000001,0.654941,0.6763680000000001,0.522134,0.5204850000000001,0.601863,0.6334390000000001,0.537375,0.489117,0.562589,0.546808,0.538501,0.576419,0.489503,0.5191520000000001,6.64e-4,6.75e-4,7.4699999999999e-4,7.26e-4,7.71e-4,6.99e-4,6.7999999999999e-4,6.85e-4,6.71e-4,6.86e-4,7.09e-4,7.13e-4,7.21e-4,6.76e-4,6.16e-4,6.45e-4,6.9299999999999e-4,6.62e-4,6.76e-4,7.15e-4,6.87e-4,7.05e-4,6.91e-4,0.00121099999999999,0.001159,0.001062,0.00112,0.001338,0.001348,0.001327,0.00130399999999999,0.001356,0.00144,0.001394,0.001245,0.001167,0.0013,0.001235,0.001155,0.001141,0.001236,0.00107899999999999,0.001236,0.001215,0.001254,0.001218,3.7799999999999e-4,4.28e-4,5.92e-4,6.23e-4,4.92e-4,4.43e-4,3.7999999999999e-4,3.77e-4,4.3e-4,3.6e-4,3.72e-4,4.78e-4,4.3799999999999e-4,3.87e-4,3.5299999999999e-4,4.33e-4,4.7699999999999e-4,3.88e-4,3.99e-4,4.52e-4,4.18e-4,4.74e-4,4.88e-4
SYN_219,Controls,0,No PTSD,0,0,17,34,0,0,0,0,0,54,1,5,1,0,7,5,5,10,5,0.647506,0.6103850000000001,0.473803,0.483986,0.680599,0.67624,0.6560010000000001,0.746727,0.733062,0.780834,0.828564,0.576603,0.567068,0.670765,0.731644,0.6385,0.635668,0.61639,0.620422,0.5969909999999999,0.559515,0.518442,0.504329,6.46e-4,6.3499999999999e-4,5.98e-4,6.03e-4,6.48e-4,6.72e-4,6.2199999999999e-4,5.5499999999999e-4,6.53e-4,6.99e-4,7.74e-4,6.59e-4,6.58e-4,6.59e-4,6.36e-4,5.92e-4,5.87e-4,6.36e-4,6.42e-4,6.2199999999999e-4,6.56e-4,7.5999999999999e-4,5.9e-4,0.00126,0.001118,8.0899999999999e-4,9.59e-4,0.001621,0.001578,0.001289,0.001193,0.001465,0.001557,0.001775,0.00118,0.001238,0.00149,0.001355,0.001112,0.001104,0.00126,0.00122,0.001242,0.00119499999999999,0.00126199999999999,0.001107,3.3e-4,3.72e-4,4.0599999999999e-4,3.87e-4,3.38e-4,3.2599999999999e-4,3.33e-4,2.59e-4,2.2799999999999e-4,2.64e-4,2.02e-4,3.93e-4,4.14e-4,3.34e-4,2.73e-4,2.95e-4,3.12e-4,3.8199999999999e-4,3.81e-4,3.8199999999999e-4,4.42e-4,4.7e-4,5.11e-4
SYN_220,Comorbid mTBI+PTSD,1,PTSD,2,19,31,55,0,0,1,0,0,56,2,4,2,0,10,8,15,10,7,0.500268,0.5298609999999999,0.366036,0.379988,0.375212,0.599143,0.639958,0.615941,0.563391,0.6226189999999999,0.603292,0.507408,0.520396,0.645209,0.555958,0.563913,0.399048,0.397644,0.463538,0.438638,0.4822149999999999,0.497843,0.414362,6.45e-4,6.38e-4,7.27e-4,7.43e-4,7.95e-4,6.41e-4,6.44e-4,6.43e-4,6.42e-4,6.28e-4,6.04e-4,7.22e-4,6.03e-4,6.37e-4,5.94e-4,6.69e-4,7.23e-4,7.04e-4,6.54e-4,7.18e-4,6.78e-4,6.66e-4,7.17e-4,0.00101999999999999,0.001088,0.001024,9.86e-4,0.00106899999999999,0.001173,0.001241,0.001115,0.001113,0.00120299999999999,0.001113,0.001105,0.001082,0.001168,0.001124,0.001063,0.001077,0.00106899999999999,0.001034,0.001099,0.00113,0.001077,0.001027,4.25e-4,4.33e-4,5.7699999999999e-4,5.11e-4,5.91e-4,3.44e-4,3.57e-4,3.96e-4,3.83e-4,3.57e-4,3.7799999999999e-4,4.53e-4,4.17e-4,3.5e-4,4.3099999999999e-4,4.12e-4,5.31e-4,5.0599999999999e-4,4.66e-4,5.2699999999999e-4,4.91e-4,4.7699999999999e-4,5.23e-4
SYN_221,mTBI-only,1,No PTSD,0,12,29,25,0,0,0,0,0,58,2,5,1,2,5,5,5,5,5,0.402822,0.472509,0.368448,0.345931,0.362084,0.567801,0.633943,0.61077,0.595968,0.611653,0.61587,0.470822,0.437638,0.597595,0.577832,0.4145430000000001,0.420465,0.382628,0.380489,0.414745,0.46274,0.460385,0.380924,6.68e-4,6.7e-4,7.13e-4,6.62e-4,8.0399999999999e-4,6.61e-4,6.23e-4,6.36e-4,6.45e-4,6.59e-4,6.1299999999999e-4,6.7999999999999e-4,6.47e-4,6.11e-4,6.3899999999999e-4,7.11e-4,7.15e-4,7.13e-4,7.39e-4,6.6e-4,6.94e-4,7.04e-4,7.42e-4,0.001032,0.00107899999999999,9.85e-4,0.001078,0.001117,0.001239,0.001279,0.001143,0.00112,0.00122,0.001181,0.001105,0.001091,0.001137,0.00113599999999999,0.001091,0.001082,0.001092,0.00107899999999999,0.001068,0.001084,0.001133,0.00104,4.72e-4,4.74e-4,6.66e-4,5.18e-4,6.4e-4,4.26e-4,3.46e-4,3.81e-4,3.71e-4,3.57e-4,3.47e-4,4.95e-4,5.21e-4,3.7e-4,3.75e-4,5.07e-4,4.9699999999999e-4,5.54e-4,5.35e-4,5.5499999999999e-4,4.72e-4,4.7e-4,5.48e-4
SYN_222,mTBI-only,1,No PTSD,0,0,17,31,0,0,0,0,0,31,1,4,2,1,6,6,5,6,5,0.6373489999999999,0.596572,0.428584,0.452111,0.51383,0.602317,0.6399199999999999,0.648253,0.638134,0.653246,0.681633,0.498611,0.5160140000000001,0.625757,0.595737,0.475343,0.439233,0.55989,0.5658350000000001,0.559312,0.595345,0.498455,0.462726,6.7e-4,6.87e-4,7.2e-4,6.77e-4,7.95e-4,6.96e-4,6.5199999999999e-4,6.88e-4,6.6e-4,7.29e-4,7.2e-4,7.11e-4,7.21e-4,6.67e-4,6.67e-4,6.92e-4,6.69e-4,6.91e-4,6.7999999999999e-4,6.98e-4,6.59e-4,7.0199999999999e-4,7.4699999999999e-4,0.001289,0.001222,0.001171,0.001116,0.001358,0.00132,0.001286,0.001285,0.00132899999999999,0.001363,0.0014,0.001182,0.001161,0.001267,0.001191,0.00118,0.001109,0.001165,0.00117,0.001117,0.0012,0.001227,0.00118,3.58e-4,3.99e-4,5.37e-4,4.6399999999999e-4,5.07e-4,4.05e-4,3.67e-4,3.57e-4,3.58e-4,3.72e-4,3.63e-4,4.72e-4,4.53e-4,3.61e-4,3.83e-4,5e-4,5.13e-4,4.05e-4,3.98e-4,4.1799999999999e-4,3.79e-4,5.04e-4,5.03e-4
SYN_223,PTSD-only,0,PTSD,2,NA,20,33,0,0,0,0,1,51,1,5,0,0,5,5,5,8,10,0.601877,0.617771,0.384826,0.400519,0.43094799999999994,0.574268,0.638367,0.6305069999999999,0.625646,0.691629,0.699828,0.5505359999999999,0.48839,0.624428,0.646419,0.42097299999999993,0.425193,0.530095,0.555445,0.547855,0.562519,0.485212,0.44551499999999994,6.63e-4,6.25e-4,7.68e-4,7.4699999999999e-4,8.4e-4,7.3e-4,6.54e-4,6.67e-4,7.0599999999999e-4,6.84e-4,6.81e-4,6.81e-4,7.36e-4,6.53e-4,6.38e-4,6.77e-4,6.97e-4,6.5e-4,6.97e-4,6.81e-4,6.66e-4,6.94e-4,7.69e-4,0.00121,0.001265,0.001107,0.001053,0.00126,0.00133,0.001219,0.001264,0.00126999999999999,0.001161,0.001202,0.001178,0.00113,0.00123699999999999,0.001251,0.00108,0.001159,0.001202,0.001201,0.001159,0.001249,0.001201,0.001208,3.68e-4,3.44e-4,5.6e-4,4.9699999999999e-4,5.45e-4,4.28e-4,3.57e-4,3.74e-4,4.07e-4,3.33e-4,3.25e-4,4.53e-4,4.83e-4,3.6899999999999e-4,3.36e-4,5.07e-4,5.61e-4,4.11e-4,3.88e-4,4.45e-4,3.99e-4,5.18e-4,5.43e-4
SYN_224,Controls,0,No PTSD,0,NA,25,34,0,0,0,0,0,52,2,5,2,1,6,5,5,10,6,0.5887060000000001,0.548279,0.373849,0.373787,0.534679,0.585546,0.6089060000000001,0.627262,0.637675,0.674258,0.6964560000000001,0.496196,0.512875,0.627559,0.605822,0.487905,0.48017,0.5525,0.552489,0.5020720000000001,0.540205,0.457463,0.485102,6.47e-4,6.95e-4,8.1199999999999e-4,7.31e-4,8.2899999999999e-4,7.13e-4,6.57e-4,6.78e-4,6.75e-4,7.14e-4,6.9e-4,6.84e-4,7.0999999999999e-4,6.5e-4,6.32e-4,6.59e-4,7.08e-4,6.73e-4,6.74e-4,7.01e-4,6.71e-4,7.7e-4,7.3799999999999e-4,0.001057,0.001198,0.001073,0.001084,0.001383,0.001282,0.00126,0.00113,0.001334,0.001383,0.001331,0.001186,0.00117699999999999,0.001281,0.001239,9.57e-4,0.00110999999999999,0.001137,0.00116,0.001145,0.001114,0.001234,0.001205,3.91e-4,4.0599999999999e-4,5.8e-4,5.95e-4,4.95e-4,4.25e-4,3.74e-4,3.76e-4,3.64e-4,3.48e-4,3.28e-4,4.63e-4,4.49e-4,3.37e-4,3.89e-4,4.36e-4,5.03e-4,4.0599999999999e-4,4.21e-4,4.61e-4,4.36e-4,5.66e-4,5.11e-4
SYN_225,Comorbid mTBI+PTSD,1,PTSD,0,33,64,34,0,0,0,0,0,34,1,5,5,12,6,8,5,11,7,0.533135,0.523423,0.440359,0.404908,0.4744739999999999,0.602453,0.617598,0.610784,0.625092,0.633434,0.639006,0.546499,0.560802,0.602758,0.5928760000000001,0.517325,0.386901,0.483563,0.484853,0.517515,0.507156,0.432943,0.436293,6.41e-4,6.4e-4,7.01e-4,7.01e-4,8.1e-4,6.6e-4,6.53e-4,6.37e-4,6.87e-4,6.82e-4,5.6e-4,6.17e-4,6.55e-4,6.24e-4,6.29e-4,5.94e-4,7.3e-4,6.87e-4,7.32e-4,6.84e-4,6.45e-4,6.4e-4,7.04e-4,0.001041,0.00109,0.001026,9.72e-4,0.001037,0.001328,0.001234,0.001224,0.001142,0.001142,0.00115,0.001114,0.001025,0.001167,0.001254,0.001097,9.64e-4,0.00101,0.001074,0.001018,0.00116199999999999,0.001022,0.001073,3.85e-4,4.3099999999999e-4,4.82e-4,5.38e-4,4.69e-4,3.44e-4,3.88e-4,3.44e-4,3.84e-4,3.85e-4,3.31e-4,3.94e-4,4.2199999999999e-4,4.12e-4,3.85e-4,4.2e-4,5.44e-4,4.7999999999999e-4,4.61e-4,4.63e-4,4.59e-4,4.68e-4,4.81e-4
SYN_226,Controls,0,No PTSD,0,NA,17,31,0,0,0,0,0,43,1,4,0,0,6,5,5,9,5,0.6981350000000001,0.7198399999999999,0.5249739999999999,0.499508,0.739917,0.772442,0.7092609999999999,0.776718,0.789231,0.794437,0.886086,0.621545,0.66503,0.733362,0.736707,0.635549,0.663154,0.77525,0.6974779999999999,0.659708,0.715295,0.585146,0.593191,6.14e-4,5.96e-4,5.03e-4,5.51e-4,6.69e-4,6.65e-4,5.96e-4,5.4e-4,5.82e-4,6.79e-4,7.91e-4,5.76e-4,6.51e-4,6.59e-4,6.57e-4,5.4e-4,5.38e-4,6.25e-4,6.42e-4,5.95e-4,6.29e-4,6.48e-4,6.3499999999999e-4,0.001217,0.001325,8.89e-4,9.26e-4,0.001731,0.001545,0.001279,0.001198,0.001418,0.001555,0.00186799999999999,0.001313,0.00121,0.001388,0.001405,0.001004,0.001026,0.001309,0.001261,0.00117,0.001199,0.001127,0.00117699999999999,2.75e-4,2.83e-4,3.56e-4,3.3999999999999e-4,2.68e-4,1.94e-4,2.64e-4,1.88e-4,1.81e-4,2.16e-4,1.38e-4,2.69e-4,2.81e-4,2.79e-4,2.58e-4,2.6e-4,3.12e-4,2.64e-4,2.59e-4,3.05e-4,3.01e-4,4.01e-4,4.14e-4
SYN_227,mTBI-only,1,No PTSD,0,13,29,35,0,0,0,0,0,47,1,5,1,8,5,8,5,9,6,0.500268,0.477558,0.37478,0.342223,0.32676,0.550672,0.6023930000000001,0.621217,0.584367,0.598866,0.595217,0.469628,0.48027700000000006,0.559634,0.478678,0.453567,0.45657700000000007,0.42507,0.4588100000000001,0.422601,0.493104,0.432943,0.416411,6.61e-4,7.27e-4,6.73e-4,7.04e-4,9.17e-4,6.95e-4,6.9e-4,6.21e-4,6.19e-4,6.94e-4,6.1299999999999e-4,6.5e-4,6.81e-4,6.78e-4,6.3899999999999e-4,6.74e-4,6.95e-4,7.43e-4,7e-4,6.86e-4,6.77e-4,7.0199999999999e-4,7.12e-4,0.0011,0.001088,9.85e-4,0.001078,0.00106899999999999,0.001191,0.00121099999999999,0.0011,0.001139,0.001223,0.001056,0.001119,0.001086,0.001173,0.001122,0.00106,0.001071,0.001119,0.001102,0.001084,0.001101,0.00107,0.001098,4.17e-4,4.74e-4,5.07e-4,5.89e-4,7.04e-4,4.3499999999999e-4,3.96e-4,3.64e-4,3.91e-4,4.08e-4,3.71e-4,5.16e-4,4.5599999999999e-4,4.03e-4,4.15e-4,4.7699999999999e-4,5.0599999999999e-4,5.25e-4,4.86e-4,5.22e-4,4.43e-4,4.99e-4,5.46e-4
SYN_228,mTBI-only,1,No PTSD,0,0,18,37,0,0,0,0,0,20,1,5,4,0,9,5,5,11,6,0.628513,0.6159720000000001,0.38891,0.439741,0.566529,0.636124,0.654094,0.654929,0.664389,0.685357,0.679054,0.523247,0.5471159999999999,0.59285,0.660212,0.41439,0.47316099999999994,0.642371,0.577044,0.622888,0.556233,0.496497,0.431376,6.45e-4,6.59e-4,7.34e-4,6.96e-4,8.1199999999999e-4,6.47e-4,6.46e-4,7.0999999999999e-4,6.9e-4,7.0199999999999e-4,7.03e-4,6.86e-4,7.19e-4,6.74e-4,5.98e-4,7.12e-4,6.61e-4,6.43e-4,6.76e-4,7.05e-4,6.68e-4,7.7e-4,7.84e-4,0.001243,0.001206,0.001108,0.001132,0.001301,0.001336,0.00135,0.001351,0.001353,0.001489,0.001483,0.001247,0.001182,0.001234,0.001259,0.001085,0.00105,0.001157,0.00125,0.001242,0.00113,0.00115399999999999,0.001156,3.5e-4,3.6899999999999e-4,5.57e-4,4.96e-4,4.39e-4,3.73e-4,3.45e-4,3.41e-4,3.61e-4,3.2599999999999e-4,3.5299999999999e-4,4.42e-4,4.52e-4,3.92e-4,3.21e-4,5.09e-4,4.78e-4,3.23e-4,3.83e-4,3.7e-4,4.46e-4,4.94e-4,5.72e-4
SYN_229,mTBI-only,1,No PTSD,2,15,18,49,0,0,0,0,0,27,1,5,12,1,11,5,5,13,9,0.534269,0.54183,0.393075,0.3747,0.333447,0.585997,0.590348,0.597017,0.598097,0.664251,0.624981,0.519984,0.5092939999999999,0.590454,0.605595,0.485001,0.5085930000000001,0.511919,0.47229799999999994,0.4765970000000001,0.506463,0.471462,0.371924,6.7e-4,6.21e-4,6.73e-4,7.18e-4,6.83e-4,6.99e-4,6.7e-4,5.94e-4,6.5199999999999e-4,5.89e-4,6.09e-4,6.48e-4,6.55e-4,6.67e-4,5.91e-4,6.15e-4,6.5e-4,6.27e-4,6.75e-4,6.61e-4,6.55e-4,6.63e-4,6.61e-4,0.001097,0.001027,9.63e-4,0.001025,0.001135,0.001248,0.00124,0.001093,0.001139,0.001276,0.00110999999999999,0.001206,0.001122,0.001144,0.001141,9.83e-4,0.00108699999999999,0.001068,0.001074,0.001099,0.001093,0.001073,0.001093,3.98e-4,4.19e-4,5.74e-4,5.33e-4,5.71e-4,4.07e-4,4.13e-4,3.88e-4,3.5499999999999e-4,3.61e-4,3.5499999999999e-4,4.1799999999999e-4,4.15e-4,4.07e-4,3.75e-4,4.2e-4,4.13e-4,4.53e-4,4.65e-4,4.68e-4,4.39e-4,4.7e-4,5.58e-4
SYN_230,mTBI-only,1,No PTSD,0,0,17,29,0,0,0,0,0,26,1,5,16,0,5,9,5,5,5,0.6436850000000001,0.624699,0.41538500000000006,0.410417,0.511258,0.6302260000000001,0.665651,0.673037,0.658885,0.6618689999999999,0.672729,0.5656640000000001,0.550851,0.667884,0.703608,0.452962,0.49619,0.602016,0.60958,0.608875,0.555575,0.557767,0.544763,6.24e-4,6.71e-4,6.85e-4,7.28e-4,8.08e-4,6.9299999999999e-4,6.53e-4,6.53e-4,6.82e-4,6.37e-4,7.25e-4,7.0599999999999e-4,6.54e-4,7.09e-4,6.09e-4,6.77e-4,6.5199999999999e-4,6.5e-4,6.3e-4,6.85e-4,6.85e-4,6.75e-4,6.72e-4,0.001254,0.001191,0.001119,9.82e-4,0.001279,0.001372,0.001281,0.001334,0.0013,0.00141999999999999,0.00135,0.001182,0.001189,0.00126199999999999,0.001185,0.001053,0.001164,0.001192,0.001223,0.00123699999999999,0.001158,0.00127799999999999,0.00122599999999999,3.34e-4,3.65e-4,5.2699999999999e-4,5.25e-4,4.52e-4,3.61e-4,3.2e-4,3.06e-4,3.65e-4,3.43e-4,3.54e-4,3.89e-4,4.44e-4,3.08e-4,2.92e-4,4.71e-4,4.5599999999999e-4,3.8199999999999e-4,3.59e-4,3.81e-4,4.4e-4,4.6399999999999e-4,4.74e-4
SYN_231,mTBI-only,1,No PTSD,0,18,44,25,0,0,0,0,0,52,2,5,1,7,5,5,5,5,5,0.600298,0.590899,0.379126,0.40691,0.534679,0.599681,0.629911,0.636138,0.6425109999999999,0.67028,0.662726,0.47963199999999995,0.5357729999999999,0.608928,0.585721,0.413004,0.425372,0.572383,0.588753,0.5956600000000001,0.540886,0.453518,0.47697,6.43e-4,6.3899999999999e-4,7.22e-4,7.42e-4,8e-4,7.3799999999999e-4,6.76e-4,6.88e-4,6.75e-4,7.15e-4,7.15e-4,6.83e-4,6.69e-4,6.7999999999999e-4,6.87e-4,7.23e-4,6.95e-4,6.48e-4,6.87e-4,6.6e-4,6.82e-4,8.02e-4,7.44e-4,0.001227,0.001186,0.001085,0.001058,0.001373,0.001306,0.00129799999999999,0.00122899999999999,0.001339,0.001401,0.001397,0.00122599999999999,0.00112799999999999,0.001314,0.001198,0.001091,0.001115,0.00125,0.001207,0.001233,0.00106,0.001301,0.001172,3.86e-4,3.71e-4,5.57e-4,5.43e-4,5.02e-4,4.15e-4,3.6e-4,3.72e-4,3.65e-4,3.5099999999999e-4,3.62e-4,4.65e-4,4.5599999999999e-4,4.12e-4,3.62e-4,5.75e-4,5.17e-4,4.2e-4,3.7799999999999e-4,3.94e-4,4.44e-4,5.54e-4,5.46e-4
SYN_232,Controls,0,No PTSD,0,NA,36,34,0,0,0,0,0,35,2,4,24,0,5,9,5,11,7,0.5829,0.5907859999999999,0.380884,0.40371,0.502725,0.582255,0.600405,0.616681,0.576912,0.612722,0.61587,0.495933,0.535929,0.601863,0.575348,0.532721,0.492474,0.539574,0.484853,0.57933,0.495181,0.4401739999999999,0.41534799999999994,6.83e-4,6.74e-4,7.54e-4,7.4699999999999e-4,7.69e-4,7.19e-4,6.87e-4,6.75e-4,8.25e-4,7.21e-4,7.16e-4,7.55e-4,6.99e-4,6.5199999999999e-4,5.74e-4,6.45e-4,6.23e-4,6.27e-4,6.86e-4,6.65e-4,7.11e-4,7.35e-4,7.91e-4,0.00121099999999999,0.001242,0.001153,0.001112,0.001347,0.001138,0.001281,0.001273,0.001341,0.001365,0.001382,0.001204,0.001259,0.001212,0.001171,0.001259,0.0011,0.001158,0.00117699999999999,0.00113599999999999,0.001187,0.001251,0.001233,3.73e-4,3.86e-4,6.05e-4,5e-4,5.24e-4,4.15e-4,3.92e-4,3.91e-4,4.34e-4,3.83e-4,3.95e-4,5.02e-4,4.4e-4,4.0899999999999e-4,3.64e-4,4.16e-4,4.6699999999999e-4,4.44e-4,4.88e-4,4.12e-4,4.49e-4,5.79e-4,5.2699999999999e-4
SYN_233,Controls,0,No PTSD,0,NA,18,29,0,0,0,0,0,48,2,4,2,1,5,5,5,7,5,0.583575,0.5537989999999999,0.339624,0.410853,0.496646,0.5702020000000001,0.534121,0.61222,0.606359,0.661,0.656974,0.5102869999999999,0.491173,0.6062890000000001,0.610174,0.433986,0.432331,0.472882,0.513219,0.5500149999999999,0.516911,0.47166099999999994,0.468691,6.68e-4,6.7e-4,7.57e-4,7.42e-4,7.5999999999999e-4,5.89e-4,7.07e-4,6.66e-4,6.92e-4,7.14e-4,7.21e-4,7.13e-4,7.09e-4,6.11e-4,6.29e-4,7.26e-4,7.08e-4,6.7999999999999e-4,6.67e-4,6.77e-4,7.26e-4,7.9e-4,7.4699999999999e-4,0.001241,0.001186,0.001121,0.001106,0.001343,0.001265,0.001256,0.001299,0.001342,0.001493,0.001415,0.001114,0.001139,0.001232,0.001287,0.001058,0.001085,0.001198,0.001135,0.001185,0.001165,0.001263,0.00119,3.77e-4,4.28e-4,6.03e-4,5.36e-4,5.49e-4,4.42e-4,4.62e-4,3.96e-4,3.71e-4,3.57e-4,3.32e-4,5.33e-4,5.11e-4,3.92e-4,3.72e-4,5.02e-4,5.34e-4,4.7999999999999e-4,4.58e-4,4.17e-4,4.5e-4,4.96e-4,5.38e-4
SYN_234,Controls,0,No PTSD,2,0,18,53,1,0,1,0,0,24,2,5,3,1,15,8,15,9,7,0.594427,0.527059,0.413469,0.406931,0.489048,0.574824,0.610907,0.623792,0.643069,0.661521,0.647686,0.488673,0.508659,0.5724090000000001,0.552956,0.407134,0.432179,0.555858,0.522354,0.554759,0.546628,0.534496,0.518367,6.92e-4,6.76e-4,7.45e-4,7.26e-4,7.7e-4,6.97e-4,6.86e-4,6.3899999999999e-4,6.81e-4,7.0599999999999e-4,7.46e-4,7.37e-4,7.15e-4,7.08e-4,6.87e-4,7.17e-4,6.58e-4,6.3499999999999e-4,6.62e-4,7.01e-4,6.72e-4,7.74e-4,6.5e-4,0.00125199999999999,0.001182,0.00115399999999999,0.001102,0.001217,0.00119499999999999,0.00131899999999999,0.001277,0.001346,0.001348,0.0014,0.001089,0.001161,0.00122,0.001256,0.001101,0.001141,0.001193,0.001188,0.00119,0.001179,0.00119,0.00124,3.93e-4,4.5e-4,5.46e-4,5.75e-4,5.75e-4,4.15e-4,3.74e-4,3.76e-4,3.68e-4,3.64e-4,3.31e-4,4.72e-4,4.23e-4,4.28e-4,4.2e-4,5.43e-4,5.15e-4,4.4e-4,4.49e-4,4.3e-4,4.3799999999999e-4,4.88e-4,4.7e-4
SYN_235,mTBI-only,1,No PTSD,0,0,17,26,0,0,0,0,0,37,1,5,0,0,5,6,5,5,5,0.604466,0.586603,0.424275,0.454643,0.516487,0.598673,0.619213,0.6440600000000001,0.6249319999999999,0.669913,0.660821,0.498611,0.551917,0.6058819999999999,0.668299,0.45373500000000005,0.4876720000000001,0.548027,0.534954,0.559312,0.572896,0.44896099999999994,0.502558,6.88e-4,7.08e-4,7.7e-4,7.17e-4,7.97e-4,7.25e-4,7.3799999999999e-4,6.85e-4,6.96e-4,7.17e-4,7.28e-4,7.35e-4,7.21e-4,6.47e-4,6.38e-4,7.0199999999999e-4,6.9e-4,6.67e-4,6.69e-4,6.78e-4,6.5e-4,8.05e-4,7.75e-4,0.001253,0.00118,0.001155,0.001132,0.001245,0.001315,0.001253,0.00133,0.001457,0.00144,0.001401,0.001223,0.00124,0.001299,0.00125199999999999,0.001142,0.001063,0.001227,0.001216,0.001221,0.001126,0.001208,0.001146,3.7799999999999e-4,3.95e-4,5.73e-4,5.0599999999999e-4,5.16e-4,3.96e-4,3.97e-4,3.65e-4,4.01e-4,3.46e-4,3.76e-4,4.69e-4,4.39e-4,3.62e-4,3.42e-4,5.11e-4,4.6399999999999e-4,4.4e-4,4.2699999999999e-4,4.13e-4,4.0899999999999e-4,5.67e-4,4.99e-4
SYN_236,mTBI-only,1,No PTSD,0,0,17,26,0,0,0,0,0,31,1,5,10,0,6,5,5,5,5,0.672563,0.6255189999999999,0.422488,0.42138100000000006,0.56217,0.630474,0.666912,0.677633,0.675298,0.699029,0.7056359999999999,0.5662550000000001,0.5517310000000001,0.654828,0.682082,0.4644279999999999,0.47942299999999993,0.600001,0.61941,0.590708,0.555575,0.5060720000000001,0.529612,6.46e-4,6.41e-4,7.68e-4,7.27e-4,7.59e-4,6.9299999999999e-4,6.78e-4,6.65e-4,6.66e-4,6.6e-4,6.81e-4,6.74e-4,6.45e-4,6.51e-4,6.33e-4,6.75e-4,6.4899999999999e-4,6.5e-4,6.3e-4,6.63e-4,7.03e-4,7.36e-4,7.3799999999999e-4,0.00123699999999999,0.001181,0.001153,0.001053,0.00129,0.001283,0.00134,0.001288,0.001356,0.00141199999999999,0.001434,0.001242,0.001193,0.001247,0.001189,0.00107,0.001056,0.001218,0.00121,0.001235,0.001102,0.001264,0.001156,3.19e-4,3.59e-4,5.45e-4,5.13e-4,4.48e-4,3.6899999999999e-4,3.37e-4,3.09e-4,3.31e-4,3.21e-4,3.21e-4,3.9e-4,4.44e-4,3.49e-4,3.15e-4,4.94e-4,4.98e-4,3.66e-4,3.76e-4,3.9e-4,4.08e-4,4.68e-4,4.45e-4
SYN_237,mTBI-only,1,No PTSD,0,0,17,31,0,0,0,0,0,26,2,5,2,0,5,6,5,5,9,0.630087,0.622108,0.420914,0.448985,0.53583,0.626627,0.632847,0.625654,0.634896,0.691629,0.7017720000000001,0.5434439999999999,0.558912,0.671385,0.675143,0.44783,0.475026,0.579832,0.5468609999999999,0.614507,0.558904,0.471006,0.47697,6.28e-4,6.29e-4,7.44e-4,6.99e-4,7.37e-4,7.34e-4,7.01e-4,7.01e-4,6.7999999999999e-4,6.57e-4,7.0199999999999e-4,6.77e-4,7.24e-4,6.4899999999999e-4,6.41e-4,6.99e-4,7.24e-4,6.67e-4,6.51e-4,6.51e-4,6.64e-4,7.5e-4,7.22e-4,0.001194,0.001222,0.001169,0.001094,0.001306,0.00133,0.001324,0.001287,0.00133699999999999,0.001423,0.00149,0.001213,0.001147,0.001327,0.00122,0.001103,0.001108,0.001271,0.001215,0.001219,0.001225,0.001324,0.001265,3.45e-4,3.46e-4,5.36e-4,5.17e-4,4.93e-4,3.8199999999999e-4,3.73e-4,3.72e-4,3.76e-4,3.36e-4,3.21e-4,3.9e-4,4.25e-4,3.14e-4,3.06e-4,4.95e-4,4.81e-4,4.14e-4,4.14e-4,3.65e-4,3.96e-4,5.61e-4,5.21e-4
SYN_238,mTBI-only,1,No PTSD,0,23,56,31,0,0,0,0,0,32,1,5,13,13,5,7,5,8,5,0.622644,0.604008,0.362442,0.382027,0.517177,0.594837,0.6252800000000001,0.647405,0.610055,0.679678,0.68843,0.508683,0.5219020000000001,0.632038,0.620703,0.485001,0.453708,0.569167,0.571014,0.5765520000000001,0.554783,0.453304,0.446697,6.64e-4,6.61e-4,7.89e-4,7.5999999999999e-4,8.81e-4,7.03e-4,6.92e-4,6.61e-4,6.95e-4,6.94e-4,7.07e-4,6.98e-4,7.03e-4,6.6e-4,6.71e-4,6.82e-4,6.85e-4,6.4899999999999e-4,6.87e-4,7.01e-4,6.85e-4,8.38e-4,7.27e-4,0.001236,0.001209,0.001102,0.001092,0.001373,0.001283,0.00129,0.001338,0.001397,0.001418,0.00143,0.001142,0.001193,0.001281,0.001204,0.001084,0.00107899999999999,0.001219,0.00117,0.001201,0.001249,0.001232,0.001187,3.71e-4,3.8199999999999e-4,5.88e-4,5.84e-4,5.26e-4,4.12e-4,3.91e-4,3.72e-4,4.0199999999999e-4,3.5499999999999e-4,3.46e-4,4.61e-4,4.26e-4,3.67e-4,3.67e-4,4.36e-4,5.03e-4,4.2699999999999e-4,4.3099999999999e-4,3.94e-4,4.1799999999999e-4,5.41e-4,5.3e-4
SYN_239,mTBI-only,1,No PTSD,0,35,37,37,0,0,0,0,0,44,1,5,2,5,7,5,5,9,6,0.617047,0.594417,0.380589,0.412926,0.505273,0.602453,0.6512399999999999,0.645776,0.648172,0.6761159999999999,0.687052,0.525799,0.5263770000000001,0.560658,0.566823,0.426494,0.449171,0.587194,0.5824560000000001,0.599076,0.5324260000000001,0.531724,0.511778,6.58e-4,6.44e-4,7.4699999999999e-4,7.08e-4,8e-4,6.24e-4,6.58e-4,6.7e-4,6.65e-4,6.77e-4,7.0199999999999e-4,6.92e-4,6.79e-4,6.83e-4,7.13e-4,7.21e-4,6.95e-4,6.46e-4,6.45e-4,6.74e-4,6.5199999999999e-4,6.81e-4,6.12e-4,0.001232,0.001155,0.001038,0.001097,0.001276,0.00119499999999999,0.001241,0.001299,0.001316,0.001407,0.001496,0.001092,0.00122,0.001188,0.001248,0.001089,0.001123,0.001175,0.001118,0.001241,0.001113,0.001193,0.001353,3.91e-4,3.94e-4,5.61e-4,5.26e-4,4.92e-4,4.01e-4,3.45e-4,3.52e-4,3.59e-4,3.48e-4,3.43e-4,4.14e-4,4.52e-4,4.1e-4,4.04e-4,5.23e-4,5.3e-4,3.74e-4,3.94e-4,3.93e-4,4.33e-4,4.4699999999999e-4,4.7599999999999e-4
SYN_240,mTBI-only,1,No PTSD,0,2,22,25,0,0,0,0,0,23,2,5,8,0,5,5,5,5,5,0.578708,0.591394,0.460847,0.460671,0.585713,0.615416,0.637625,0.644944,0.6130399999999999,0.6082350000000001,0.608491,0.547847,0.56067,0.5508069999999999,0.592324,0.507835,0.464552,0.5615720000000001,0.48885,0.585242,0.536805,0.488839,0.488259,6.64e-4,6.65e-4,7.35e-4,7.26e-4,7.55e-4,6.24e-4,6.63e-4,6.78e-4,7.29e-4,7.19e-4,7.79e-4,6.3e-4,6.73e-4,6.46e-4,6.56e-4,5.6e-4,7.08e-4,6.83e-4,7.0599999999999e-4,6.7999999999999e-4,7.05e-4,6.91e-4,7.32e-4,0.001259,0.001164,0.001137,0.00115,0.001276,0.001093,0.0013,0.001297,0.001362,0.001371,0.001438,0.00117,0.001238,0.001235,0.001214,0.001164,0.001066,0.001207,0.001102,0.00129799999999999,0.001216,0.001201,0.001103,3.87e-4,4.11e-4,4.82e-4,4.87e-4,4.28e-4,3.7e-4,3.7e-4,3.2e-4,3.43e-4,3.54e-4,3.97e-4,4.46e-4,4.24e-4,4.3799999999999e-4,3.92e-4,4.26e-4,4.92e-4,4.11e-4,4.62e-4,4e-4,4.6399999999999e-4,5.19e-4,5.13e-4
SYN_241,Controls,0,No PTSD,0,NA,17,27,0,0,0,0,0,50,2,5,1,0,5,6,5,5,5,0.59522,0.532597,0.360994,0.357101,0.389779,0.579892,0.658632,0.637342,0.5911649999999999,0.656668,0.67719,0.5595640000000001,0.52485,0.52167,0.572723,0.384496,0.398726,0.572383,0.5170520000000001,0.5496949999999999,0.574083,0.49891,0.514009,6.3099999999999e-4,6.24e-4,7.89e-4,7.73e-4,6.98e-4,5.94e-4,6e-4,6.64e-4,7.43e-4,7.16e-4,7.04e-4,6.76e-4,6.79e-4,6.23e-4,6.88e-4,7.08e-4,7.04e-4,6.57e-4,6.27e-4,6.81e-4,6.84e-4,7.04e-4,6.5e-4,0.00121,0.001201,0.00106,0.001058,0.001239,0.001342,0.001197,0.001134,0.001117,0.001407,0.001452,0.001219,0.001143,0.001188,0.001232,0.001099,0.00116,0.001198,0.001179,0.001176,0.00127,0.001193,0.001201,3.68e-4,4.5099999999999e-4,5.87e-4,5.9e-4,6.3e-4,4.43e-4,3.14e-4,3.71e-4,4.19e-4,3.84e-4,3.63e-4,4.3e-4,4.25e-4,4.34e-4,4.65e-4,5.43e-4,5.5499999999999e-4,3.5499999999999e-4,4.58e-4,3.7999999999999e-4,4.21e-4,4.87e-4,4.78e-4
SYN_242,mTBI-only,1,No PTSD,2,22,20,85,1,1,0,1,1,34,1,5,6,4,16,12,5,17,20,0.674722,0.653868,0.432569,0.43480699999999994,0.5647810000000001,0.637572,0.689338,0.6647069999999999,0.661249,0.693244,0.705608,0.534885,0.580151,0.586481,0.635564,0.433003,0.473376,0.619954,0.6246659999999999,0.629251,0.616053,0.536625,0.502047,6.2e-4,6.06e-4,7.15e-4,6.66e-4,7.88e-4,6.72e-4,6.5e-4,6.48e-4,6.78e-4,6.77e-4,6.8899999999999e-4,6.95e-4,6.44e-4,6.83e-4,6.03e-4,7.05e-4,6.18e-4,6.4899999999999e-4,6.2199999999999e-4,6.2599999999999e-4,6.65e-4,7.09e-4,6.87e-4,0.001196,0.001243,0.0011,0.001088,0.001213,0.00131899999999999,0.001287,0.00133699999999999,0.001349,0.001332,0.001312,0.00116199999999999,0.00114,0.001198,0.001209,0.001033,0.00109,0.00125,0.001187,0.00122599999999999,0.001132,0.00116,0.001185,3.24e-4,3.27e-4,5.53e-4,4.5099999999999e-4,4.16e-4,3.47e-4,3.35e-4,3.48e-4,3.65e-4,3.2599999999999e-4,3.16e-4,4.4699999999999e-4,4.08e-4,3.93e-4,3.41e-4,5.11e-4,4.7699999999999e-4,3.63e-4,3.5499999999999e-4,3.7e-4,3.6e-4,4.53e-4,4.36e-4
SYN_243,Controls,0,No PTSD,0,NA,29,34,0,0,0,0,0,52,2,3,2,5,9,9,5,5,7,0.6271770000000001,0.588363,0.4564760000000001,0.421509,0.499838,0.593362,0.641138,0.628892,0.638134,0.688758,0.6915720000000001,0.5371630000000001,0.5247850000000001,0.636919,0.694156,0.483042,0.493577,0.58622,0.555445,0.603839,0.544718,0.500674,0.476795,6.53e-4,6.71e-4,7.0999999999999e-4,7.22e-4,7.94e-4,7.52e-4,6.81e-4,6.7999999999999e-4,6.68e-4,6.65e-4,7.18e-4,6.55e-4,6.11e-4,6.64e-4,6.38e-4,6.48e-4,7.08e-4,6.62e-4,6.54e-4,6.99e-4,6.82e-4,7.4e-4,7.34e-4,0.00123,0.001216,0.001106,0.001084,0.001358,0.001366,0.001276,0.001275,0.001353,0.001367,0.001415,0.001118,0.001241,0.001265,0.001272,0.001148,0.001104,0.001198,0.001158,0.001238,0.001138,0.001138,0.001214,3.5e-4,3.79e-4,4.9e-4,5.36e-4,5.47e-4,4.19e-4,3.5299999999999e-4,3.76e-4,3.65e-4,3.27e-4,3.33e-4,4.28e-4,4.61e-4,3.96e-4,2.8e-4,4.7599999999999e-4,4.68e-4,3.7999999999999e-4,3.95e-4,3.8199999999999e-4,4.33e-4,4.8499999999999e-4,5.15e-4
SYN_244,PTSD-only,0,PTSD,0,2,44,41,0,0,0,0,0,56,2,4,2,5,8,6,5,10,6,0.6524449999999999,0.625842,0.436084,0.474982,0.5655140000000001,0.623913,0.656904,0.6558930000000001,0.659768,0.687133,0.682127,0.534863,0.535235,0.6408159999999999,0.6344479999999999,0.464913,0.434652,0.584968,0.558963,0.583873,0.599646,0.489324,0.5091760000000001,6.36e-4,6.9e-4,7.2e-4,6.84e-4,7.16e-4,6.78e-4,6.61e-4,6.69e-4,6.8899999999999e-4,6.72e-4,6.66e-4,6.7999999999999e-4,7.0599999999999e-4,6.37e-4,6.5e-4,6.76e-4,6.69e-4,6.92e-4,6.5199999999999e-4,7e-4,6.57e-4,6.92e-4,7.42e-4,0.001228,0.001168,0.001103,0.00115399999999999,0.001343,0.001266,0.001287,0.00122899999999999,0.001306,0.001376,0.001373,0.001206,0.001116,0.001246,0.001255,0.001035,0.00105399999999999,0.00123699999999999,0.00122,0.00122,0.001186,0.001256,0.001131,3.29e-4,3.45e-4,5.29e-4,4.83e-4,4.36e-4,3.8199999999999e-4,3.28e-4,3.45e-4,3.45e-4,3.31e-4,3.35e-4,4.41e-4,4.52e-4,3.56e-4,3.43e-4,4.7e-4,5.08e-4,4.19e-4,4.0599999999999e-4,4.26e-4,3.7e-4,5e-4,4.83e-4
SYN_245,Controls,0,No PTSD,0,NA,30,25,0,0,0,0,0,52,1,5,2,9,5,5,5,5,5,0.6271770000000001,0.619575,0.357508,0.404705,0.5073850000000001,0.578414,0.612582,0.609347,0.5957859999999999,0.647242,0.656974,0.533959,0.492169,0.608029,0.638462,0.466786,0.41131899999999993,0.53817,0.561319,0.518239,0.589486,0.479062,0.460812,6.46e-4,6.41e-4,7.55e-4,7.29e-4,7.74e-4,7.18e-4,6.75e-4,7.04e-4,6.9299999999999e-4,6.96e-4,7.18e-4,7.13e-4,7.22e-4,6.67e-4,6.53e-4,7.04e-4,7.07e-4,7.03e-4,6.3499999999999e-4,6.9e-4,7.0199999999999e-4,7.62e-4,7.44e-4,0.001189,0.001218,0.0011,0.001077,0.00128,0.00131099999999999,0.001292,0.001325,0.001413,0.001426,0.001422,0.001185,0.001191,0.00122899999999999,0.001197,0.00106899999999999,0.001119,0.001224,0.001176,0.001282,0.001241,0.001179,0.001174,3.54e-4,3.52e-4,6.44e-4,5.42e-4,5.35e-4,4.36e-4,3.79e-4,3.8199999999999e-4,4.3e-4,3.7e-4,3.81e-4,4.7999999999999e-4,4.89e-4,3.92e-4,3.5299999999999e-4,4.88e-4,5.47e-4,4.46e-4,4.25e-4,4.28e-4,3.49e-4,5.4e-4,5.38e-4
SYN_246,mTBI-only,1,No PTSD,0,0,17,25,0,0,0,0,0,21,1,5,12,2,5,5,5,5,5,0.625109,0.5734090000000001,0.35018499999999997,0.405206,0.559523,0.620859,0.6027399999999999,0.589171,0.5869260000000001,0.659251,0.6593939999999999,0.492379,0.532928,0.653411,0.664199,0.549172,0.434454,0.557822,0.565851,0.5621520000000001,0.573109,0.5147609999999999,0.492933,6.7999999999999e-4,6.83e-4,8.02e-4,7.39e-4,7.67e-4,7.28e-4,6.6e-4,7.57e-4,6.77e-4,6.92e-4,7.26e-4,7e-4,7.04e-4,7.0599999999999e-4,6.51e-4,6.71e-4,6.91e-4,7.12e-4,6.86e-4,6.83e-4,6.99e-4,7.95e-4,7.53e-4,0.001303,0.001197,0.0011,0.001099,0.001303,0.001305,0.00147,0.001303,0.001406,0.001392,0.001418,0.001202,0.001221,0.00133699999999999,0.001301,0.001202,0.001076,0.001227,0.001225,0.001282,0.001227,0.001254,0.00123,3.7e-4,4.19e-4,6.45e-4,5.44e-4,4.69e-4,4.12e-4,4e-4,4.08e-4,4.14e-4,4.04e-4,3.7e-4,4.88e-4,4.68e-4,3.5099999999999e-4,3.42e-4,4.5e-4,5.22e-4,4.08e-4,4.11e-4,4.32e-4,4.23e-4,4.83e-4,5.11e-4
SYN_247,Comorbid mTBI+PTSD,1,PTSD,2,28,40,40,0,0,1,0,0,31,2,4,15,10,7,7,21,11,7,0.605072,0.599015,0.400019,0.410551,0.514858,0.6032649999999999,0.653714,0.65996,0.637487,0.667466,0.670489,0.524287,0.492275,0.617983,0.627837,0.514008,0.488245,0.601218,0.553784,0.582314,0.5965239999999999,0.472485,0.508525,6.59e-4,6.5e-4,7.5099999999999e-4,7.3799999999999e-4,7.55e-4,6.83e-4,6.51e-4,6.74e-4,7.05e-4,7.19e-4,7.2e-4,7.01e-4,6.8899999999999e-4,6.62e-4,6.63e-4,6.78e-4,7.0999999999999e-4,6.65e-4,6.54e-4,6.88e-4,6.47e-4,7.86e-4,7.51e-4,0.00121099999999999,0.001196,0.001115,0.00113599999999999,0.001316,0.001349,0.00126199999999999,0.001294,0.001279,0.001397,0.00139,0.001258,0.001232,0.001299,0.001224,0.001104,0.00112,0.00113,0.001227,0.001236,0.001243,0.001176,0.001186,3.68e-4,3.81e-4,5.49e-4,5.56e-4,5.29e-4,4.12e-4,3.36e-4,3.2599999999999e-4,3.59e-4,3.52e-4,3.52e-4,4.52e-4,4.4699999999999e-4,3.71e-4,3.5e-4,4.33e-4,4.73e-4,3.72e-4,3.99e-4,4.08e-4,3.92e-4,5.37e-4,4.3799999999999e-4
SYN_248,mTBI-only,1,No PTSD,2,5,21,41,0,0,0,0,0,30,1,5,3,2,7,7,5,10,5,0.675613,0.692338,0.547144,0.536014,0.7166100000000001,0.764875,0.742859,0.7747029999999999,0.787557,0.784808,0.851701,0.647646,0.6687420000000001,0.705835,0.7504529999999999,0.632517,0.642999,0.698459,0.664682,0.674291,0.6424890000000001,0.574178,0.596749,5.95e-4,6.24e-4,5.4e-4,5.22e-4,8.05e-4,5.91e-4,6.05e-4,5.49e-4,5.62e-4,6.36e-4,7.31e-4,6.61e-4,6.25e-4,6.45e-4,5.88e-4,6.73e-4,5.38e-4,6.42e-4,6.78e-4,5.98e-4,6.46e-4,6.4e-4,6.01e-4,0.001258,0.001172,9.52e-4,9.23e-4,0.001544,0.001452,0.001198,0.001246,0.001266,0.001603,0.001994,0.001249,0.00126199999999999,0.00149,0.001357,0.00109,0.001088,0.001281,0.001354,0.001223,0.001109,0.001174,0.00119499999999999,3.02e-4,2.43e-4,3.86e-4,3.45e-4,2.75e-4,1.99e-4,2.42e-4,2.02e-4,1.99e-4,2.15e-4,1.68e-4,3.39e-4,2.81e-4,3.09e-4,2.17e-4,2.75e-4,2.88e-4,2.73e-4,3e-4,3.12e-4,3.32e-4,4.14e-4,3.6e-4
SYN_249,Controls,0,No PTSD,0,NA,21,27,0,0,0,0,0,47,1,5,2,1,5,5,5,7,5,0.6057560000000001,0.561682,0.39609,0.355675,0.506524,0.567801,0.6149600000000001,0.631163,0.65557,0.666671,0.6990069999999999,0.529837,0.512055,0.596542,0.592939,0.45673100000000005,0.448405,0.5525,0.522354,0.570471,0.558689,0.495454,0.514009,6.58e-4,6.42e-4,7.73e-4,7.73e-4,7.39e-4,7.29e-4,6.75e-4,6.68e-4,6.59e-4,6.77e-4,7.09e-4,7.32e-4,7.32e-4,6.84e-4,6.67e-4,7.29e-4,7.07e-4,6.46e-4,6.71e-4,6.73e-4,6.68e-4,7.33e-4,7.21e-4,0.00126,0.001181,0.00109,0.001091,0.001256,0.001277,0.001346,0.001334,0.001344,0.001451,0.00147,0.00123699999999999,0.00123699999999999,0.001327,0.001248,0.001099,0.001124,0.001134,0.001123,0.001232,0.001182,0.00122899999999999,0.001105,3.5e-4,4.08e-4,5.61e-4,6.2599999999999e-4,5.41e-4,4.54e-4,3.9e-4,3.93e-4,3.5499999999999e-4,3.57e-4,3.22e-4,4.5099999999999e-4,4.7599999999999e-4,4.16e-4,3.85e-4,5.0599999999999e-4,5.11e-4,4.12e-4,4.45e-4,4.23e-4,4.19e-4,5.2e-4,4.55e-4
SYN_250,Comorbid mTBI+PTSD,1,PTSD,2,24,58,115,1,1,1,1,0,49,2,5,31,12,25,25,21,22,9,0.607425,0.602671,0.38607,0.386575,0.521187,0.557417,0.601892,0.624831,0.627308,0.649176,0.647686,0.509696,0.505973,0.5881270000000001,0.6295649999999999,0.387741,0.474159,0.5274949999999999,0.512682,0.589545,0.599773,0.472259,0.481066,6.62e-4,6.4e-4,7.45e-4,7.13e-4,7.14e-4,7.4e-4,6.69e-4,6.78e-4,6.78e-4,7.18e-4,7.46e-4,7.3799999999999e-4,7.18e-4,6.67e-4,6.58e-4,6.99e-4,6.7999999999999e-4,6.53e-4,6.58e-4,6.7999999999999e-4,6.63e-4,7.35e-4,7.27e-4,0.00123,0.001181,0.00113,0.001082,0.001338,0.001349,0.001264,0.001243,0.00132,0.001336,0.001413,0.001204,0.001208,0.001248,0.00122599999999999,0.001056,0.001123,0.001196,0.00117699999999999,0.001216,0.0012,0.001122,0.00115399999999999,3.77e-4,3.83e-4,5.53e-4,5.58e-4,5.29e-4,4.74e-4,3.89e-4,3.76e-4,3.7999999999999e-4,3.59e-4,3.97e-4,4.44e-4,4.71e-4,4.1799999999999e-4,3.52e-4,5.36e-4,4.68e-4,4.39e-4,4.45e-4,4.2e-4,4.03e-4,5.1399999999999e-4,4.36e-4
SYN_251,mTBI-only,1,No PTSD,0,2,17,26,0,0,0,0,0,31,2,5,4,0,5,6,5,5,5,0.61715,0.548878,0.393075,0.407479,0.5014609999999999,0.579872,0.611363,0.595286,0.581314,0.658207,0.636151,0.533949,0.526595,0.5857359999999999,0.604869,0.535614,0.507949,0.5717939999999999,0.54352,0.585109,0.556371,0.47166099999999994,0.497429,6.76e-4,7e-4,7.61e-4,7.42e-4,8.07e-4,7.0599999999999e-4,6.72e-4,7.73e-4,7.36e-4,6.96e-4,7.22e-4,7.55e-4,6.74e-4,6.8899999999999e-4,6.74e-4,6.43e-4,6.96e-4,6.47e-4,6.78e-4,6.9e-4,7.13e-4,7.79e-4,7.49e-4,0.001207,0.001198,0.001209,0.001153,0.001299,0.001342,0.001253,0.00131899999999999,0.001365,0.001405,0.001422,0.001219,0.001184,0.001246,0.001242,0.001259,0.001137,0.001158,0.001151,0.001236,0.001126,0.001253,0.00116199999999999,3.86e-4,4.55e-4,6.05e-4,5.45e-4,5.21e-4,4.3799999999999e-4,3.93e-4,3.96e-4,4.39e-4,3.79e-4,4.08e-4,4.78e-4,4.53e-4,3.95e-4,3.75e-4,4.2699999999999e-4,4.5099999999999e-4,4.08e-4,4.04e-4,4.04e-4,4.17e-4,5.2e-4,4.78e-4
SYN_252,Controls,0,No PTSD,0,NA,17,29,0,0,0,0,0,27,2,5,1,0,5,6,5,11,5,0.6277229999999999,0.609955,0.45373900000000006,0.452111,0.542853,0.607187,0.647839,0.6375850000000001,0.6315930000000001,0.685411,0.673859,0.549771,0.542604,0.669118,0.660637,0.519483,0.489991,0.587535,0.569002,0.6142,0.5963229999999999,0.538159,0.525708,6.4899999999999e-4,6.63e-4,7.24e-4,6.77e-4,7.4e-4,7.01e-4,6.65e-4,6.75e-4,6.83e-4,6.71e-4,7.32e-4,6.99e-4,6.72e-4,6.74e-4,6.4899999999999e-4,6.68e-4,6.85e-4,6.3899999999999e-4,6.46e-4,6.44e-4,6.57e-4,7.23e-4,6.9e-4,0.001214,0.001279,0.001179,0.001118,0.001235,0.001281,0.001299,0.001284,0.001336,0.00138,0.001375,0.001182,0.00121099999999999,0.001356,0.00125,0.001141,0.00112,0.00124,0.00122,0.001249,0.001253,0.001205,0.00121,3.45e-4,3.74e-4,5.45e-4,5.09e-4,4.8499999999999e-4,3.81e-4,3.61e-4,3.67e-4,3.7799999999999e-4,3.29e-4,3.52e-4,4.46e-4,4.44e-4,3.23e-4,3.41e-4,4.5999999999999e-4,4.5099999999999e-4,3.59e-4,3.88e-4,3.66e-4,3.83e-4,4.36e-4,4.81e-4
SYN_253,Controls,0,No PTSD,0,NA,17,25,0,0,0,0,0,24,1,5,8,0,5,5,5,5,5,0.612593,0.612846,0.420914,0.432123,0.49035,0.62972,0.665651,0.624532,0.6672899999999999,0.699839,0.699163,0.556143,0.552401,0.616297,0.644608,0.433003,0.475994,0.609209,0.573179,0.610549,0.5801609999999999,0.495569,0.517595,6.59e-4,6.47e-4,7.03e-4,7.23e-4,7.9e-4,6.06e-4,6.24e-4,6.9299999999999e-4,6.66e-4,6.87e-4,6.78e-4,7.46e-4,6.95e-4,6.58e-4,6.28e-4,6.69e-4,6.51e-4,6.4899999999999e-4,6.5e-4,6.62e-4,6.15e-4,7.25e-4,7.21e-4,0.0012,0.00119499999999999,0.001119,0.001037,0.001239,0.001331,0.001296,0.001288,0.001332,0.001468,0.001391,0.001215,0.001193,0.001247,0.001236,0.001103,0.001058,0.001245,0.001182,0.00119499999999999,0.001176,0.001241,0.001241,3.49e-4,3.72e-4,5.23e-4,5.29e-4,5.35e-4,3.71e-4,3.17e-4,3.8199999999999e-4,3.22e-4,3.15e-4,3.31e-4,4.3499999999999e-4,4.4699999999999e-4,3.91e-4,3.54e-4,5.09e-4,4.91e-4,3.5e-4,3.93e-4,3.66e-4,3.74e-4,4.68e-4,4.5999999999999e-4
SYN_254,Controls,0,No PTSD,2,0,18,31,0,1,0,0,0,38,1,5,1,0,5,13,5,5,5,0.614813,0.617771,0.362442,0.35265799999999997,0.531397,0.632813,0.6540189999999999,0.655668,0.675608,0.694661,0.69391,0.533768,0.532766,0.6091479999999999,0.617897,0.403356,0.440613,0.619954,0.57792,0.553752,0.606822,0.492161,0.517595,6.3499999999999e-4,6.46e-4,7.63e-4,7.92e-4,7.71e-4,6.78e-4,6.79e-4,6.51e-4,6.9299999999999e-4,6.7999999999999e-4,6.9e-4,6.68e-4,6.72e-4,6.51e-4,6.71e-4,7.0999999999999e-4,6.96e-4,6.19e-4,6.3499999999999e-4,6.71e-4,6.03e-4,7.18e-4,7.21e-4,0.0012,0.00117699999999999,0.001141,0.001064,0.001281,0.001294,0.001222,0.00134,0.001272,0.001425,0.001408,0.001213,0.00121099999999999,0.001212,0.001258,0.001046,0.001022,0.001218,0.001147,0.001205,0.001186,0.001251,0.001119,3.68e-4,3.52e-4,5.98e-4,6.07e-4,4.95e-4,3.65e-4,3.38e-4,3.47e-4,3.2e-4,3.39e-4,3.1299999999999e-4,4.37e-4,4.37e-4,3.81e-4,3.64e-4,5.33e-4,4.83e-4,3.6e-4,3.76e-4,4.34e-4,3.83e-4,4.6399999999999e-4,4.62e-4
SYN_255,Controls,0,No PTSD,2,0,34,41,0,1,0,0,1,51,1,4,3,7,7,10,7,8,11,0.636636,0.620812,0.4408109999999999,0.415991,0.51355,0.6055050000000001,0.6512399999999999,0.668309,0.671713,0.687723,0.731305,0.539404,0.526497,0.647772,0.647868,0.441859,0.462966,0.561213,0.544343,0.540895,0.564298,0.485062,0.489292,6.33e-4,6.43e-4,7.03e-4,7.01e-4,7.39e-4,6.92e-4,6.57e-4,6.69e-4,6.57e-4,7.05e-4,6.63e-4,7.12e-4,6.91e-4,6.27e-4,6.11e-4,6.87e-4,7.11e-4,6.82e-4,6.57e-4,7.04e-4,6.73e-4,7.49e-4,7.03e-4,0.001248,0.001119,0.001116,0.001094,0.001346,0.001307,0.001341,0.001286,0.001362,0.00133699999999999,0.00147,0.00113,0.001133,0.001295,0.001222,0.00109,0.001112,0.001225,0.001153,0.001135,0.001269,0.001228,0.001052,3.5e-4,3.81e-4,5.08e-4,5.2699999999999e-4,5.2e-4,3.94e-4,3.32e-4,3.2599999999999e-4,3.38e-4,3.31e-4,2.63e-4,3.99e-4,4.46e-4,3.56e-4,3.41e-4,5.23e-4,4.98e-4,4.17e-4,4.25e-4,4.17e-4,3.73e-4,5.2e-4,4.48e-4
SYN_256,Comorbid mTBI+PTSD,1,PTSD,2,41,52,92,1,1,1,1,1,36,2,5,8,16,25,23,11,23,20,0.7255739999999999,0.684316,0.515484,0.462901,0.6717350000000001,0.750093,0.721068,0.76823,0.8194899999999999,0.8210770000000001,0.856626,0.698615,0.657827,0.707629,0.717975,0.650005,0.619765,0.66848,0.6769,0.66888,0.6178279999999999,0.64258,0.584549,5.46e-4,6.27e-4,5.71e-4,5.42e-4,6.44e-4,6.9e-4,6.18e-4,5.51e-4,6.11e-4,6.14e-4,7.48e-4,6.4899999999999e-4,6.47e-4,6.19e-4,6.33e-4,6.3099999999999e-4,5.54e-4,5.82e-4,5.92e-4,6.15e-4,5.95e-4,5.9e-4,6.3499999999999e-4,0.001239,0.001179,9.06e-4,8.26e-4,0.00175,0.001601,0.001287,0.001261,0.001291,0.001599,0.0021,0.001373,0.001351,0.00154,0.001394,0.001169,0.001094,0.001284,0.001285,0.001197,0.001196,0.001208,0.001192,2.63e-4,3.04e-4,3.86e-4,3.75e-4,3.24e-4,2.36e-4,2.92e-4,2.02e-4,2.0099999999999e-4,1.98e-4,1.55e-4,3.02e-4,2.86e-4,3.06e-4,2.5699999999999e-4,2.85e-4,3.16e-4,3.08e-4,3.21e-4,3.03e-4,3.29e-4,2.93e-4,3.71e-4
SYN_257,Controls,0,No PTSD,2,NA,18,80,1,1,1,0,1,47,2,5,0,0,20,21,21,11,20,0.670813,0.687234,0.518504,0.494517,0.65768,0.7510439999999999,0.699819,0.792346,0.733062,0.789798,0.8590639999999999,0.620482,0.601402,0.732082,0.7277710000000001,0.616725,0.625216,0.66848,0.681368,0.622888,0.601288,0.6027359999999999,0.504329,5.95e-4,6.1299999999999e-4,5.31e-4,5.19e-4,7.23e-4,6.03e-4,5.76e-4,5.0999999999999e-4,6.1299999999999e-4,6.61e-4,7.5599999999999e-4,6.42e-4,6.65e-4,6.59e-4,6.51e-4,5.02e-4,5.87e-4,6.36e-4,6.54e-4,6.5e-4,5.98e-4,7.01e-4,7.54e-4,0.001137,0.001225,9.22e-4,9.1199999999999e-4,0.001558,0.001545,0.00126199999999999,0.001208,0.00162399999999999,0.00173,0.001775,0.00129,9.99e-4,0.001399,0.001405,0.001092,0.00102799999999999,0.001284,0.001428,0.001216,0.00115399999999999,0.001253,0.001189,2.95e-4,2.53e-4,3.36e-4,3.52e-4,3.24e-4,2.47e-4,2.6e-4,1.99e-4,2.2799999999999e-4,2.16e-4,1.49e-4,3.24e-4,2.8e-4,2.63e-4,2.58e-4,3.5099999999999e-4,3.1099999999999e-4,3.08e-4,3e-4,3.23e-4,3.8199999999999e-4,3.6899999999999e-4,5.03e-4
SYN_258,Controls,0,No PTSD,0,NA,17,29,0,0,0,0,0,24,2,5,1,0,5,6,5,7,5,0.6524840000000001,0.635306,0.436084,0.405518,0.544718,0.603438,0.645784,0.6363770000000001,0.5911649999999999,0.684338,0.682573,0.537877,0.5146729999999999,0.674496,0.6745359999999999,0.548164,0.495122,0.603206,0.608156,0.590708,0.5782930000000001,0.530505,0.522749,6.64e-4,6.57e-4,7.27e-4,7.05e-4,7.16e-4,6.9299999999999e-4,6.61e-4,6.64e-4,6.94e-4,6.43e-4,7e-4,6.55e-4,6.75e-4,6.63e-4,6.4e-4,6.91e-4,7e-4,6.44e-4,6.24e-4,6.82e-4,6.64e-4,7.62e-4,7.2e-4,0.001275,0.00121099999999999,0.00113,0.001074,0.001235,0.001372,0.001287,0.0013,0.001314,0.001419,0.00147,0.001116,0.00117,0.001255,0.001279,0.001178,0.001111,0.001227,0.001219,0.001209,0.001257,0.001335,0.001191,3.39e-4,3.54e-4,5.2e-4,5.36e-4,4.66e-4,4.0199999999999e-4,3.44e-4,3.65e-4,4.14e-4,3.29e-4,3.63e-4,4.13e-4,4.41e-4,3.14e-4,3.2e-4,4.07e-4,4.66e-4,3.6899999999999e-4,3.57e-4,3.9e-4,3.97e-4,5.0599999999999e-4,4.88e-4
SYN_259,Comorbid mTBI+PTSD,1,PTSD,2,41,73,37,0,0,0,0,1,35,1,5,7,23,7,8,5,7,12,0.65289,0.588004,0.390531,0.380529,0.6469159999999999,0.737157,0.654094,0.686823,0.678513,0.687133,0.688587,0.612872,0.567068,0.707629,0.6869149999999999,0.484674,0.5578350000000001,0.660404,0.625725,0.661231,0.596173,0.455358,0.507419,6.45e-4,5.84e-4,7.35e-4,7.33e-4,6.62e-4,6.6e-4,6.38e-4,6.24e-4,6.77e-4,7.0999999999999e-4,6.98e-4,6.5199999999999e-4,6.15e-4,6.37e-4,6.4899999999999e-4,6.42e-4,6.24e-4,6.19e-4,6.42e-4,6.32e-4,5.64e-4,6.9299999999999e-4,6.96e-4,0.001295,0.001239,0.001092,0.00113599999999999,0.001216,0.001296,0.00127799999999999,0.001235,0.001297,0.00133699999999999,0.001474,0.001228,0.00114,0.001259,0.001324,0.00109,0.00114,0.001209,0.001302,0.001216,0.001145,0.001212,0.001181,3.29e-4,3.7799999999999e-4,5.71e-4,5.5499999999999e-4,3.31e-4,2.86e-4,3.38e-4,3.09e-4,2.93e-4,3.1099999999999e-4,3.35e-4,4.01e-4,4.1e-4,3e-4,3.14e-4,4.41e-4,4.3099999999999e-4,3.04e-4,3.81e-4,3.23e-4,3.5499999999999e-4,5.24e-4,4.3799999999999e-4
SYN_260,Comorbid mTBI+PTSD,1,PTSD,2,35,56,81,1,1,0,1,1,49,1,4,0,12,18,16,5,24,20,0.642506,0.631764,0.446717,0.377188,0.500271,0.5775680000000001,0.604371,0.631297,0.577375,0.6647109999999999,0.649253,0.529837,0.497943,0.585258,0.6148899999999999,0.435491,0.4516,0.531442,0.5402100000000001,0.53071,0.520356,0.4401739999999999,0.46252,6.92e-4,6.57e-4,7.8e-4,7.43e-4,7.99e-4,7.3e-4,6.94e-4,6.68e-4,7.36e-4,7.15e-4,7.22e-4,7.09e-4,6.9299999999999e-4,6.67e-4,6.71e-4,7.04e-4,7.17e-4,6.4899999999999e-4,5.83e-4,7.01e-4,6.84e-4,7.6399999999999e-4,7.62e-4,0.001224,0.001186,0.001133,0.001071,0.00128,0.001268,0.001268,0.001287,0.001299,0.00131099999999999,0.001375,0.001271,0.00115,0.001248,0.001254,0.001073,0.001108,0.001196,0.001145,0.001164,0.001183,0.001197,0.001182,3.57e-4,3.54e-4,5.18e-4,5.41e-4,5.24e-4,4.15e-4,3.9e-4,3.84e-4,4.04e-4,3.54e-4,3.81e-4,4.99e-4,4.83e-4,4.01e-4,3.56e-4,4.99e-4,4.6699999999999e-4,3.99e-4,4.1e-4,4.36e-4,4.4699999999999e-4,5e-4,5.13e-4
SYN_261,mTBI-only,1,No PTSD,2,35,51,95,1,1,1,1,1,31,2,5,1,12,25,11,25,20,19,0.652328,0.628923,0.42543,0.418795,0.56217,0.601539,0.6535770000000001,0.662111,0.65897,0.677106,0.688661,0.496501,0.502322,0.6408159999999999,0.675555,0.445746,0.475026,0.606436,0.528475,0.608875,0.546465,0.455358,0.489292,6.38e-4,6.3e-4,7.01e-4,7.0999999999999e-4,6.33e-4,6.97e-4,6.42e-4,6.5e-4,6.9e-4,7.05e-4,6.77e-4,6.97e-4,6.78e-4,6.16e-4,6.34e-4,6.58e-4,6.33e-4,6.27e-4,5.92e-4,6.88e-4,6.58e-4,7.96e-4,7.28e-4,0.001239,0.001178,0.001074,0.001057,0.001274,0.00122899999999999,0.001287,0.001342,0.001283,0.001398,0.001373,0.001202,9.99e-4,0.001218,0.001259,0.001041,0.00105,0.001242,0.001188,0.00118,0.001196,0.001187,0.001156,3.23e-4,3.46e-4,5.0599999999999e-4,4.93e-4,4.39e-4,3.98e-4,3.32e-4,3.44e-4,3.62e-4,3.48e-4,3.52e-4,4.92e-4,4.55e-4,3.39e-4,3.04e-4,4.52e-4,4.45e-4,3.57e-4,4.45e-4,3.66e-4,4.2e-4,5.4e-4,4.5999999999999e-4
SYN_262,Controls,0,No PTSD,2,NA,28,86,1,1,1,1,1,50,1,4,3,6,18,17,23,16,14,0.653864,0.620812,0.389163,0.4142479999999999,0.5108199999999999,0.612004,0.6535770000000001,0.652947,0.651021,0.703317,0.717604,0.5347390000000001,0.5471159999999999,0.683164,0.673715,0.395648,0.464079,0.631188,0.523983,0.5995739999999999,0.522124,0.546829,0.493141,6.53e-4,6.46e-4,7.34e-4,7e-4,7e-4,6.92e-4,6.43e-4,6.69e-4,6.65e-4,7.0999999999999e-4,6.63e-4,6.79e-4,6.99e-4,6.29e-4,6.2e-4,7.21e-4,7.24e-4,6.5e-4,6.5199999999999e-4,6.56e-4,6.71e-4,7.55e-4,7.48e-4,0.001248,0.001221,0.00109499999999999,0.001118,0.001216,0.00119499999999999,0.001297,0.001292,0.00131,0.001374,0.001492,0.001051,9.99e-4,0.001281,0.001228,0.001112,0.00112799999999999,0.001218,0.001173,0.001179,0.00119499999999999,0.001191,0.001265,3.27e-4,3.72e-4,5.71e-4,5.28e-4,5.11e-4,3.92e-4,3.49e-4,3.54e-4,3.68e-4,3.08e-4,3.08e-4,4.07e-4,4.25e-4,3.14e-4,3.09e-4,5.43e-4,4.94e-4,3.27e-4,4.2e-4,3.6899999999999e-4,4.46e-4,4.0899999999999e-4,4.5999999999999e-4
SYN_263,Comorbid mTBI+PTSD,1,PTSD,2,37,61,92,1,1,1,1,1,37,2,5,0,18,19,13,22,17,15,0.636582,0.5779479999999999,0.380589,0.376201,0.625975,0.62037,0.617598,0.623792,0.610047,0.6786760000000001,0.6848890000000001,0.537877,0.492275,0.615622,0.647438,0.4519510000000001,0.4209810000000001,0.6090770000000001,0.58115000000000006,0.577829,0.513793,0.5027229999999999,0.53562,6.78e-4,6.61e-4,7.58e-4,7.21e-4,7.49e-4,7.39e-4,6.96e-4,6.51e-4,6.8899999999999e-4,6.99e-4,7.34e-4,6.55e-4,7.15e-4,6.99e-4,6.53e-4,6.64e-4,6.9e-4,6.5199999999999e-4,7.18e-4,6.62e-4,6.85e-4,7.13e-4,7.05e-4,0.00129799999999999,0.001217,0.001085,0.001104,0.001282,0.001286,0.00124,0.001277,0.001294,0.001442,0.0014,0.001174,0.001056,0.001198,0.001233,0.001048,0.001075,0.001218,0.001118,0.001179,0.001141,0.001251,0.001253,3.56e-4,3.94e-4,5.84e-4,5.56e-4,4.0899999999999e-4,3.7e-4,3.97e-4,3.83e-4,4.04e-4,3.49e-4,3.29e-4,4.59e-4,4.4699999999999e-4,3.89e-4,3.62e-4,4.52e-4,5.18e-4,3.67e-4,3.73e-4,4.08e-4,4.74e-4,4.94e-4,4.59e-4
SYN_264,mTBI-only,1,No PTSD,0,35,29,40,0,0,0,0,0,53,1,5,0,1,11,8,5,11,5,0.457196,0.4978010000000001,0.312444,0.374866,0.326198,0.5602520000000001,0.617162,0.582335,0.627051,0.602548,0.608491,0.500973,0.503246,0.490658,0.540091,0.46466,0.442874,0.444976,0.440966,0.456159,0.488333,0.44037,0.414362,6.5e-4,6.36e-4,6.72e-4,6.86e-4,9.08e-4,6.6e-4,6.23e-4,5.75e-4,6.2599999999999e-4,6.37e-4,6.15e-4,6.96e-4,6.91e-4,6.7999999999999e-4,6.76e-4,6.7e-4,7.13e-4,7.04e-4,6.75e-4,6.63e-4,6.91e-4,6.82e-4,7.17e-4,0.001092,0.001117,0.001006,9.7899999999999e-4,0.001104,0.001191,0.001218,0.001151,0.001113,0.001186,0.001115,0.00115,0.001174,0.001178,0.001169,0.001044,0.00107,9.98e-4,0.001021,0.001088,0.001084,0.001071,0.00110999999999999,4.69e-4,4.37e-4,5.31e-4,5.6799999999999e-4,6.98e-4,4.23e-4,3.63e-4,4.55e-4,3.58e-4,4.04e-4,3.33e-4,4.79e-4,4.6399999999999e-4,4.55e-4,4.15e-4,4.39e-4,4.59e-4,4.9e-4,5.0599999999999e-4,4.9699999999999e-4,4.44e-4,4.91e-4,5.2699999999999e-4
SYN_265,mTBI-only,1,No PTSD,2,4,22,55,1,1,0,0,0,24,1,5,0,1,13,11,5,13,5,0.50858,0.530741,0.390898,0.378408,0.375212,0.627175,0.6383270000000001,0.598432,0.5672590000000001,0.625792,0.613725,0.519749,0.5160140000000001,0.544061,0.555958,0.4271680000000001,0.4209810000000001,0.476027,0.47229799999999994,0.498162,0.474663,0.439852,0.426721,6.8899999999999e-4,6.95e-4,7.32e-4,7.15e-4,7.31e-4,6.98e-4,7.25e-4,6.37e-4,6.96e-4,6.7999999999999e-4,5.83e-4,6.82e-4,6.55e-4,6.7e-4,6.47e-4,7.2e-4,7e-4,6.56e-4,6.83e-4,6.88e-4,6.65e-4,6.78e-4,7.04e-4,0.00106099999999999,0.00104,9.81e-4,0.001016,0.001104,0.001194,0.00123,0.001183,0.001133,0.001146,0.001135,0.0011,0.001118,0.001147,0.001169,9.93e-4,0.001077,0.001021,0.00102799999999999,0.001086,0.001086,0.001077,0.001066,4.58e-4,4.37e-4,5.46e-4,4.95e-4,6.38e-4,3.68e-4,3.66e-4,3.88e-4,4e-4,3.57e-4,3.5499999999999e-4,4.69e-4,3.95e-4,4.11e-4,4.08e-4,4.9e-4,5.18e-4,4.4699999999999e-4,4.65e-4,4.53e-4,4.57e-4,5.0099999999999e-4,5.13e-4
SYN_266,mTBI-only,1,No PTSD,0,0,18,25,0,0,0,0,0,23,1,5,5,2,5,5,5,5,5,0.6373489999999999,0.608391,0.389293,0.374871,0.541975,0.6115430000000001,0.6319899999999999,0.6376310000000001,0.6510670000000001,0.676054,0.698242,0.5471239999999999,0.560802,0.6444300000000001,0.6425069999999999,0.487905,0.512573,0.550828,0.5918869999999999,0.590511,0.597391,0.523647,0.481194,6.72e-4,6.57e-4,7.22e-4,7.57e-4,7.22e-4,6.97e-4,6.75e-4,7.12e-4,7.12e-4,6.95e-4,6.9299999999999e-4,7.09e-4,6.88e-4,6.53e-4,6.4e-4,7.15e-4,6.87e-4,7.01e-4,6.87e-4,6.96e-4,6.8899999999999e-4,6.82e-4,7.22e-4,0.001275,0.00127,0.00112799999999999,0.001187,0.001312,0.001266,0.001281,0.00132899999999999,0.00141,0.001416,0.00143,0.001206,0.001235,0.00122899999999999,0.001225,0.001116,0.001144,0.001137,0.00119499999999999,0.00126999999999999,0.001102,0.001261,0.00121099999999999,3.68e-4,3.63e-4,5.73e-4,5.88e-4,4.58e-4,4.11e-4,3.7799999999999e-4,3.61e-4,3.65e-4,3.48e-4,3.35e-4,4.46e-4,4.1e-4,3.56e-4,3.54e-4,4.78e-4,4.48e-4,4.3e-4,4.0199999999999e-4,3.85e-4,4.19e-4,4.99e-4,5.04e-4
SYN_267,Controls,0,No PTSD,0,NA,17,35,0,0,0,0,0,35,1,5,4,0,6,6,5,9,8,0.616093,0.545295,0.372093,0.412926,0.503668,0.581026,0.6156149999999999,0.6344479999999999,0.610941,0.6485850000000001,0.649578,0.501854,0.490253,0.6062890000000001,0.6477310000000001,0.49745200000000006,0.41131899999999993,0.566068,0.565706,0.581755,0.574083,0.479062,0.455178,6.64e-4,6.82e-4,7.87e-4,7.09e-4,8.05e-4,7.05e-4,6.96e-4,6.72e-4,7e-4,7.04e-4,7.0599999999999e-4,7.0599999999999e-4,7.04e-4,7.14e-4,6.46e-4,6.06e-4,6.69e-4,6.5e-4,6.68e-4,6.79e-4,6.8899999999999e-4,8.02e-4,7.35e-4,0.001276,0.001198,0.001105,0.001073,0.001245,0.001264,0.001296,0.00137,0.001403,0.001403,0.0014,0.0012,0.00108699999999999,0.001299,0.001261,0.001084,0.001105,0.001199,0.001196,0.001225,0.001192,0.001232,0.001182,3.7799999999999e-4,4.19e-4,5.89e-4,5.3e-4,5.49e-4,4.32e-4,3.79e-4,3.91e-4,4.12e-4,3.6e-4,3.88e-4,4.69e-4,4.7699999999999e-4,4.13e-4,3.46e-4,4.57e-4,5.51e-4,4.16e-4,4.3099999999999e-4,3.95e-4,4.28e-4,4.79e-4,5.26e-4
SYN_268,Controls,0,No PTSD,0,NA,32,27,0,0,0,0,0,31,2,4,1,2,6,5,5,6,5,0.6727380000000001,0.649048,0.348774,0.336856,0.547578,0.628405,0.649193,0.6540229999999999,0.633981,0.695484,0.671983,0.500078,0.4896029999999999,0.642955,0.558405,0.5449189999999999,0.443249,0.61193,0.589409,0.553752,0.614954,0.522293,0.487141,6.5e-4,6.25e-4,7.63e-4,7.39e-4,7.37e-4,6.4899999999999e-4,6.23e-4,6.82e-4,6.72e-4,7.13e-4,7.14e-4,7.08e-4,6.61e-4,6.61e-4,6.81e-4,6.41e-4,7.4699999999999e-4,6.4899999999999e-4,6.3099999999999e-4,6.2199999999999e-4,6.3899999999999e-4,7.03e-4,7.34e-4,0.001242,0.001215,0.001048,0.001112,0.001267,0.00128,0.001245,0.001253,0.001338,0.001347,0.00132899999999999,0.001134,0.001163,0.001246,0.001257,0.001085,0.001059,0.001267,0.001191,0.001117,0.001149,0.001205,0.00129,3.24e-4,3.3e-4,6.17e-4,6.3499999999999e-4,4.69e-4,3.7999999999999e-4,3.45e-4,3.45e-4,3.77e-4,3.2599999999999e-4,3.35e-4,4.98e-4,4.59e-4,3.56e-4,3.88e-4,4.1799999999999e-4,5.17e-4,3.72e-4,3.93e-4,4.1799999999999e-4,3.62e-4,4.6699999999999e-4,4.98e-4
SYN_269,PTSD-only,0,PTSD,0,0,80,28,0,0,0,0,0,28,1,5,32,14,5,7,5,6,6,0.665385,0.5871029999999999,0.383856,0.426479,0.576044,0.624748,0.652126,0.667642,0.64084,0.68593,0.673859,0.500078,0.5166729999999999,0.672925,0.6644939999999999,0.5420470000000001,0.48017,0.579097,0.564399,0.591441,0.581793,0.491768,0.485197,6.56e-4,6.59e-4,7.23e-4,7.09e-4,7.44e-4,7.13e-4,6.38e-4,6.7999999999999e-4,6.74e-4,6.94e-4,6.72e-4,6.69e-4,6.7e-4,6.54e-4,6.4e-4,7.15e-4,7.0999999999999e-4,7.01e-4,6.23e-4,6.62e-4,6.8899999999999e-4,7.17e-4,7.36e-4,0.00129799999999999,0.001174,0.001065,0.001132,0.001324,0.001305,0.001282,0.001322,0.001389,0.001443,0.001442,0.001166,0.00115399999999999,0.00131,0.001296,0.001151,0.001098,0.001233,0.00124399999999999,0.001246,0.001186,0.001254,0.001187,3.28e-4,3.79e-4,5.88e-4,5.26e-4,4.42e-4,3.8199999999999e-4,3.36e-4,3.12e-4,3.97e-4,3.37e-4,3.29e-4,4.5599999999999e-4,4.42e-4,3.08e-4,3.2e-4,4.5e-4,4.59e-4,3.88e-4,4.0599999999999e-4,3.99e-4,3.96e-4,4.84e-4,5.12e-4
SYN_270,mTBI-only,1,No PTSD,0,0,17,25,0,0,0,0,0,23,1,5,6,1,5,5,5,5,5,0.6436850000000001,0.586659,0.466337,0.475094,0.5961989999999999,0.64384,0.6602020000000001,0.6512859999999999,0.6731060000000001,0.677854,0.68721,0.537921,0.507718,0.692858,0.617636,0.519335,0.400352,0.608218,0.5907560000000001,0.610571,0.590959,0.557767,0.548955,6.42e-4,6.51e-4,7.24e-4,6.91e-4,7.6399999999999e-4,6.83e-4,6.5e-4,6.19e-4,6.83e-4,6.7999999999999e-4,7.25e-4,6.88e-4,7.19e-4,6.44e-4,6.66e-4,6.88e-4,7.12e-4,6.57e-4,6.83e-4,6.61e-4,6.47e-4,7.19e-4,6.97e-4,0.001243,0.001282,0.001202,0.00108,0.001314,0.00129299999999999,0.001341,0.00126199999999999,0.001314,0.001418,0.001434,0.001218,0.001212,0.001279,0.00122,0.001151,0.00105,0.001282,0.00125,0.001175,0.00119499999999999,0.001164,0.001221,3.43e-4,3.91e-4,5.0999999999999e-4,4.87e-4,4.43e-4,3.61e-4,3.37e-4,3.54e-4,3.47e-4,3.5099999999999e-4,3.44e-4,4.23e-4,5.03e-4,3.08e-4,3.72e-4,4.52e-4,5.0099999999999e-4,3.5299999999999e-4,3.93e-4,3.99e-4,3.83e-4,4.36e-4,4.28e-4
SYN_271,Controls,0,No PTSD,0,NA,17,31,0,0,0,0,0,26,2,5,6,0,5,6,5,9,5,0.633563,0.624699,0.431184,0.42603799999999997,0.545068,0.607187,0.648722,0.636358,0.6315930000000001,0.692195,0.7012470000000001,0.534342,0.5442819999999999,0.642732,0.657442,0.511441,0.5042439999999999,0.592548,0.582554,0.566445,0.629391,0.488624,0.472383,6.46e-4,6.36e-4,7.28e-4,7.09e-4,7.3e-4,7.45e-4,6.88e-4,6.73e-4,7.22e-4,6.82e-4,6.8899999999999e-4,7.4e-4,6.8899999999999e-4,6.74e-4,6.46e-4,6.94e-4,6.86e-4,6.65e-4,6.57e-4,6.44e-4,6.64e-4,7.49e-4,7.55e-4,0.001254,0.001243,0.001127,0.00112,0.00141199999999999,0.001312,0.001257,0.0013,0.001322,0.001375,0.001347,0.001182,0.001179,0.001271,0.001236,0.001155,0.00112,0.001254,0.001118,0.001202,0.001256,0.001198,0.001117,3.33e-4,3.54e-4,5.26e-4,5.36e-4,4.8499999999999e-4,4.14e-4,3.56e-4,3.62e-4,3.96e-4,3.18e-4,3.1299999999999e-4,4.2699999999999e-4,4.41e-4,3.49e-4,3.33e-4,4.57e-4,4.59e-4,3.98e-4,3.7799999999999e-4,4.1799999999999e-4,3.47e-4,5.36e-4,5.53e-4
SYN_272,PTSD-only,0,PTSD,2,0,59,39,0,0,0,0,1,33,1,4,0,7,7,5,5,7,11,0.621694,0.609312,0.509938,0.4635649999999999,0.65768,0.695549,0.683331,0.772258,0.739545,0.7808930000000001,0.839918,0.5496489999999999,0.5517310000000001,0.638072,0.731644,0.581963,0.625216,0.609226,0.567296,0.5969720000000001,0.565024,0.5206069999999999,0.524996,5.94e-4,6.45e-4,5.71e-4,5.47e-4,6.62e-4,6.78e-4,6.3499999999999e-4,5.42e-4,6.43e-4,5.98e-4,7.9e-4,6.77e-4,6.7e-4,6.65e-4,6.4e-4,6.24e-4,5.38e-4,5.82e-4,6.6e-4,6.48e-4,6.61e-4,7.11e-4,6.83e-4,0.0012,0.001282,9.22e-4,8.26e-4,0.001546,0.001482,0.001248,0.001184,0.001379,0.001582,0.001898,0.001193,0.001099,0.001537,0.001285,0.001117,0.001104,0.001331,0.001254,0.00123,0.001138,0.001212,0.001299,3.54e-4,3.6899999999999e-4,4.16e-4,4.41e-4,3.35e-4,2.39e-4,3.24e-4,2.1e-4,2.8199999999999e-4,2.25e-4,1.86e-4,4.07e-4,4.16e-4,3.59e-4,2.8199999999999e-4,3.6e-4,3.1099999999999e-4,3.67e-4,3.9e-4,3.91e-4,3.79e-4,4.7e-4,4.72e-4
SYN_273,Controls,0,No PTSD,0,NA,21,27,0,0,0,0,0,29,1,5,5,1,5,6,5,5,5,0.641358,0.6159720000000001,0.384021,0.367211,0.547578,0.602325,0.6319899999999999,0.616777,0.640129,0.642884,0.6745369999999999,0.492379,0.503223,0.608173,0.584384,0.49224,0.465377,0.552445,0.566778,0.6247,0.552566,0.45834,0.457937,6.46e-4,6.43e-4,7.24e-4,7.75e-4,7.48e-4,7.0599999999999e-4,7.0599999999999e-4,7.36e-4,7.35e-4,6.98e-4,6.92e-4,7.2e-4,7.4699999999999e-4,6.87e-4,6.68e-4,6.95e-4,7.14e-4,6.72e-4,6.74e-4,6.75e-4,7e-4,7.7e-4,7.36e-4,0.001202,0.001307,0.0011,0.00112,0.001331,0.001276,0.001326,0.001277,0.001308,0.001392,0.00140899999999999,0.001089,0.001221,0.001234,0.001239,0.001153,0.001102,0.001179,0.001202,0.001153,0.001179,0.001194,0.001205,3.43e-4,3.72e-4,5.7e-4,5.75e-4,4.79e-4,3.44e-4,3.7799999999999e-4,3.93e-4,3.57e-4,3.64e-4,3.56e-4,4.91e-4,4.5599999999999e-4,3.99e-4,3.98e-4,4.48e-4,4.89e-4,4.46e-4,3.94e-4,3.95e-4,4.19e-4,5.37e-4,5.5499999999999e-4
SYN_274,Comorbid mTBI+PTSD,1,PTSD,0,16,21,43,0,0,0,0,0,64,1,1,2,5,8,8,5,13,5,0.542804,0.519072,0.411621,0.420938,0.433537,0.5910890000000001,0.638367,0.638703,0.647771,0.6142810000000001,0.586906,0.468354,0.517995,0.541177,0.542276,0.449788,0.504415,0.415554,0.477354,0.470397,0.544574,0.490408,0.361555,6.42e-4,6.63e-4,6.74e-4,7.25e-4,6.74e-4,6.1299999999999e-4,6.33e-4,6.08e-4,6.3499999999999e-4,6.4e-4,5.83e-4,7.22e-4,6.21e-4,6.67e-4,6.2599999999999e-4,6.3099999999999e-4,6.34e-4,6.27e-4,6.54e-4,6.1e-4,6.54e-4,7.29e-4,7.36e-4,0.001042,0.001102,9.57e-4,9.6999999999999e-4,9.87e-4,0.001083,0.001234,0.001138,0.001155,0.001142,0.001119,0.001094,0.001143,0.001082,0.001112,9.83e-4,9.64e-4,0.001085,0.001057,0.0012,0.001088,0.001131,0.001164,4e-4,4.32e-4,4.72e-4,4.6699999999999e-4,5.3e-4,4.07e-4,3.41e-4,3.18e-4,3.5299999999999e-4,3.57e-4,3.68e-4,4.5099999999999e-4,4.29e-4,3.87e-4,4.15e-4,4.52e-4,4.4699999999999e-4,4.93e-4,4.68e-4,4.58e-4,4.42e-4,4.52e-4,5.52e-4
SYN_275,Comorbid mTBI+PTSD,1,PTSD,0,45,75,26,0,0,0,0,0,43,1,5,0,27,5,5,5,5,5,0.5764670000000001,0.603521,0.401281,0.355675,0.36025999999999997,0.602891,0.622081,0.625121,0.5985149999999999,0.648246,0.669035,0.5086689999999999,0.482051,0.603905,0.627837,0.450145,0.417233,0.458968,0.437157,0.5038560000000001,0.536798,0.447237,0.443804,6.59e-4,6.5199999999999e-4,7.5599999999999e-4,7.46e-4,8.1e-4,6.46e-4,6.94e-4,7.0199999999999e-4,7.72e-4,7.15e-4,7.0599999999999e-4,7.0599999999999e-4,7.0599999999999e-4,5.79e-4,6.61e-4,6.42e-4,6.96e-4,6.78e-4,6.58e-4,6.63e-4,7.23e-4,7.34e-4,7.69e-4,0.00121,0.001178,0.001178,0.001097,0.001171,0.001328,0.001256,0.00112,0.00119,0.001407,0.001202,0.001047,0.00115,0.00126999999999999,0.001202,0.001037,0.001056,0.001184,0.001038,0.001204,0.00127,0.001231,0.001205,4.19e-4,3.97e-4,5.6e-4,5.69e-4,5.91e-4,3.57e-4,3.72e-4,3.56e-4,3.64e-4,3.86e-4,3.34e-4,4.53e-4,4.6699999999999e-4,3.92e-4,3.33e-4,4.7699999999999e-4,5.53e-4,4.86e-4,5.17e-4,4.57e-4,4.55e-4,5.62e-4,5.13e-4
SYN_276,Comorbid mTBI+PTSD,1,PTSD,0,20,41,25,0,0,0,0,0,52,1,5,0,10,5,5,5,5,5,0.5764670000000001,0.5886319999999999,0.384427,0.386575,0.523496,0.541691,0.563801,0.596625,0.585687,0.6226189999999999,0.6208020000000001,0.460363,0.491798,0.5771390000000001,0.55269,0.383006,0.473652,0.426162,0.5067510000000001,0.504579,0.496142,0.423079,0.433094,6.45e-4,6.63e-4,7.7699999999999e-4,7.39e-4,7.7699999999999e-4,7.13e-4,7.3e-4,6.75e-4,7.13e-4,7.14e-4,8.74e-4,7.13e-4,8.06e-4,6.4899999999999e-4,6.44e-4,7.49e-4,6.17e-4,6.96e-4,7.05e-4,6.73e-4,7.05e-4,7.63e-4,7.91e-4,0.00119,0.001164,0.001121,0.001058,0.001338,0.001236,0.001223,0.001275,0.0013,0.001471,0.001401,0.001123,0.001232,0.001215,0.001202,0.001031,0.001049,0.001176,0.001157,0.001192,0.001187,0.001193,0.00112799999999999,4.03e-4,3.86e-4,5.92e-4,5.5499999999999e-4,4.95e-4,4.48e-4,5.09e-4,3.66e-4,4.4699999999999e-4,3.9e-4,4.08e-4,4.92e-4,4.45e-4,4.11e-4,4.04e-4,5.66e-4,4.6699999999999e-4,5.4e-4,4.21e-4,4.28e-4,4.4e-4,5.0099999999999e-4,5.62e-4
SYN_277,mTBI-only,1,No PTSD,0,35,45,34,0,0,0,0,0,40,2,5,0,10,10,5,5,8,6,0.484623,0.418838,0.33153499999999997,0.327311,0.325419,0.506522,0.617162,0.5553,0.536201,0.592079,0.596854,0.468908,0.484332,0.505796,0.60629,0.311756,0.450833,0.406679,0.426382,0.436479,0.43481099999999995,0.401111,0.380924,6.41e-4,6.9e-4,6.74e-4,7.18e-4,0.001007,7.35e-4,6.3e-4,5.98e-4,6.2599999999999e-4,6.45e-4,6.61e-4,6.53e-4,6.78e-4,7.07e-4,6.3899999999999e-4,7.5599999999999e-4,6.74e-4,7.0199999999999e-4,7.23e-4,6.86e-4,7.19e-4,7.27e-4,7.73e-4,0.001033,0.001103,0.001077,0.001052,0.001208,0.001248,0.00123,0.001091,0.00112799999999999,0.00120299999999999,0.001152,0.001224,0.00104299999999999,0.00121099999999999,0.001083,0.001077,0.00107,0.001027,0.00108699999999999,0.00108699999999999,0.001134,0.001036,0.00109499999999999,4.74e-4,4.89e-4,5.74e-4,5.6799999999999e-4,7.34e-4,4.9699999999999e-4,3.68e-4,4.08e-4,5.65e-4,3.92e-4,3.7799999999999e-4,4.98e-4,4.5599999999999e-4,4.89e-4,3.59e-4,5.85e-4,4.68e-4,4.9699999999999e-4,4.99e-4,5.04e-4,5.26e-4,5.54e-4,5.47e-4
SYN_278,Comorbid mTBI+PTSD,1,PTSD,2,29,40,55,0,1,1,0,1,30,1,5,1,4,8,10,8,10,12,0.657355,0.5858979999999999,0.466337,0.405752,0.583544,0.616111,0.656572,0.666564,0.637487,0.686865,0.70228,0.5413789999999999,0.533443,0.698922,0.680818,0.548782,0.494883,0.587194,0.589096,0.610571,0.59251,0.5445760000000001,0.504671,6.43e-4,6.68e-4,7.0999999999999e-4,7.4699999999999e-4,7.28e-4,6.6e-4,6.77e-4,6.75e-4,6.6e-4,6.82e-4,6.83e-4,6.55e-4,6.73e-4,6.81e-4,6.16e-4,6.69e-4,6.94e-4,6.32e-4,6.33e-4,6.63e-4,6.53e-4,6.75e-4,7.89e-4,0.001327,0.001188,0.001121,0.001098,0.001299,0.001233,0.0013,0.001294,0.001316,0.001414,0.001444,0.00114,0.001151,0.001335,0.001249,0.001102,0.001151,0.001234,0.001225,0.001223,0.001273,0.001248,0.001213,3.36e-4,3.76e-4,5.16e-4,5.37e-4,4.2699999999999e-4,3.89e-4,3.46e-4,3.12e-4,3.77e-4,3.2599999999999e-4,3.24e-4,3.9e-4,4.41e-4,3.14e-4,3.09e-4,4.16e-4,4.4699999999999e-4,4e-4,3.66e-4,3.9e-4,4.0199999999999e-4,4.3799999999999e-4,5.07e-4
SYN_279,Controls,0,No PTSD,2,0,21,36,0,1,0,0,0,30,1,5,4,1,7,11,5,8,7,0.643537,0.6080260000000001,0.360333,0.350033,0.547578,0.584431,0.618788,0.587198,0.620499,0.6264810000000001,0.626249,0.534453,0.509613,0.6268020000000001,0.6013270000000001,0.517325,0.471037,0.544311,0.575142,0.597362,0.540886,0.440722,0.466037,6.45e-4,6.41e-4,7.99e-4,7.7e-4,7.41e-4,6.86e-4,6.92e-4,6.92e-4,6.82e-4,6.92e-4,7.79e-4,7.52e-4,7e-4,6.61e-4,6.71e-4,6.44e-4,7.08e-4,6.53e-4,6.84e-4,6.88e-4,7.39e-4,6.75e-4,7.36e-4,0.001291,0.001233,0.00112799999999999,0.001106,0.001361,0.001313,0.00126199999999999,0.001291,0.001389,0.001377,0.00140899999999999,0.001258,0.001186,0.001234,0.001235,0.001089,0.001083,0.001149,0.001171,0.001153,0.001172,0.00116199999999999,0.001197,3.47e-4,3.45e-4,5.87e-4,6.09e-4,4.86e-4,4.15e-4,3.74e-4,4.55e-4,3.89e-4,4.1799999999999e-4,3.95e-4,4.62e-4,4.15e-4,3.48e-4,3.83e-4,4.44e-4,4.9e-4,4.37e-4,4.0199999999999e-4,4.12e-4,4.4699999999999e-4,4.87e-4,5.45e-4
SYN_280,mTBI-only,1,No PTSD,0,11,30,26,0,0,0,0,0,32,2,5,3,0,6,6,5,5,5,0.520547,0.418838,0.37799,0.343194,0.347512,0.5602520000000001,0.647362,0.61077,0.555177,0.602548,0.597305,0.470822,0.427542,0.611841,0.547691,0.467687,0.442874,0.494721,0.432249,0.462567,0.480103,0.439852,0.387027,6.77e-4,7.27e-4,6.79e-4,7.05e-4,7.93e-4,7.11e-4,6.3e-4,5.88e-4,6.17e-4,6.58e-4,6.17e-4,6.96e-4,6.87e-4,6.58e-4,6.16e-4,6.15e-4,6.74e-4,6.69e-4,7.05e-4,6.21e-4,6.6e-4,6.76e-4,7.15e-4,0.001066,0.001076,9.85e-4,0.001011,0.001117,0.001071,0.00122899999999999,0.001091,0.001072,0.001209,0.001125,0.00121099999999999,0.001082,0.001104,0.001098,0.001074,0.001082,0.001076,0.001034,0.001087,0.001101,0.001086,9.86e-4,4.5599999999999e-4,5.39e-4,5.42e-4,5.46e-4,6.46e-4,3.99e-4,3.42e-4,3.76e-4,3.83e-4,3.62e-4,3.47e-4,4.9699999999999e-4,4.82e-4,3.48e-4,4.23e-4,4.52e-4,5.07e-4,4.4699999999999e-4,4.9699999999999e-4,4.75e-4,5.04e-4,5.07e-4,5.61e-4
SYN_281,Controls,0,No PTSD,2,NA,18,76,1,1,1,0,1,24,2,5,5,1,20,17,21,9,19,0.6507,0.6080260000000001,0.440281,0.399631,0.564443,0.627868,0.6798489999999999,0.652383,0.644881,0.703317,0.717604,0.5662550000000001,0.550851,0.62211,0.660212,0.52771,0.513142,0.555703,0.6122920000000001,0.5925739999999999,0.589008,0.5445760000000001,0.545099,6.1299999999999e-4,6.57e-4,7.53e-4,7.48e-4,7.07e-4,6.09e-4,6.47e-4,6.5199999999999e-4,6.85e-4,6.37e-4,7.18e-4,7.04e-4,6.78e-4,6.3e-4,6.03e-4,7.03e-4,6.66e-4,5.85e-4,6.8899999999999e-4,6.54e-4,6.4899999999999e-4,7.19e-4,6.48e-4,0.001288,0.001232,0.001121,0.001058,0.001213,0.00128,0.001255,0.00137,0.001295,0.001365,0.00145,0.001168,0.001152,0.001234,0.001283,0.001157,0.00104,0.001157,0.00122,0.001153,0.00124399999999999,0.00127799999999999,0.001175,3.39e-4,3.72e-4,5.2699999999999e-4,5.36e-4,4.49e-4,3.65e-4,3.24e-4,3.52e-4,3.67e-4,3.12e-4,3.09e-4,4.11e-4,3.77e-4,3.63e-4,3.21e-4,4.42e-4,4.65e-4,4.15e-4,3.74e-4,3.98e-4,3.97e-4,4.17e-4,4.21e-4
SYN_282,Controls,0,No PTSD,0,NA,17,25,0,0,0,0,0,41,1,4,7,0,5,5,5,5,5,0.615104,0.595791,0.34042,0.410853,0.565501,0.63788,0.640517,0.64922,0.6672899999999999,0.6781010000000001,0.68976,0.557262,0.550851,0.682279,0.640484,0.485857,0.491167,0.568816,0.5050600000000001,0.58531,0.567046,0.47563599999999995,0.478196,6.45e-4,6.46e-4,7.85e-4,6.91e-4,7.86e-4,7.23e-4,6.53e-4,6.99e-4,6.34e-4,7.04e-4,6.61e-4,7.12e-4,6.5199999999999e-4,6.55e-4,6.4e-4,7.01e-4,6.85e-4,6.92e-4,7.12e-4,6.44e-4,6.03e-4,7.48e-4,7.05e-4,0.001245,0.001232,0.001132,0.001119,0.001383,0.001259,0.00127799999999999,0.001261,0.001369,0.001418,0.001483,0.00118,0.001253,0.001274,0.001192,0.001092,0.001101,0.001249,0.001151,0.001186,0.001121,0.001287,0.001175,4.12e-4,3.85e-4,6.18e-4,5.34e-4,4.49e-4,3.7e-4,3.84e-4,3.37e-4,3.22e-4,3.54e-4,3.33e-4,4.3499999999999e-4,4.19e-4,3.37e-4,3.61e-4,4.62e-4,4.61e-4,4.13e-4,4.3099999999999e-4,4.04e-4,3.98e-4,5.49e-4,4.9699999999999e-4
SYN_283,mTBI-only,1,No PTSD,0,35,37,44,0,0,0,0,0,40,2,5,5,8,11,9,5,12,5,0.624567,0.625898,0.384021,0.379971,0.551239,0.604639,0.641419,0.638029,0.613333,0.664501,0.6541710000000001,0.49352299999999993,0.512371,0.5881270000000001,0.577451,0.395648,0.4614140000000001,0.555956,0.6187020000000001,0.569603,0.589486,0.489676,0.462726,6.24e-4,6.23e-4,7.42e-4,7.11e-4,7.37e-4,7.54e-4,6.7e-4,6.81e-4,7.29e-4,6.96e-4,7.03e-4,7.27e-4,6.9299999999999e-4,6.96e-4,6.5199999999999e-4,7.09e-4,7.14e-4,6.27e-4,6.24e-4,6.86e-4,6.85e-4,7.23e-4,7.27e-4,0.001207,0.001225,0.00113,0.001099,0.001373,0.001215,0.001249,0.001265,0.001276,0.001377,0.001397,0.00121099999999999,0.001088,0.001248,0.001224,0.001111,0.001099,0.001161,0.00124,0.00122,0.001186,0.001224,0.001122,3.68e-4,3.52e-4,5.61e-4,5.73e-4,4.6699999999999e-4,4.17e-4,3.68e-4,3.57e-4,3.95e-4,3.64e-4,3.84e-4,4.98e-4,4.93e-4,4.1799999999999e-4,4.0199999999999e-4,5.71e-4,4.98e-4,3.99e-4,3.9e-4,4.1799999999999e-4,3.61e-4,4.94e-4,5.22e-4
SYN_284,Controls,0,No PTSD,0,NA,17,25,0,0,0,0,0,41,2,4,1,0,5,5,5,5,5,0.629757,0.612482,0.481454,0.439507,0.553562,0.560285,0.607334,0.625695,0.6221810000000001,0.6860350000000001,0.699163,0.544832,0.555928,0.6727390000000001,0.620632,0.468527,0.5028189999999999,0.530095,0.520072,0.590511,0.572692,0.54061,0.540553,6.33e-4,6.43e-4,7.03e-4,7.14e-4,7.5e-4,7.39e-4,6.65e-4,6.69e-4,7.05e-4,6.73e-4,7.0199999999999e-4,7.18e-4,6.99e-4,6.74e-4,6.65e-4,7.21e-4,6.7999999999999e-4,6.74e-4,6.6e-4,6.3e-4,6.69e-4,7.34e-4,7.0599999999999e-4,0.001277,0.001235,0.001176,0.001081,0.001308,0.001297,0.001341,0.001285,0.001296,0.001416,0.00147599999999999,0.001265,0.001212,0.001286,0.001314,0.001159,0.001126,0.001255,0.001216,0.00119,0.001238,0.001287,0.001247,3.5099999999999e-4,3.61e-4,5.15e-4,5.17e-4,4.78e-4,4.57e-4,4e-4,3.96e-4,3.99e-4,3.39e-4,3.29e-4,4.43e-4,4.23e-4,3.27e-4,3.77e-4,4.81e-4,4.53e-4,4.05e-4,4.28e-4,3.88e-4,3.84e-4,4.72e-4,4.4e-4
SYN_285,Controls,0,No PTSD,0,NA,17,33,0,0,0,0,0,19,2,2,0,0,6,5,5,5,5,0.6072609999999999,0.600001,0.462813,0.427258,0.583544,0.603079,0.637625,0.6689039999999999,0.64171,0.6568039999999999,0.660821,0.537004,0.528176,0.6438229999999999,0.647868,0.492434,0.480947,0.582357,0.536512,0.58883,0.591095,0.528034,0.476795,6.78e-4,6.95e-4,7.46e-4,7.32e-4,7.84e-4,6.97e-4,6.67e-4,7.01e-4,7.04e-4,6.7999999999999e-4,7.14e-4,7.01e-4,7.05e-4,6.76e-4,6.36e-4,6.62e-4,6.7e-4,7.05e-4,6.67e-4,7.07e-4,6.88e-4,7.59e-4,7.84e-4,0.001268,0.00126199999999999,0.001112,0.001114,0.00137799999999999,0.00133,0.00132899999999999,0.001364,0.001312,0.001358,0.00146099999999999,0.001196,0.001231,0.001281,0.001239,0.001132,0.001074,0.001228,0.001153,0.001256,0.001287,0.001201,0.001215,3.63e-4,3.76e-4,4.96e-4,5.36e-4,4.65e-4,3.7e-4,3.7799999999999e-4,3.3999999999999e-4,3.6e-4,3.57e-4,3.66e-4,4.3799999999999e-4,4.5099999999999e-4,3.56e-4,3.39e-4,4.74e-4,4.68e-4,4.17e-4,4.14e-4,4.16e-4,3.99e-4,4.7e-4,5.15e-4
SYN_286,Comorbid mTBI+PTSD,1,PTSD,2,25,39,40,0,1,0,0,1,31,1,5,0,8,8,12,5,11,13,0.4684350000000001,0.469511,0.312893,0.343194,0.347512,0.5326310000000001,0.582967,0.582335,0.627051,0.5828949999999999,0.551413,0.470822,0.47468,0.57481,0.5334180000000001,0.311756,0.45657700000000007,0.341116,0.377198,0.428909,0.46274,0.365607,0.387027,6.92e-4,6.64e-4,6.96e-4,7.22e-4,7.69e-4,7.13e-4,6.71e-4,6.9e-4,6.25e-4,6.3e-4,6.3499999999999e-4,7.22e-4,7.22e-4,6.16e-4,6.36e-4,9.44e-4,6.33e-4,7.35e-4,7.01e-4,6.99e-4,7.25e-4,7.27e-4,7.2e-4,0.001075,0.001088,0.001,0.001078,0.001157,0.001142,0.001283,0.001131,0.001089,0.001202,0.001119,0.001135,0.001107,0.001073,0.00116199999999999,0.001098,0.001006,0.00108699999999999,0.001091,0.001113,0.001078,0.001076,0.001064,4.7599999999999e-4,4.89e-4,4.91e-4,5.71e-4,6.09e-4,4.3499999999999e-4,4.0599999999999e-4,4.04e-4,3.45e-4,4.29e-4,4.19e-4,4.74e-4,5.28e-4,3.64e-4,4.0599999999999e-4,7.82e-4,4.59e-4,5.6e-4,5.35e-4,5.0999999999999e-4,5.22e-4,5.41e-4,5.46e-4
SYN_287,Comorbid mTBI+PTSD,1,PTSD,2,42,73,104,1,1,1,1,1,45,2,5,0,24,20,25,23,22,10,0.488479,0.514668,0.394765,0.32375,0.28216399999999997,0.550672,0.534121,0.622785,0.613169,0.636549,0.603292,0.49304,0.5140710000000001,0.5508069999999999,0.572723,0.477451,0.513079,0.460485,0.44649399999999995,0.4365520000000001,0.47226,0.407675,0.395414,6.82e-4,6.4899999999999e-4,6.74e-4,7.01e-4,7.96e-4,6.43e-4,7.57e-4,5.98e-4,5.95e-4,6.08e-4,5.93e-4,6.83e-4,6.82e-4,6.72e-4,6.36e-4,6.65e-4,6.56e-4,6.06e-4,6.61e-4,6.7e-4,6.78e-4,7.11e-4,7.3799999999999e-4,0.0011,0.001048,0.001039,0.001005,9.88e-4,0.001191,0.00124399999999999,0.001091,0.00112799999999999,0.001185,0.001391,0.001119,0.001041,0.001191,0.001112,9.89e-4,0.001096,0.001099,0.001074,0.001105,0.001051,0.001035,0.001108,4.23e-4,4.37e-4,4.91e-4,5.36e-4,6.98e-4,4.57e-4,5.09e-4,3.5299999999999e-4,3.58e-4,3.77e-4,3.68e-4,4.74e-4,4.1799999999999e-4,3.93e-4,3.9e-4,4.7599999999999e-4,4.26e-4,5.23e-4,4.8499999999999e-4,4.82e-4,4.57e-4,5.52e-4,5.3e-4
SYN_288,mTBI-only,1,No PTSD,2,30,55,92,1,1,1,1,0,31,2,5,0,8,20,13,19,18,7,0.58804,0.615726,0.34797100000000003,0.388075,0.567565,0.603929,0.646772,0.638029,0.6425109999999999,0.664501,0.649253,0.503011,0.5195890000000001,0.579102,0.617897,0.495709,0.544706,0.570121,0.594298,0.570526,0.572919,0.486061,0.457937,6.28e-4,6.62e-4,7.5099999999999e-4,7.53e-4,7.49e-4,6.6e-4,6.42e-4,6.59e-4,6.96e-4,7.0599999999999e-4,7.22e-4,7.03e-4,7.03e-4,6.82e-4,6.47e-4,7.01e-4,6.88e-4,6.64e-4,5.7699999999999e-4,6.51e-4,6.75e-4,7.08e-4,7.39e-4,0.00121099999999999,0.00128,0.001099,9.9399999999999e-4,0.001361,0.001309,0.001255,0.001184,0.00126,0.001317,0.001397,0.001158,0.00114,0.001233,0.001239,0.001116,0.001115,0.001251,0.001062,0.001254,0.00109499999999999,0.00125199999999999,0.001208,3.92e-4,3.5299999999999e-4,6.7e-4,5.95e-4,4.54e-4,3.83e-4,3.28e-4,3.58e-4,3.6e-4,3.5499999999999e-4,3.84e-4,4.48e-4,4.44e-4,3.87e-4,3.67e-4,4.2199999999999e-4,3.83e-4,4e-4,4.17e-4,4.37e-4,4.1799999999999e-4,5.04e-4,4.9e-4
SYN_289,Controls,0,No PTSD,0,NA,17,25,0,0,0,0,0,22,1,5,16,0,5,5,5,5,5,0.633512,0.607957,0.418771,0.428656,0.5159100000000001,0.6045520000000001,0.651771,0.656602,0.599442,0.682371,0.682573,0.53242,0.5247850000000001,0.6488,0.669554,0.5071439999999999,0.489117,0.584253,0.6142449999999999,0.599076,0.5801609999999999,0.530819,0.493141,6.64e-4,6.4899999999999e-4,7.4699999999999e-4,7.48e-4,7.17e-4,6.9299999999999e-4,6.73e-4,6.65e-4,7.16e-4,7.0199999999999e-4,7.0599999999999e-4,6.88e-4,7.11e-4,6.38e-4,6.4e-4,7.04e-4,6.96e-4,6.64e-4,6.57e-4,6.78e-4,6.77e-4,7.54e-4,7.63e-4,0.001258,0.00127,0.001126,0.001114,0.001303,0.001358,0.001273,0.001307,0.001354,0.001382,0.00147,0.001189,0.001215,0.001255,0.001265,0.001145,0.001107,0.001286,0.001239,0.001241,0.001208,0.001247,0.00119,3.44e-4,3.75e-4,5.53e-4,5.36e-4,4.96e-4,4.01e-4,3.61e-4,3.5099999999999e-4,4.03e-4,3.37e-4,3.48e-4,4.37e-4,4.5099999999999e-4,3.49e-4,3.21e-4,4.42e-4,4.66e-4,4.07e-4,3.67e-4,3.68e-4,4.0599999999999e-4,4.7599999999999e-4,5.2e-4
SYN_290,Controls,0,No PTSD,0,NA,17,26,0,0,0,0,0,30,2,5,2,0,5,5,5,6,5,0.591753,0.58605,0.415835,0.398079,0.531067,0.573395,0.623684,0.636142,0.5911649999999999,0.67028,0.662726,0.497078,0.483197,0.6062890000000001,0.668299,0.386463,0.425812,0.575504,0.5609,0.58778299999999994,0.5134310000000001,0.457463,0.44551499999999994,6.53e-4,6.59e-4,7.5599999999999e-4,7.29e-4,8.3e-4,6.73e-4,6.56e-4,6.72e-4,7e-4,7.15e-4,6.95e-4,7.35e-4,7.2e-4,6.65e-4,6.51e-4,7.32e-4,7.05e-4,6.62e-4,6.61e-4,6.75e-4,6.94e-4,7.54e-4,7.44e-4,0.001218,0.00122599999999999,0.001139,0.00113599999999999,0.001411,0.001265,0.00129799999999999,0.001282,0.001286,0.001407,0.001422,0.001231,0.001186,0.001232,0.001265,0.001132,0.001088,0.00125,0.00117,0.001227,0.001215,0.001263,0.00116199999999999,3.77e-4,4.1e-4,5.73e-4,5.43e-4,5.17e-4,4.34e-4,3.99e-4,3.72e-4,4.63e-4,3.5e-4,3.5499999999999e-4,4.7999999999999e-4,5.11e-4,3.99e-4,3.39e-4,5.71e-4,5.32e-4,4.2699999999999e-4,4.04e-4,3.94e-4,4.6699999999999e-4,5.53e-4,5.0599999999999e-4
SYN_291,Controls,0,No PTSD,0,NA,18,38,0,0,0,0,0,42,1,5,0,0,10,8,5,9,7,0.59522,0.530246,0.436785,0.42938,0.477479,0.582909,0.6248640000000001,0.645625,0.655401,0.675963,0.6892520000000001,0.508683,0.535929,0.6361680000000001,0.6027020000000001,0.471081,0.476932,0.5717939999999999,0.5807,0.59687,0.558689,0.534496,0.47411,6.5199999999999e-4,6.7e-4,7.07e-4,6.87e-4,7.71e-4,6.99e-4,6.61e-4,6.38e-4,6.57e-4,6.97e-4,6.77e-4,7.34e-4,6.11e-4,6.64e-4,6.8899999999999e-4,6.9299999999999e-4,6.53e-4,6.46e-4,6.71e-4,6.85e-4,6.8899999999999e-4,7.3799999999999e-4,7.32e-4,0.001221,0.001075,0.001151,0.001105,0.00129799999999999,0.00129299999999999,0.001167,0.001286,0.001344,0.001414,0.001376,0.001243,0.001245,0.001235,0.00124,0.001104,0.001112,0.00123699999999999,0.001234,0.001247,0.001145,0.001206,0.001221,3.77e-4,4.42e-4,5.8e-4,5.2699999999999e-4,5.7e-4,4.3099999999999e-4,3.64e-4,3.56e-4,3.14e-4,3.63e-4,3.34e-4,4.39e-4,4.43e-4,3.74e-4,3.77e-4,4.83e-4,4.9e-4,4.2199999999999e-4,3.73e-4,3.9e-4,4.0599999999999e-4,4.44e-4,5.5499999999999e-4
SYN_292,Controls,0,No PTSD,2,NA,17,56,0,1,0,1,0,43,1,5,2,0,10,16,5,17,9,0.6524840000000001,0.6103850000000001,0.385107,0.380529,0.546038,0.601799,0.638451,0.644576,0.650814,0.676054,0.707426,0.518237,0.505337,0.637259,0.6214649999999999,0.475236,0.461967,0.578857,0.5222479999999999,0.5986520000000001,0.595565,0.539325,0.480637,6.47e-4,6.65e-4,7.41e-4,8.0299999999999e-4,7.68e-4,7.07e-4,6.96e-4,6.66e-4,6.78e-4,7.0999999999999e-4,6.83e-4,7.27e-4,6.75e-4,6.3899999999999e-4,6.29e-4,7.09e-4,7.17e-4,6.46e-4,7.0199999999999e-4,6.59e-4,6.73e-4,7.18e-4,7.69e-4,0.001105,0.001194,0.001163,0.001072,0.001351,0.00129299999999999,0.001265,0.001266,0.001306,0.001442,0.00141,0.00117699999999999,0.0012,0.001233,0.001148,0.001103,0.001114,0.001205,0.001156,0.001219,0.001196,0.001212,0.001235,3.3e-4,3.75e-4,5.72e-4,5.59e-4,4.7e-4,3.7e-4,3.5299999999999e-4,3.42e-4,3.64e-4,3.65e-4,3.16e-4,4.62e-4,4.58e-4,3.56e-4,3.5299999999999e-4,4.78e-4,4.73e-4,4.0599999999999e-4,4.2e-4,4.08e-4,3.95e-4,4.2699999999999e-4,5.73e-4
SYN_293,Controls,0,No PTSD,0,NA,18,31,0,0,0,0,0,43,1,5,5,0,7,6,5,10,5,0.650287,0.582494,0.405562,0.379971,0.479509,0.601799,0.6198600000000001,0.605797,0.6299319999999999,0.64551,0.636151,0.526478,0.512055,0.66232,0.654937,0.45373500000000005,0.413762,0.58216,0.560913,0.5789880000000001,0.55989,0.5136,0.507484,7.19e-4,6.6e-4,7.52e-4,7.34e-4,8.07e-4,7.4e-4,7.3799999999999e-4,6.85e-4,6.96e-4,6.97e-4,7.46e-4,7.35e-4,7.23e-4,6.7e-4,6.71e-4,7.23e-4,7e-4,6.87e-4,7.09e-4,7.33e-4,6.66e-4,7.73e-4,7.31e-4,0.001305,0.001243,0.001058,0.001099,0.001287,0.001259,0.001251,0.00126199999999999,0.001303,0.001388,0.00141999999999999,0.001217,0.001201,0.00133,0.001246,0.001142,0.001106,0.001205,0.00124399999999999,0.001255,0.001216,0.001241,0.001213,3.2e-4,3.84e-4,5.57e-4,6.18e-4,5.26e-4,3.57e-4,3.73e-4,4.1e-4,4.15e-4,3.77e-4,3.97e-4,4.62e-4,4.66e-4,3.25e-4,3.32e-4,5.13e-4,5.57e-4,3.98e-4,4.12e-4,4.0899999999999e-4,4.23e-4,5.18e-4,4.4699999999999e-4
SYN_294,Comorbid mTBI+PTSD,1,PTSD,0,41,50,29,0,0,0,0,0,29,1,5,9,13,5,6,5,10,5,0.652328,0.628923,0.475046,0.439321,0.482316,0.6136659999999999,0.6236970000000001,0.6346310000000001,0.609625,0.6647109999999999,0.6741560000000001,0.521044,0.535532,0.674496,0.709074,0.541168,0.489117,0.570121,0.544343,0.5995739999999999,0.589587,0.54061,0.486997,6.57e-4,6.2199999999999e-4,6.92e-4,7.09e-4,8.52e-4,7.17e-4,6.96e-4,7e-4,6e-4,7.05e-4,6.8899999999999e-4,7.12e-4,6.95e-4,6.59e-4,6.42e-4,6.73e-4,6.94e-4,6.69e-4,6.57e-4,6.44e-4,6.4e-4,6.92e-4,7.22e-4,0.001275,0.001231,0.001191,0.001089,0.00138,0.001306,0.001264,0.00126199999999999,0.001326,0.001388,0.0014,0.001222,0.00126,0.001295,0.00151,0.001115,0.001155,0.001204,0.00112,0.001271,0.001286,0.001209,0.001191,3.2e-4,3.5e-4,4.4699999999999e-4,5.09e-4,5.35e-4,4.03e-4,3.68e-4,3.6e-4,4.19e-4,3.86e-4,3.46e-4,4.46e-4,4.5999999999999e-4,3.27e-4,2.8e-4,4.2199999999999e-4,4.65e-4,3.85e-4,4.05e-4,3.77e-4,3.86e-4,4.48e-4,5.11e-4
SYN_295,PTSD-only,0,PTSD,2,NA,59,59,1,0,0,1,1,46,1,4,0,7,13,9,5,18,13,0.653864,0.609312,0.387332,0.4142479999999999,0.625975,0.6041890000000001,0.6798489999999999,0.685736,0.671713,0.686865,0.70228,0.566684,0.553733,0.627444,0.5969180000000001,0.450783,0.47580200000000006,0.592913,0.575397,0.587847,0.540886,0.5329550000000001,0.551666,6.18e-4,6.38e-4,6.3899999999999e-4,7.27e-4,6.1e-4,6.76e-4,6.4899999999999e-4,6.61e-4,6.63e-4,6.29e-4,6.91e-4,6.98e-4,6.8899999999999e-4,6.55e-4,6.25e-4,6.75e-4,6.18e-4,5.84e-4,6.45e-4,6.84e-4,6.71e-4,7.09e-4,6.6e-4,0.0012,0.001107,9.44e-4,9.67e-4,0.001058,0.001251,0.00115,0.001317,0.00131899999999999,0.001374,0.001483,0.001224,0.001099,0.00123699999999999,0.001246,0.001033,0.00106099999999999,0.001217,0.001116,0.00122,0.001176,0.001222,0.001052,3.36e-4,3.6899999999999e-4,5.5e-4,4.98e-4,3.31e-4,3.97e-4,3.27e-4,3.3e-4,3.5299999999999e-4,3.31e-4,3.28e-4,4.5e-4,4.16e-4,3.5499999999999e-4,4.14e-4,4.89e-4,4.52e-4,3.62e-4,4.0599999999999e-4,3.98e-4,4.3e-4,4.68e-4,4.28e-4
SYN_296,mTBI-only,1,No PTSD,0,0,19,26,0,0,0,0,0,19,2,5,0,0,6,5,5,5,5,0.591436,0.5537989999999999,0.390898,0.402541,0.493046,0.614618,0.617598,0.608574,0.583543,0.6577649999999999,0.667416,0.526478,0.5204850000000001,0.594599,0.572723,0.476624,0.445211,0.544934,0.489892,0.569267,0.5644279999999999,0.493809,0.449413,6.74e-4,6.53e-4,7.74e-4,7.44e-4,7.94e-4,7.03e-4,6.73e-4,6.68e-4,7.15e-4,7.12e-4,7.08e-4,6.9299999999999e-4,6.79e-4,6.67e-4,6.7999999999999e-4,6.92e-4,7.08e-4,7.12e-4,6.78e-4,6.88e-4,6.82e-4,7.74e-4,7.69e-4,0.001232,0.001197,0.001156,0.001184,0.001347,0.001309,0.001285,0.001326,0.00131899999999999,0.00143,0.001477,0.001219,0.001194,0.001232,0.001216,0.00118,0.001112,0.00124399999999999,0.001146,0.001261,0.001192,0.001232,0.001207,3.95e-4,4.04e-4,5.92e-4,5.6e-4,5.47e-4,3.94e-4,3.97e-4,4.27e-4,4e-4,3.77e-4,3.67e-4,4.3799999999999e-4,4.73e-4,4.14e-4,3.9e-4,4.79e-4,5.12e-4,4.2699999999999e-4,4.95e-4,4.33e-4,4.0599999999999e-4,5.2e-4,5.15e-4
SYN_297,Comorbid mTBI+PTSD,1,PTSD,2,44,73,104,1,1,1,1,1,58,1,4,0,16,20,20,22,18,15,0.64218,0.604008,0.366656,0.388075,0.576044,0.6041890000000001,0.648963,0.638029,0.625521,0.689758,0.717604,0.5662550000000001,0.548929,0.6414890000000001,0.673715,0.395648,0.424872,0.6090770000000001,0.575397,0.560283,0.555016,0.485246,0.457937,6.28e-4,6.2199999999999e-4,8.01e-4,7.26e-4,7.52e-4,6.86e-4,6.76e-4,6.53e-4,7e-4,6.78e-4,7.21e-4,6.54e-4,7.0999999999999e-4,6.28e-4,6.1e-4,6.98e-4,7.17e-4,6.54e-4,6.57e-4,6.8899999999999e-4,6.74e-4,7.5999999999999e-4,7.54e-4,0.001309,0.00122599999999999,0.001067,0.001104,0.001151,0.001218,0.001324,0.001292,0.001283,0.001374,0.001483,0.001241,0.001152,0.00123,0.001261,0.001044,0.001067,0.001175,0.001116,0.00115399999999999,0.001215,0.001222,0.001165,3.59e-4,3.85e-4,6.04e-4,5.57e-4,4.49e-4,4.0199999999999e-4,3.36e-4,3.49e-4,3.7999999999999e-4,3.21e-4,3.04e-4,4.28e-4,4.25e-4,3.17e-4,3.03e-4,5.75e-4,5.2699999999999e-4,3.61e-4,3.95e-4,4.37e-4,4.17e-4,5.04e-4,5.19e-4
SYN_298,Controls,0,No PTSD,0,NA,17,28,0,0,0,0,0,20,1,5,8,0,5,6,5,5,5,0.650287,0.646305,0.465297,0.419693,0.5753560000000001,0.63889,0.6623939999999999,0.673037,0.678513,0.6889850000000001,0.671402,0.581389,0.5756100000000001,0.665325,0.682082,0.561299,0.517249,0.611011,0.612287,0.566236,0.637897,0.548995,0.523674,6.59e-4,6.24e-4,6.69e-4,6.3899999999999e-4,7.03e-4,6.73e-4,6.53e-4,6.54e-4,6.58e-4,6.7e-4,6.73e-4,6.71e-4,6.67e-4,6.86e-4,6.29e-4,6.9299999999999e-4,6.63e-4,6.55e-4,6.34e-4,6.7e-4,6.18e-4,6.72e-4,7.28e-4,0.00123,0.001181,0.001163,0.001118,0.001355,0.00133,0.001323,0.001291,0.001387,0.001429,0.001312,0.001192,0.001185,0.00126199999999999,0.001185,0.001187,0.001124,0.001248,0.00125,0.001205,0.001223,0.00116199999999999,0.001218,3.41e-4,3.2e-4,4.7599999999999e-4,5.13e-4,4.39e-4,3.71e-4,3.35e-4,3.18e-4,3.05e-4,2.9e-4,3.42e-4,3.52e-4,4.13e-4,3.32e-4,3.09e-4,4.07e-4,4.55e-4,3.64e-4,3.72e-4,4.08e-4,3.59e-4,4.3799999999999e-4,4.78e-4
SYN_299,Controls,0,No PTSD,0,NA,19,25,0,0,0,0,0,24,1,5,8,2,5,5,5,5,5,0.6709689999999999,0.649048,0.4395,0.496381,0.533047,0.5999770000000001,0.6401020000000001,0.650654,0.62057,0.711453,0.6915720000000001,0.55962,0.583201,0.659616,0.655189,0.548164,0.5178149999999999,0.627463,0.5939369999999999,0.636786,0.626587,0.514889,0.561706,6.47e-4,6.06e-4,7.36e-4,6.3899999999999e-4,7.75e-4,6.92e-4,6.92e-4,6.55e-4,6.71e-4,6.79e-4,7.22e-4,7.21e-4,6.47e-4,6.47e-4,6.4899999999999e-4,6.95e-4,6.7999999999999e-4,6.32e-4,6.6e-4,6.61e-4,6.42e-4,7.46e-4,6.97e-4,0.00127799999999999,0.00125199999999999,0.001102,0.001207,0.001296,0.001338,0.001258,0.001338,0.001314,0.00138,0.001312,0.001207,0.001219,0.001301,0.00124,0.001114,0.001223,0.001256,0.001269,0.001188,0.001275,0.001264,0.001233,2.95e-4,3.3e-4,5.24e-4,4.36e-4,4.87e-4,4.08e-4,3.5099999999999e-4,3.61e-4,3.91e-4,3.12e-4,3.46e-4,4.45e-4,3.84e-4,3.38e-4,3.36e-4,4.12e-4,4.2699999999999e-4,3.49e-4,3.92e-4,3.59e-4,3.5099999999999e-4,4.95e-4,3.9e-4
